id,numero_controle_pncp,ano_compra,numero_compra,processo,cnpj_orgao,razao_social_orgao,esfera_id,poder_id,uf_sigla,municipio_nome,nome_unidade,modalidade_id,modalidade_nome,modo_disputa_nome,situacao_compra_nome,srp,objeto_compra,informacao_complementar,valor_total_estimado,valor_total_homologado,data_publicacao_pncp,data_abertura_proposta,data_encerramento_proposta,link_sistema_origem,link_processo_eletronico,matched_category,matched_subtema,matched_keywords,base_logistica,distancia_km,faixa_raio,selo_logistico,is_priority_geo,briefing_ia_path,pdf_paths,ano_mes_pub
1,46137410000180-1-000589/2025,2025,98365,768/2024,46137410000180,MUNICIPIO DE BAURU,M,N,SP,Bauru,PREFEITURA MUNICIPAL DE BAURU/SP,6,Pregão - Eletrônico,Aberto,Divulgada no PNCP,0,"Contratação de Empresa especializada em Prestação de Serviços de Assistência à Saúde aos servidores públicos municipais, ativos, inativos, pensionistas, comissionados, agentes políticos da Prefeitura Municipal de Bauru, bem como aos seus beneficiários dependentes e agregados, conforme legislação vigente, sob a modalidade preço pré estabelecido “per capita”, plano básico, por meio de Rede Própria e/ou Credenciada da CONTRATADA", Para as respostas de esclarecimentos e impugnações deste edital acesse o link: https://cnetmobile.estaleiro.serpro.gov.br/comprasnet-web/public/landing?destino=quadro-informativo&compra=98621905983652025,251150400.0,0.0,2025-08-08 07:24:20,2026-09-28T08:00:00,2026-10-14T09:30:00,https://cnetmobile.estaleiro.serpro.gov.br/comprasnet-web/public/landing?destino=acompanhamento-compra&compra=98621905983652025,,Tecnologia da Informação & Serviços Digitais,Cloud & Infraestrutura de TI,servidores,São Paulo/Campinas,250.0,Estado Alvo,[ESTADO ALVO: SP],0,pncp_intelligence/data/briefings_ia/briefing_46137410000180-1-000589_2025.txt,,2025-08
2,27792373000107-1-000006/2026,2026,002,1836/2025,27792373000107,MUNICIPIO DE ARRAIAL DO CABO,M,N,RJ,Arraial do Cabo,MUNICÍPIO DE ARRAIAL DO CABO/RJ,6,Pregão - Eletrônico,Aberto,Divulgada no PNCP,0,"[LICITANET] - Pregão Eletrônico para futura e eventual contratação de empresa habilitada em INSTITUIÇÃO FINANCEIRA,AUTORIZADA PELO BANCO CENTRAL, ATRAVÉS DE PREGÃO ELETRÔNICO, DO TIPO MAIOR LANCE GLOBAL PARA PRESTAÇÃO DE FORMA EXCLUSIVA, DOS SERVIÇOS REFERENTES Á CENTRALIZAÇÃO, AO PROCESSAMENTO E AO GERENCIAMENTO DOS CRÉDITOS PROVENIENTES DA FOLHA DE PAGAMENTO SALARIAL DOS SERVIDORES E FUNCIONÁRIOS ATIVOS, INATIVOS,PENSIONISTAS E OUTROS BENEFICIARIOS DA ADMINISTRAÇÃO DIRETA E INDIRETA (AUTARQUIAS), DO MUNICIPIO DE ARRAIAL DO CABO E DEMAIS SERVIÇOS BANCARIOS DE FORMA NÃO EXCLUSIVA PARA ATENDER AS DEMANDAS ORIUNDAS DA SECRETARIA MUNICIPAL DE ADMINISTRAÇÃO E AUTARQUIAS DE ARRAIAL DO CABO – RJ.",,9573001.9,0.0,2026-01-19 15:43:12,2026-10-02T12:04:57,2026-10-27T10:00:00,https://licitanet.com.br/sessao/169177,,Tecnologia da Informação & Serviços Digitais,Cloud & Infraestrutura de TI,servidores,Outro,999.0,Fora do Raio,[FORA DAS BASES],0,pncp_intelligence/data/briefings_ia/briefing_27792373000107-1-000006_2026.txt,,2026-01
3,88775390000112-1-000127/2026,2026,PCE 102,102/2026,88775390000112,MUNICIPIO DE CRUZ ALTA,M,N,RS,Cruz Alta,Unidades Administrativas Subordinadas,6,Pregão - Eletrônico,Aberto,Divulgada no PNCP,0,"Contratação de empresa especializada em desenvolvimento, implantação, locação, manutenção, suporte técnico, customização e evolução tecnológica de um Sistema de Gestão Educacional Integrado em ambiente 100% web, com armazenamento em Data Center da contratada, atendendo às necessidades da Secretaria Municipal de Educação.",,307319.04,0.0,2026-04-24 15:57:08,2026-09-23T00:00:00,2026-10-08T13:00:00,,,Tecnologia da Informação & Serviços Digitais,Cloud & Infraestrutura de TI,data center,Outro,999.0,Fora do Raio,[FORA DAS BASES],0,pncp_intelligence/data/briefings_ia/briefing_88775390000112-1-000127_2026.txt,,2026-04
4,77821841000194-1-000094/2026,2026,90013,0090885812023,77821841000194,PARANA TRIBUNAL DE JUSTICA,E,J,PR,Curitiba,EPR-TRIBUNAL DE JUSTIÇA ESTADO DO PARANÁ,6,Pregão - Eletrônico,Aberto,Divulgada no PNCP,0,"Solução de TI consistente em serviços gerenciados de Segurança da Informação e Cibernética (MSS), com prestação contínua e sob demanda, aplicados ao ambiente tecnológico do Tribunal de Justiça do Estado do Paraná, pelo período de 36 (trinta e seis) meses prorrogável até o limite legal, conforme critérios, especificações e necessidades descritos no termo de referência e Anexo II, partes integrantes deste edital convocatório.","Havendo contradições entre a descrição dos bens constantes neste edital e seus anexos e aquela proposta pelo código CATMAT/CATSER, deve prevalecer a descrição do edital e seus anexos. Para as respostas de esclarecimentos e impugnações deste edital acesse o link: https://cnetmobile.estaleiro.serpro.gov.br/comprasnet-web/public/landing?destino=quadro-informativo&compra=92641505900132026",29035777.53,0.0,2026-05-14 07:17:26,2026-10-02T08:00:00,2026-10-21T13:00:00,https://cnetmobile.estaleiro.serpro.gov.br/comprasnet-web/public/landing?destino=acompanhamento-compra&compra=92641505900132026,,Tecnologia da Informação & Serviços Digitais,Cibersegurança & Governança de Dados,seguranca da informacao,Joinville,130.0,100 a 200 km,[BASE: JOINVILLE | Curitiba/PR (130km)],1,pncp_intelligence/data/briefings_ia/briefing_77821841000194-1-000094_2026.txt,,2026-05
5,46374500000194-1-003751/2026,2026,90062,024.00057867/2025,46374500000194,SECRETARIA DE ESTADO DA SAUDE,E,E,SP,Ferraz de Vasconcelos,"ESP-HOSP.REG.DR.O.F.COELHO,EM F.DE VASCONCELO",6,Pregão - Eletrônico,Aberto,Divulgada no PNCP,0,Prestação de Serviços de Nutrição e Alimentação Hospitalar e Servidores, Para as respostas de esclarecimentos e impugnações deste edital acesse o link: https://cnetmobile.estaleiro.serpro.gov.br/comprasnet-web/public/landing?destino=quadro-informativo&compra=09016605900622026,20920619.32,0.0,2026-05-19 07:08:59,2026-09-22T08:00:00,2026-10-06T09:00:00,https://cnetmobile.estaleiro.serpro.gov.br/comprasnet-web/public/landing?destino=acompanhamento-compra&compra=09016605900622026,,Tecnologia da Informação & Serviços Digitais,Cloud & Infraestrutura de TI,servidores,São Paulo/Campinas,250.0,Estado Alvo,[ESTADO ALVO: SP],0,pncp_intelligence/data/briefings_ia/briefing_46374500000194-1-003751_2026.txt,,2026-05
6,76995422000106-1-000099/2026,2026,45,90.045,76995422000106,MUNICIPIO DE SAO JOAO,M,N,PR,São João,Secretaria de Adm. e Financas,6,Pregão - Eletrônico,Aberto-Fechado,Divulgada no PNCP,0,"Registro de Preços para futura e eventual contratação de empresa especializada na prestação de serviços de controle eletrônico de frequência e gestão de ponto, incluindo locação de relógios eletrônicos, software, implantação, instalação, integração, treinamento, manutenção, suporte técnico e demais serviços técnicos e demais serviços necessários ao funcionamento da solução.","A contratação será realizada por meio de Sistema de Registro de Preços, com critério de julgamento pelo menor preço global, visando atender às necessidades da Administração Municipal. A solução deverá contemplar equipamentos, software de gestão, implantação, integração, treinamento, manutenção preventiva e corretiva, suporte técnico e demais serviços necessários ao adequado funcionamento do controle eletrônico de frequência dos servidores. A execução ocorrerá de forma parcelada, conforme demanda da Administração, observadas as condições, especificações e quantitativos definidos no Termo de Referência e demais documentos que instruem o processo.",173452.0,0.0,2026-06-30 22:41:25,2026-09-29T08:00:00,2026-10-15T09:00:00,https://cnetmobile.estaleiro.serpro.gov.br/comprasnet-web/public/compras/acompanhamento-compra?compra=98787105000012026,https://saojoao.1doc.com.br/b.php?pg=o/central_servicos&tab=categoria,Tecnologia da Informação & Serviços Digitais,Cloud & Infraestrutura de TI,servidores,Joinville/Curitiba,250.0,Estado Alvo,[ESTADO ALVO: PR],0,pncp_intelligence/data/briefings_ia/briefing_76995422000106-1-000099_2026.txt,,2026-06
7,18591149000158-1-000073/2026,2026,28,75,18591149000158,MUNICIPIO DE COROMANDEL,M,N,MG,Coromandel,MEDIA E ALTA COMPLEXIDADE,6,Pregão - Eletrônico,Aberto,Divulgada no PNCP,0,"[Publicenter] - CONTRATAÇÃO DE EMPRESA ESPECIALIZADA NA PRESTAÇÃO DE SERVIÇOS DE LICENCIAMENTO DE DIREITO DE USO DE SOFTWARE INTEGRADO PARA GESTÃO DE SAÚDE PÚBLICA, PARA ATENDER AS DEMANDAS E NECESSIDADE DA SECRETÁRIA MUNICIPAL DE SAÚDE DO MUNICÍPIO DE COROMANDEL, INCLUINDO SERVIÇOS DE IMPLANTAÇÃO, CONVERSÃO, MIGRAÇÃO DE DADOS, SUPORTE TÉCNICO (HELP DESK) IN LOCO E REMOTO, TREINAMENTO DE USUÁRIOS, MANUTENÇÃO EVOLUTIVA, LEGAL, CORRETIVA E SOB DEMANDA E A DISPONIBILIZAÇÃO DE DATACENTER.                           ",,194100.0,0.0,2026-07-08 10:52:24,2026-10-07T07:59:00,2026-10-07T08:00:00,                                                                                                    ,,Tecnologia da Informação & Serviços Digitais,Cloud & Infraestrutura de TI,datacenter,Campinas/Sul de Minas,250.0,Estado Alvo,[ESTADO ALVO: MG],0,pncp_intelligence/data/briefings_ia/briefing_18591149000158-1-000073_2026.txt,,2026-07
8,02204196000161-1-000329/2026,2026,21,21,02204196000161,MUNICIPIO DE ITUMBIARA,M,N,GO,Itumbiara,PREFEITURA MUNICIPAL DE ITUMBIARA,6,Pregão - Eletrônico,Aberto,Divulgada no PNCP,0,"CONTRATAÇÃO DE EMPRESA ESPECIALIZADA EM TECNOLOGIA DA INFORMAÇÃO PARA PRESTAÇÃO DE SERVIÇOS DE LOCAÇÃO DE LICENÇA DE USO DE SISTEMA INFORMATIZADO DE GESTÃO PÚBLICA MUNICIPAL, DESENVOLVIDO DE FORMA INTEGRADA, SISTÊMICA E MODULAR, EM AMBIENTE 100% WEB, COM HOSPEDAGEM EM INTERNET DATA CENTER (IDC), INCLUINDO IMPLANTAÇÃO, MIGRAÇÃO E CONVERSÃO DE DADOS, SUPORTE TÉCNICO, MANUTENÇÃO CORRETIVA, EVOLUTIVA E LEGAL, ATUALIZAÇÕES AUTOMÁTICAS, TREINAMENTO DE USUÁRIOS E SERVIÇOS CORRELATOS.","contratação de empresa especializada em tecnologia da informação para prestação de serviços de locação de licença de uso de sistema informatizado de gestão pública municipal, desenvolvido de forma integrada, sistêmica e modular, em ambiente 100% web, com hospedagem em Internet Data Center (IDC), incluindo implantação, migração e conversão de dados, suporte técnico, manutenção corretiva, evolutiva e legal, atualizações automáticas, treinamento de usuários e serviços correlatos.",1028980.29,0.0,2026-07-15 11:05:40,2026-07-15T10:54:21,2026-10-13T07:30:00,https://go.centi.com.br/itumbiara/portalfornecedor,,Tecnologia da Informação & Serviços Digitais,Cloud & Infraestrutura de TI,data center,Goiânia,205.0,100 a 200 km,[BASE: GOIÂNIA | Itumbiara/GO (205km)],1,pncp_intelligence/data/briefings_ia/briefing_02204196000161-1-000329_2026.txt,,2026-07
9,28645794000160-1-000059/2026,2026,9,1753/2026,28645794000160,MUNICIPIO DE CANTAGALO,M,N,RJ,Cantagalo,PREFEITURA MUNICIPAL DE CANTAGALO - RJ,6,Pregão - Eletrônico,Aberto,Divulgada no PNCP,1,"Contratação de empresa especializada em elaboração e aplicação de concurso público, para provimento de cargos do quadro efetivo e formação de cadastro de reserva de vagas para servidores da Prefeitura Municipal de Cantagalo-RJ.",,256000.0,0.0,2026-07-16 15:19:36,2026-09-28T08:00:00,2026-10-14T13:00:00,https://cnetmobile.estaleiro.serpro.gov.br/comprasnet-web/public/compras/acompanhamento-compra?compra=98582105000092026,,Tecnologia da Informação & Serviços Digitais,Cloud & Infraestrutura de TI,servidores,Outro,999.0,Fora do Raio,[FORA DAS BASES],0,pncp_intelligence/data/briefings_ia/briefing_28645794000160-1-000059_2026.txt,,2026-07
10,15883796000145-1-000041/2026,2026,36,0010.028052/2025-98,15883796000145,DEPARTAMENTO ESTADUAL DE TRANSITO,E,E,RO,Porto Velho,ERO-DEPARTAMENTO ESTADUAL DE TRÃNSITO,6,Pregão - Eletrônico,Aberto,Divulgada no PNCP,0,"Contratação de serviços técnicos especializados de Tecnologia da Informação e Comunicação (TIC) de natureza continuada, compreendendo a disponibilização, implantação, sustentação e suporte técnico de sistemas informatizados de gestão (software) na modalidade SaaS (Software as a Service), cumulada com a locação de infraestrutura de hardware (Hardware as a Service) para atendimento digital, conforme especificações, quantitativos e Acordos de Nível de Serviço (SLA) estabelecidos no Termo de Referen",,44887381.2,0.0,2026-07-22 13:54:37,2026-09-18T08:00:00,2026-10-07T10:00:00,https://cnetmobile.estaleiro.serpro.gov.br/comprasnet-web/public/compras/acompanhamento-compra?compra=92600205000362026,https://sei.sistemas.ro.gov.br/sei/controlador.php?acao=procedimento_trabalhar&acao_origem=procedimento_controlar&acao_retorno=procedimento_controlar&id_procedimento=65596887&infra_sistema=100000100&infra_unidade_atual=110000631&infra_hash=f15941681e8780e75ecd98afe3593800a514de8a669b8467a1a78f4e42dd727e,Tecnologia da Informação & Serviços Digitais,Licenciamento de Software & SaaS,saas,Remoto,999.0,Fora do Raio,[VIABILIDADE: 100% REMOTO],0,pncp_intelligence/data/briefings_ia/briefing_15883796000145-1-000041_2026.txt,,2026-07
11,05959999000114-1-000097/2026,2026,155,0006005-47.2025.6.04.0000,05959999000114,TRIBUNAL REGIONAL ELEITORAL DO AMAZONAS,F,J,AM,Manaus,TRIBUNAL REGIONAL ELEITORAL DO AMAZONAS,6,Pregão - Eletrônico,Aberto-Fechado,Divulgada no PNCP,0,"Prestação de serviços técnicos especializados na área de Tecnologia da Informação, por meio da execução continuada de atividades de suporte e atendimento técnico, modelo SERVICE DESK",,2677859.12,0.0,2026-07-28 04:00:15,2026-09-24T08:00:00,2026-10-13T11:00:00,https://cnetmobile.estaleiro.serpro.gov.br/comprasnet-web/public/compras/acompanhamento-compra?compra=07000305001552026,https://sei.tre-am.jus.br/sei/controlador.php?acao=procedimento_trabalhar&acao_origem=procedimento_controlar&acao_retorno=procedimento_controlar&id_procedimento=522071&infra_sistema=100000100&infra_unidade_atual=326&infra_hash=05f886d5c2d20e6cf2b081391c73091dcb0a27ea860337c69de7b9622cfa4b2b,Tecnologia da Informação & Serviços Digitais,Service Desk & Suporte Técnico,service desk,Outro,999.0,Fora do Raio,[FORA DAS BASES],0,pncp_intelligence/data/briefings_ia/briefing_05959999000114-1-000097_2026.txt,,2026-07
12,08182313000110-1-000070/2026,2026,20,71,08182313000110,MUNICIPIO DE LAGOA NOVA,M,N,RN,Lagoa Nova,SECRETARIA MUNICIPAL DE ADMINISTRAÇÃO E RECURSOS HUMANOS,6,Pregão - Eletrônico,Aberto,Divulgada no PNCP,1,"[Portal de Compras Públicas] - Contratação de plataforma de monitoramento, incluindo, manutenção preventiva e corretiva, gravação, armazenamento, gerenciamento, combinada à câmeras em sistema de Videomonitoramento 100% em nuvem com acessos via ambiente Cloud Computing, e acesso web e via aplicativos para sistemas IOS e ANDROID.",,785014.45,0.0,2026-08-04 10:12:53,2026-10-01T11:00:00,2026-10-19T06:00:00,https://www.portaldecompraspublicas.com.br/processos/RN/Prefeitura-Municipal-de-Lagoa-Nova-695/RPE-20-2026-2026-500753,,Tecnologia da Informação & Serviços Digitais,Cloud & Infraestrutura de TI,cloud computing,Natal,250.0,Estado Alvo,[VIABILIDADE: 100% REMOTO] [ESTADO ALVO: RN],0,pncp_intelligence/data/briefings_ia/briefing_08182313000110-1-000070_2026.txt,,2026-08
13,02070548000133-1-000043/2026,2026,(1270) | 36-P,2080/2026,02070548000133,MUNICIPIO DE GUARAI,M,N,TO,Guaraí,PREFEITURA MUNICIPAL DE GUARAÍ,6,Pregão - Eletrônico,Aberto-Fechado,Divulgada no PNCP,0,"CONTRATAÇÃO DE INSTITUIÇÃO FINANCEIRA, AUTORIZADA PELO BANCO CENTRAL DO BRASIL, PARA PRESTAÇÃO DOS SERVIÇOS DE PAGAMENTO DA FOLHA SALARIAL EM SUA TOTALIDADE E OUTRAS INDENIZAÇÕES AOS SERVIDORES E MEMBROS ATIVOS DA PREFEITURA MUNICIPAL DE GUARAÍ/TO, BEM COMO AO PROGRAMA DE BOLSA DE ESTAGIÁRIOS, E GERENCIAMENTO DA EMISSÃO DE BOLETOS EMITIDOS PELO FISCO MUNICIPAL",,1100000.0,0.0,2026-08-06 08:14:34,2026-09-11T08:00:00,2026-10-06T08:00:00,,,Tecnologia da Informação & Serviços Digitais,Cloud & Infraestrutura de TI,servidores,Outro,999.0,Fora do Raio,[FORA DAS BASES],0,pncp_intelligence/data/briefings_ia/briefing_02070548000133-1-000043_2026.txt,,2026-08
14,37753638000103-1-000078/2026,2026,34,TLB-PRO-2025/05460,37753638000103,MINISTERIO DAS COMUNICACOES,F,E,DF,Brasília,TELECOMUNICAÇÕES BRASILEIRAS S.A.,6,Pregão - Eletrônico,Aberto-Fechado,Divulgada no PNCP,0,"Contratação de empresa para prestação de serviços técnicos para elaboração de projeto de instalação, fornecimento e instalação de sistema de ar condicionado VRF/ VRV para o Datacenter da TELEBRAS, conforme especificações e quantidades constantes do Termo de Referência e seus Anexos. O valor da proposta cadastrado no sistema deverá ser global para o lote de itens e contemplar os 24 meses contratuais.",As especificações do objeto detalhadas no Termo de Referência e seus Anexos prevalecem sobre aquelas cadastradas de forma genérica no sistema CATMAT/CATSER. A proposta comercial deve seguir o modelo de proposta constante no Anexo B do Edital.,0.0,0.0,2026-08-07 16:39:53,2026-09-17T08:00:00,2026-10-09T10:00:00,https://cnetmobile.estaleiro.serpro.gov.br/comprasnet-web/public/compras/acompanhamento-compra?compra=92515005000342026,,Tecnologia da Informação & Serviços Digitais,Cloud & Infraestrutura de TI,datacenter,Brasília,0.0,0 km (Base Central),[BASE DIRETA: BRASÍLIA/DF],1,pncp_intelligence/data/briefings_ia/briefing_37753638000103-1-000078_2026.txt,,2026-08
15,83708248000139-1-000049/2026,2026,4,928/2026,83708248000139,CAMARA MUNICIPAL DE SAO JOSE,M,L,SC,São José,CAMARA MUNICIPAL DE SÃO JOSE - SC,6,Pregão - Eletrônico,Aberto,Revogada,0,"contratação de plano de assistência à saúde destinado aos servidores públicos ativos e inativos, pensionistas, vereadores e respectivos dependentes vinculados à Câmara Municipal de São José/SC, compreendendo cobertura ambulatorial e hospitalar com obstetrícia, consultas médicas, serviços auxiliares de diagnóstico e terapia, internações hospitalares clínicas, cirúrgicas e psiquiátricas, por meio de rede própria, credenciada, contratada ou referenciada pela operadora","Em caso de discordância existente entre as especificações dos itens descritas no Compras.gov.br e as especificações constantes deste Edital, prevalecerão as últimas, em especial as contidas no Termo de Referência.",0.0,0.0,2026-08-10 15:39:23,2026-09-28T08:00:00,2026-10-16T14:30:00,https://cnetmobile.estaleiro.serpro.gov.br/comprasnet-web/public/compras/acompanhamento-compra?compra=92801105000042026,https://camarasaojose.atende.net/transparencia/item/licitacoes-gerais#conteudo,Tecnologia da Informação & Serviços Digitais,Cloud & Infraestrutura de TI,servidores,Joinville,175.0,100 a 200 km,[BASE: JOINVILLE | São José/SC (175km)],1,pncp_intelligence/data/briefings_ia/briefing_83708248000139-1-000049_2026.txt,,2026-08
16,29507878000108-1-000017/2026,2026,55,19957000057202685,29507878000108,COMISSAO DE VALORES MOBILIARIOS,F,E,RJ,Rio de Janeiro,MF-CVM-COMISSAO DE VALORES MOBILIARIOS/RJ,6,Pregão - Eletrônico,Aberto,Divulgada no PNCP,0,"Contratação de solução de tecnologia da informação e comunicação de serviço de garantia estendida, oficial do fabricante, para os equipamentos de infraestrutura de TI da CVM, especificamente sete servidores de rede Lenovo ThinkSystem SR630 e dois servidores de rede Lenovo ThinkSystem SR650.",,121963.0,0.0,2026-08-11 04:00:01,2026-09-24T09:00:00,2026-10-08T10:00:00,https://cnetmobile.estaleiro.serpro.gov.br/comprasnet-web/public/compras/acompanhamento-compra?compra=17303005000552026,https://sei.cvm.gov.br/sei/controlador.php?acao=procedimento_trabalhar&acao_origem=rel_bloco_protocolo_listar&acao_retorno=rel_bloco_protocolo_listar&id_procedimento=2703091&id_bloco=21760&infra_sistema=100000100&infra_unidade_atual=110000946&infra_hash=13ffd84912c597278bd327c98afba4ed5f2049d646d8257dda302efa9c435c7a,Tecnologia da Informação & Serviços Digitais,Cloud & Infraestrutura de TI,infraestrutura de ti,Outro,999.0,Fora do Raio,[FORA DAS BASES],0,pncp_intelligence/data/briefings_ia/briefing_29507878000108-1-000017_2026.txt,,2026-08
17,09795881000159-1-000003/2026,2026,1,200267397-45/2025,09795881000159,CONSELHO REGIONAL DE ENGENHARIA E AGRONOMIA,F,E,PE,Recife,CONSELHO REG.DE ENG.E AGRON.DE PERNAMBUCO,6,Pregão - Eletrônico,Aberto,Suspensa,0,"Aquisição de servidores, switch e storage para infraestrutura de rede.",,688898.8,0.0,2026-08-11 10:58:42,2026-09-24T08:00:00,2026-10-07T10:00:00,https://cnetmobile.estaleiro.serpro.gov.br/comprasnet-web/public/compras/acompanhamento-compra?compra=38909705000012026,,Tecnologia da Informação & Serviços Digitais,Cloud & Infraestrutura de TI,"storage, servidores",Recife,0.0,0 km (Base Central),[BASE DIRETA: RECIFE/PE],1,pncp_intelligence/data/briefings_ia/briefing_09795881000159-1-000003_2026.txt,,2026-08
18,58197948000169-1-000025/2026,2026,014,27.448/2026-65,58197948000169,CAIXA DE ASSISTENCIA  AO SERVIDOR PUBLICO MUNICIPAL DE SANTOS - CAPEP-SAUDE,M,E,SP,Santos,CAIXA DE ASSISTENCIA AO SER. PUB. MUN. SANTOS,6,Pregão - Eletrônico,Aberto,Divulgada no PNCP,0,"CONTRATAÇÃO DE INSTITUIÇÃO FINANCEIRA, PÚBLICA OU PRIVADA, PARA A PRESTAÇÃO DE SERVIÇOS BANCÁRIOS, compreendendo o processamento e crédito em conta da Folha de pagamento da Caixa de Assistência ao Servidor Público Municipal de Santos – CAPEP-SAÚDE, abrangendo servidores ativos do quadro efetivo, de livre provimento, celetistas e estagiários, conforme condições, exigências e descrição constante no Anexo I - Termo de Referência deste Edital",,91000.0,0.0,2026-08-11 14:44:29,2026-08-11T16:00:00,2026-10-23T09:00:00,https://bllcompras.com/Process/ProcessView?param1=[gkz]fhRsn7OfmQgoAo1r2GJ74dzKiMQwVgxkNWd4xemzD52MnF_egb5E6ZPXFWqXJ0ODySRjSmf9/IcIBqC7Cv2zi4a9FEs7lerxHba1TXrCCBQ=,,Tecnologia da Informação & Serviços Digitais,Cloud & Infraestrutura de TI,servidores,São Paulo,75.0,50 a 100 km,[BASE: SÃO PAULO | Santos/SP (75km)],1,pncp_intelligence/data/briefings_ia/briefing_58197948000169-1-000025_2026.txt,,2026-08
19,45358249000101-1-000854/2026,2026,55,699/2026,45358249000101,MUNICIPIO DE SAO CARLOS,M,N,SP,São Carlos,PREFEITURA MUNICIPAL DE SÃO CARLOS,6,Pregão - Eletrônico,Aberto,Divulgada no PNCP,1,"Registro de preços para eventual e futura aquisição de equipamentos de informática, especificamente microcomputadores (Kits Montado) e monitores de vídeo, visando atender às necessidades de modernização tecnológica, reposição de maquinário obsoleto e expansão das atividades das diversas Secretarias da Prefeitura Municipal de São Carlos - SP.","O atual parque tecnológico da Prefeitura de São Carlos possui uma parcela significativa de equipamentos obsoletos, com vários anos de uso. Esse envelhecimento natural do hardware resulta em lentidão na execução das rotinas administrativas, incompatibilidade com sistemas modernos de gestão pública (como processos eletrônicos e ERPs em nuvem), além de gerar altos e constantes custos com manutenção corretiva. A falta de equipamentos adequados também impõe riscos de segurança da informação, devido à incompatibilidade com as versões mais recentes de sistemas operacionais e protocolos de criptografia. Como solução, faz-se necessária a aquisição de novos computadores e monitores de vídeo, com configurações atualizadas e padronizadas, por meio do Sistema de Registro de Preços (SRP). Este modelo permitirá à Administração Pública modernizar as estações de trabalho dos servidores de forma gradual e planejada. O benefício direto dessa contratação será o aumento expressivo na produtividade dos servidores, garantindo um atendimento mais ágil e eficiente à população de São Carlos. Além disso, a padronização e a atualização do parque computacional reduzirão drasticamente as falhas técnicas, o tempo de inatividade (downtime) e os custos operacionais da TI, entregando melhor valor e economicidade aos cofres públicos. Foram levantadas as demandas necessárias junto às secretarias municipais que estabeleceram com base em suas necessidades o quantitativo necessário para a reposição e substituição de  equipamentos, conforme documentos, bem como, visando a previsibilidade com quebras, necessidades eventuais de reposições de equipamento com a criação de novos postos de trabalho, inaugurações de equipamentos públicos e novas contratações de servidores, houve a inclusão de 15 a 20% sobre a demandas estabelecidas.",7202124.95,0.0,2026-08-13 10:56:55,2026-09-24T17:00:00,2026-10-08T09:30:00,,,Tecnologia da Informação & Serviços Digitais,Cibersegurança & Governança de Dados,seguranca da informacao,Campinas,140.0,100 a 200 km,[BASE: CAMPINAS | São Carlos/SP (140km)],1,pncp_intelligence/data/briefings_ia/briefing_45358249000101-1-000854_2026.txt,,2026-08
20,18140806000140-1-000023/2026,2026,16,92,18140806000140,MUNICIPIO DE TAPIRA,M,N,MG,Tapira,MUNICÍPIO DE TAPIRA/MG,6,Pregão - Eletrônico,Aberto,Divulgada no PNCP,0,"[LICITANET] - Contratação  empresa especializada para prestação de serviços de licença de uso e locação de softwares e aplicativos para gestão pública, operados em ambiente de computação em nuvem com provimento de data center, compreendendo implantação com migração e conversão de dados pré-existentes, parametrização dos módulos, treinamento dos usuários, suporte técnico remoto e presencial, visitas in loco, manutenção com atualizações legais, corretivas, evolutivas e adaptativas, garantindo o atendimento integral aos requisitos do SIAFIC e demais normativos aplicáveis, visando à automação, integração, segurança da informação e eficiência na execução das atividades administrativas da Prefeitura Municipal e da Câmara Municipal de Tapira/MG. 

",,1021437.16,0.0,2026-08-13 18:48:53,2026-09-21T16:59:54,2026-10-06T09:00:00,https://licitanet.com.br/sessao/197726,,Tecnologia da Informação & Serviços Digitais,Cloud & Infraestrutura de TI,"computacao em nuvem, data center, seguranca da informacao",Campinas/Sul de Minas,250.0,Estado Alvo,[VIABILIDADE: 100% REMOTO] [ESTADO ALVO: MG],0,pncp_intelligence/data/briefings_ia/briefing_18140806000140-1-000023_2026.txt,,2026-08
21,10572022000180-1-000524/2026,2026,21,0350.2026.AC 96.PE.0213.SAD,10572022000180,SECRETARIA DE ADMINISTRACAO,E,E,PE,Recife,EPE-SECRETARIA DE ADMINISTRAÇÃO DO GOVERNO,6,Pregão - Eletrônico,Aberto-Fechado,Divulgada no PNCP,0,"Contratação de empresa operadora de planos privados de assistência à saúde, devidamente registrada e autorizada pela Agência Nacional de Saúde Suplementar – ANS, para prestação de serviços de assistência à saúde aos servidores do DETRAN/PE e seus dependentes, conforme as condições, especificações, quantidades e exigências estabelecidas no Estudo Técnico Preliminar e neste Termo de Referência.",,212517460.8,0.0,2026-08-14 16:51:34,2026-10-01T08:00:00,2026-10-19T09:00:00,https://cnetmobile.estaleiro.serpro.gov.br/comprasnet-web/public/compras/acompanhamento-compra?compra=92615005000212026,https://sei.pe.gov.br/sei/controlador.php?acao=procedimento_trabalhar&acao_origem=procedimento_controlar&acao_retorno=procedimento_controlar&id_procedimento=58583311&infra_sistema=100000100&infra_unidade_atual=110018210&infra_hash=2b6ace39f8a2cefbedca8e9221c3eb4a9f6fba6374d0459f72bb1c272ebce621,Tecnologia da Informação & Serviços Digitais,Cloud & Infraestrutura de TI,servidores,Recife,0.0,0 km (Base Central),[BASE DIRETA: RECIFE/PE],1,pncp_intelligence/data/briefings_ia/briefing_10572022000180-1-000524_2026.txt,,2026-08
22,20750865000182-1-000023/2026,2026,05,23,20750865000182,CAMARA MUNICIPAL DE SAO GOTARDO,M,L,MG,São Gotardo,CÂMARA MUNICIPAL DE SÃO GOTARDO/MG,6,Pregão - Eletrônico,Aberto,Divulgada no PNCP,0,"[LICITANET] - Contratação de empresa especializada para prestação de serviços continuados de assistência médico-hospitalar e ambulatorial, por meio de plano de saúde privado de assistência à saúde, destinado aos vereadores, servidores efetivos e comissionados e seus respectivos representantes legais, conforme critérios definidos pela lei municipal 2.950 de 26 de março de 2026.",,22844.15,0.0,2026-08-17 16:02:26,2026-09-24T15:29:33,2026-10-09T14:00:00,https://licitanet.com.br/sessao/198077,,Tecnologia da Informação & Serviços Digitais,Cloud & Infraestrutura de TI,servidores,Campinas/Sul de Minas,250.0,Estado Alvo,[ESTADO ALVO: MG],0,pncp_intelligence/data/briefings_ia/briefing_20750865000182-1-000023_2026.txt,,2026-08
23,88892393000136-1-000022/2026,2026,3,26/9120-0001136-6,88892393000136,INSTITUTO DE PREVIDENCIA E ASSISTENCIA MUNICIPAL,M,E,RS,Caxias do Sul,MRS-INSTITUTO DE PREVID E ASSISIST. MUNICIPAL,6,Pregão - Eletrônico,Aberto,Revogada,0,"Prestação de serviços de informática, fornecimento de licença de uso SaaS, instalação, migração de dados, treinamento, suporte técnico, gerenciamento e manutenção de banco de dados e aplicação, backups e customização do sistema integrado de gestão de plano de saúde, conforme legislação vigente, prestação dos serviços de hospedagem do sistema em nuvem, com garantia de acesso aos usuários autorizados e manutenções, e central de regulação remota especializada na prestação de BPO","Objeto completo: Prestação de serviços de informática, fornecimento de licença de uso SaaS (software como serviço), instalação, migração de dados, treinamento, suporte técnico, gerenciamento e manutenção de banco de dados e aplicação, backups e customização do sistema integrado de gestão de plano de saúde do IPAM Saúde, conforme legislação vigente, além da prestação dos serviços de hospedagem do sistema em nuvem, com garantia de acesso aos usuários autorizados pelo IPAM Caxias do Sul e suas manutenções do sistema de gestão do plano de saúde do IPAM e central de regulação remota especializada na prestação de BPO (Business Process Outsourcing) em regulação médica prévia.",0.0,0.0,2026-08-19 11:57:26,2026-09-24T14:00:00,2026-10-09T09:00:00,https://cnetmobile.estaleiro.serpro.gov.br/comprasnet-web/public/compras/acompanhamento-compra?compra=92903505000032026,https://secweb.procergs.com.br/pra-aj4/mod-processo/processoAdministrativo-form.xhtml?id=6545581,Tecnologia da Informação & Serviços Digitais,Licenciamento de Software & SaaS,"software como serviço, saas",Remoto,999.0,Fora do Raio,[VIABILIDADE: 100% REMOTO],0,pncp_intelligence/data/briefings_ia/briefing_88892393000136-1-000022_2026.txt,,2026-08
24,88000906000157-1-000306/2026,2026,67,11588/2026,88000906000157,MUNICIPIO DE ALVORADA,M,N,RS,Alvorada,"Departamento Geral de Compras, Licitações e Contratos",6,Pregão - Eletrônico,Aberto-Fechado,Divulgada no PNCP,0,"[Portal de Compras Públicas] - Contratação de empresa especializada para fornecer e implantar sistema de gestão do Cadastro Técnico Territorial Multifinalitário em Alvorada-RS, incluindo licenciamento de software SaaS, levantamento aerofotogramétrico digital, incluindo modelagem, parametrização, configuração, integração de sistemas, capacitação de servidores e prestação de serviços sob demanda.",,8968183.33,0.0,2026-08-19 14:51:02,2026-09-21T10:10:00,2026-10-06T08:59:00,https://www.portaldecompraspublicas.com.br/processos/RS/Prefeitura-Municipal-de-Alvorada-59/PE-67-2026-2026-505171,,Tecnologia da Informação & Serviços Digitais,Licenciamento de Software & SaaS,"licenciamento de software, saas, capacitacao de servidores",Remoto,999.0,Fora do Raio,[VIABILIDADE: 100% REMOTO],0,pncp_intelligence/data/briefings_ia/briefing_88000906000157-1-000306_2026.txt,,2026-08
25,15126437000305-1-003291/2026,2026,22,23759.005228/2026-76,15126437000305,EMPRESA BRASILEIRA DE SERVICOS HOSPITALARES - EBSERH,N,N,PR,Curitiba,COMPLEXO HOSPITALAR UNIVERSITÁRIO DA UFPR,6,Pregão - Eletrônico,Aberto,Divulgada no PNCP,0,"Contratação de solução para garantir a continuidade operacional da infraestrutura de rede SAN do CHC-UFPR/HU Brasil, substituição tecnológica dos equipamentos existentes, a fim de atender a necessidade da infraestrutura de TI do CHC-UFPR/HU Brasil.",,0.0,0.0,2026-08-20 04:00:12,2026-09-17T08:00:00,2026-10-09T09:00:00,https://cnetmobile.estaleiro.serpro.gov.br/comprasnet-web/public/compras/acompanhamento-compra?compra=15590205000222026,https://sei.ebserh.gov.br/sei/modulos/ebserh/tlc/md_ebserh_tlc_processo_exibir.php?hash=OTY3ZDY1OWZkMmRlMzU0MThiZjBjNTMwYTg3YzI1MWRjYTc2ZjAzM2MzSnpQWHg4ZVUxeVRubE5Za2g0T0dNOWZId3pNemN6T0h4OA==,Tecnologia da Informação & Serviços Digitais,Cloud & Infraestrutura de TI,infraestrutura de ti,Joinville,130.0,100 a 200 km,[BASE: JOINVILLE | Curitiba/PR (130km)],1,pncp_intelligence/data/briefings_ia/briefing_15126437000305-1-003291_2026.txt,,2026-08
26,05089495000190-1-000014/2026,2026,1,2026/2650481,05089495000190,INSTITUTO DE TERRAS DO PARA,E,E,PA,Belém,EPA-INSTITUTO DE TERRAS DO PARÁ,6,Pregão - Eletrônico,Aberto-Fechado,Divulgada no PNCP,0,"Contratação de empresa especializada na prestação de serviço de outsourcing de Data Center, englobando o fornecimento, a instalação, a configuração, a operação e a manutenção de infraestrutura de Tecnologia da Informação e Comunicação – TIC, na modalidade de serviço gerenciado, destinado a suportar os sistemas e dados institucionais do Instituto de Terras do Pará – ITERPA","Havendo discordância entre as especificações deste objeto descritas no COMPRASNET-CATMAT e as especificações constantes do ANEXO I – Termo de Referência e seus adendos, prevalecerão as últimas.",5051441.0,0.0,2026-08-21 10:23:59,2026-10-01T08:00:00,2026-10-19T09:00:00,https://cnetmobile.estaleiro.serpro.gov.br/comprasnet-web/public/compras/acompanhamento-compra?compra=92530105000012026,https://portal.iterpa.pa.gov.br/editais-e-licitacoes/,Tecnologia da Informação & Serviços Digitais,Cloud & Infraestrutura de TI,data center,Outro,999.0,Fora do Raio,[FORA DAS BASES],0,pncp_intelligence/data/briefings_ia/briefing_05089495000190-1-000014_2026.txt,,2026-08
27,24417065000103-1-000059/2026,2026,67,0067.2026.DEMLPA.PE.0030.MPPE,24417065000103,PROCURADORIA GERAL DA JUSTICA,E,E,PE,Recife,DEPTO MIN DE INFRAESTRUTURA DE TIC,6,Pregão - Eletrônico,Aberto,Divulgada no PNCP,0,"Contratação de empresa especializada para prestação de SERVIÇOS DE MANUTENÇÃO EM MICRO DATACENTER MODULAR, conforme especificações previstas no Termo de Referência (Anexo I)",,1538158.78,0.0,2026-08-24 07:43:11,2026-08-24T08:00:00,2026-10-15T09:00:00,www.peintegrado.pe.gov.br/Portal/Pages/LicitacoesEmAndamento.aspx?ncdmodulo=18&sdsprocesso=0067.2026.DEMLPA.PE.0030.MPPE&nCdProcesso=31802&nCdSituacao=2,,Tecnologia da Informação & Serviços Digitais,Cloud & Infraestrutura de TI,datacenter,Recife,0.0,0 km (Base Central),[BASE DIRETA: RECIFE/PE],1,pncp_intelligence/data/briefings_ia/briefing_24417065000103-1-000059_2026.txt,,2026-08
28,10572022000180-1-000551/2026,2026,139,0665.2026.AC- 46.PE.0416.SAD.,10572022000180,SECRETARIA DE ADMINISTRACAO,E,E,PE,Recife,EPE-SECRETARIA DE ADMINISTRAÇÃO DO GOVERNO,6,Pregão - Eletrônico,Aberto,Divulgada no PNCP,1,"Formação de Registro de Preços para o fornecimento eventual de Dispositivos Médicos do tipo Equipamentos Médico Hospitalares, visando atender as necessidades do Hospital dos Servidores do Estado de Pernambuco (HSE-PE)",,501657.27,0.0,2026-08-25 10:14:21,2026-10-01T10:00:00,2026-10-14T10:00:00,https://cnetmobile.estaleiro.serpro.gov.br/comprasnet-web/public/compras/acompanhamento-compra?compra=92615005001392026,https://sei.pe.gov.br/sei/modulos/pesquisa/md_pesq_processo_pesquisar.php?acao_externa=protocolo_pesquisar&acao_origem_externa=protocolo_pesquisar&id_orgao_acesso_externo=0,Tecnologia da Informação & Serviços Digitais,Cloud & Infraestrutura de TI,servidores,Recife,0.0,0 km (Base Central),[BASE DIRETA: RECIFE/PE],1,pncp_intelligence/data/briefings_ia/briefing_10572022000180-1-000551_2026.txt,,2026-08
29,76245059000101-1-000176/2026,2026,74,207/2026,76245059000101,MUNICIPIO DE PRIMEIRO DE MAIO,M,N,PR,Primeiro de Maio,PREFEITURA MUNICIPAL DE PRIMEIRO DE MAIO - PR,6,Pregão - Eletrônico,Aberto-Fechado,Divulgada no PNCP,0,"Prestação de serviços de gestão, emissão e fornecimento de vale-alimentação (em cartão magnético/eletrônico) para atender aos servidores públicos estatutários, conforme condições, quantidades e exigências estabelecidas neste Edital e seus anexos.",,100.0,0.0,2026-08-25 16:06:04,2026-09-28T09:00:00,2026-10-15T09:00:00,https://cnetmobile.estaleiro.serpro.gov.br/comprasnet-web/public/compras/acompanhamento-compra?compra=98778905000742026,https://primeirodemaio.eloweb.net/portaltransparencia/1/licitacoes/detalhes?entidade=1&exercicio=2026&tipoLicitacao=6&licitacao=67,Tecnologia da Informação & Serviços Digitais,Cloud & Infraestrutura de TI,servidores,Joinville/Curitiba,250.0,Estado Alvo,[ESTADO ALVO: PR],0,pncp_intelligence/data/briefings_ia/briefing_76245059000101-1-000176_2026.txt,,2026-08
30,76973692000116-1-000068/2026,2026,31,85/2026,76973692000116,MUNICIPIO DE QUERENCIA DO NORTE,M,N,PR,Querência do Norte,Prefeitura Municipal de Querência do Norte - PR,6,Pregão - Eletrônico,Aberto,Divulgada no PNCP,0,"CONTRATAÇÃO DE EMPRESA ESPECIALIZADA PARA LICENCIAMENTO DE USO DE SISTEMA INTEGRADO DE GESTÃO PÚBLICA MUNICIPAL, EM PLATAFORMA TOTALMENTE WEB, DESTINADO AO ATENDIMENTO DAS NECESSIDADES DO MUNICÍPIO DE QUERÊNCIA DO NORTE/PR, ABRANGENDO A PREFEITURA MUNICIPAL, A CÂMARA MUNICIPAL E O INSTITUTO DE PREVIDÊNCIA DOS SERVIDORES MUNICIPAIS.","LICITAÇÃO COMPARTILHADA: ORGÃO GERENCIADOR:  PREFEITURA MUNICIPAL, ORGÃOS PARTICIPANTES: CÂMARA MUNICIPAL E  INSTITUTO DE PREVIDÊNCIA DOS SERVIDORES MUNICIPAIS.",926837.0,0.0,2026-08-25 16:46:56,2026-09-30T08:00:00,2026-10-16T08:30:00,,,Tecnologia da Informação & Serviços Digitais,Cloud & Infraestrutura de TI,servidores,Joinville/Curitiba,250.0,Estado Alvo,[ESTADO ALVO: PR],0,pncp_intelligence/data/briefings_ia/briefing_76973692000116-1-000068_2026.txt,,2026-08
31,00509018000113-1-001895/2026,2026,44,0008190-11.2025.6.15.8000,00509018000113,TRIBUNAL SUPERIOR ELEITORAL,F,J,PB,João Pessoa,TRE-TRIBUNAL REGIONAL ELEITORAL DA PARAIBA/PB,6,Pregão - Eletrônico,Aberto,Divulgada no PNCP,1,"Aquisição e subscrição de softwares especializados para datacenter, com suporte do fabricante e acesso à atualizações de novas versões, durante a vigência dos contratos - SRP.",,662658.26,0.0,2026-08-26 04:00:11,2026-08-26T08:00:00,2026-10-14T09:00:00,https://cnetmobile.estaleiro.serpro.gov.br/comprasnet-web/public/compras/acompanhamento-compra?compra=07000905000442026,https://www.tre-pb.jus.br/institucional/sei-usuarios-externos,Tecnologia da Informação & Serviços Digitais,Cloud & Infraestrutura de TI,datacenter,Recife,120.0,100 a 200 km,[BASE: RECIFE | João Pessoa/PB (120km)],1,pncp_intelligence/data/briefings_ia/briefing_00509018000113-1-001895_2026.txt,,2026-08
32,04696490000163-1-000110/2026,2026,196,0001.000377/2026-04,04696490000163,SUP. EST. DE LICITACAO,E,E,RO,Porto Velho,SUPERINTEND.ESTAD.DE COMPRAS E LICITAÇÕES-RO,6,Pregão - Eletrônico,Aberto,Divulgada no PNCP,0,"Contratação de empresa especializada para a prestação de serviços de internet dedicada, incluindo instalação, fornecimento de infraestrutura de rede, suporte técnico, segurança da informação (firewall por appliance), conectividade por VPN e monitoramento, para atendimento das necessidades dos 14 (quatorze) postos de fiscalização da Agência de Regulação de Serviços Públicos Delegados do Estado de Rondônia - AGERO.","Maiores informações e esclarecimentos sobre o certame serão prestados nas dependências da Superintendência Estadual Licitações, sito a Av. Farquar, 2986, Bairro: Pedrinhas, Complexo Rio Madeira, Ed. Pacaás Novos, 2º Andar, em Porto Velho/RO - CEP: 76.801-470.",57456.0,0.0,2026-08-26 12:34:24,2026-09-24T14:36:00,2026-10-09T10:30:00,https://cnetmobile.estaleiro.serpro.gov.br/comprasnet-web/public/compras/acompanhamento-compra?compra=92537305001962026,https://sei.ro.gov.br/,Tecnologia da Informação & Serviços Digitais,Cibersegurança & Governança de Dados,"seguranca da informacao, firewall",Outro,999.0,Fora do Raio,[FORA DAS BASES],0,pncp_intelligence/data/briefings_ia/briefing_04696490000163-1-000110_2026.txt,,2026-08
33,95583597000150-1-000104/2026,2026,41,106-2026,95583597000150,MUNICIPIO DE SAO PEDRO DO IGUACU,M,N,PR,São Pedro do Iguaçu,MUNICIPIO DE SAO PEDRO DO IGUAÇU - PR,6,Pregão - Eletrônico,Aberto,Divulgada no PNCP,0,"CONTRATAÇÃO DE EMPRESA ESPECIALIZADA NA PRESTAÇÃO DE SERVIÇOS TÉCNICOS DE SAÚDE E SEGURANÇA DO TRABALHO (SST), COMPREENDENDO A ELABORAÇÃO, IMPLANTAÇÃO, ATUALIZAÇÃO E ACOMPANHAMENTO DOS PROGRAMAS, LAUDOS E DOCUMENTOS LEGAIS OBRIGATÓRIOS, BEM COMO O ATENDIMENTO ÀS EXIGÊNCIAS DO ESOCIAL, DESTINADOS AOS SERVIDORES PÚBLICOS DO MUNICÍPIO DE SÃO PEDRO DO IGUAÇU/PR.",,74172.5,0.0,2026-08-27 17:38:24,2026-08-28T08:00:00,2026-10-21T09:00:00,https://bllcompras.com/Process/ProcessView?param1=[gkz]N8E_tmipapmO8bYDWTaShwLwA4tUe_mnVA6RA_u8Ch8qGpzX9xUCEuVOy_tSxF8i977aXF3lcpKFSnzQ2kcDOn6Kx45wzNfT_zxWGi4bJcc=,,Tecnologia da Informação & Serviços Digitais,Cloud & Infraestrutura de TI,servidores,Joinville/Curitiba,250.0,Estado Alvo,[ESTADO ALVO: PR],0,pncp_intelligence/data/briefings_ia/briefing_95583597000150-1-000104_2026.txt,,2026-08
34,18309724000187-1-000123/2026,2026,24,85/2026,18309724000187,MUNICIPIO DE ITAUNA,M,N,MG,Itaúna,Unidade Única,6,Pregão - Eletrônico,Aberto-Fechado,Divulgada no PNCP,0,CONTRATAÇÃO DE  EMPRESA ESPECIALIZADA NA PRESTAÇÃO DE SERVIÇOS DE ASSISTÊNCIA MÉDICA HOSPITALAR PARA OS SERVIDORES DO MUNICÍPIO DE ITAÚNA E SEUS DEPENDENTES.,,23080932.12,0.0,2026-08-28 14:59:06,2026-08-28T15:00:00,2026-10-14T08:30:00,https://app2.licitardigital.com.br/pesquisa/111984,,Tecnologia da Informação & Serviços Digitais,Cloud & Infraestrutura de TI,servidores,Campinas/Sul de Minas,250.0,Estado Alvo,[ESTADO ALVO: MG],0,pncp_intelligence/data/briefings_ia/briefing_18309724000187-1-000123_2026.txt,,2026-08
35,13891528000140-1-000112/2026,2026,025,370/2026,13891528000140,MUNICIPIO DE LAPAO,M,N,BA,Lapão,MUNICIPIO DE LAPAO,6,Pregão - Eletrônico,Aberto,Divulgada no PNCP,0,"Contratação de empresa especializada para locação de sistema web de contabilidade, Sistema Transparência LC 131/09, Sistema de Folha de Pagamento Web, Sistema de Contracheque online (Portal do Servidor), patrimônio, assim como também, executar os serviços de implantação do sistema, migração e conversão da base de dados e treinamento e capacitação do pessoal, para atender as necessidades da Secretaria Municipal de Finanças do Município de Lapão/BA.",,407846.16,0.0,2026-08-28 15:09:27,2026-08-28T16:00:00,2026-10-06T08:00:00,https://bnccompras.com/Process/ProcessView?param1=[gkz]tBRGXW7iHQcNNeB9WB9m7R3YT_j4tll7xQhVZz4XNzkrWXei98UoxeuNU5gymy0sD4lREEEEpu1oBFTqtifRNLyBPrzeqqnchcPwJzbIpu0=,,"Consultoria, Treinamento & Governança",Capacitação & Educação Corporativa,treinamento e capacitacao,Outro,999.0,Fora do Raio,[FORA DAS BASES],0,pncp_intelligence/data/briefings_ia/briefing_13891528000140-1-000112_2026.txt,,2026-08
36,46523015000135-1-000367/2026,2026,00226,00226,46523015000135,MUNICIPIO DE BARUERI,M,N,SP,Barueri,SECRETARIA DE SUPRIMENTOS,6,Pregão - Eletrônico,Aberto,Divulgada no PNCP,0,"CONTRATAÇÃO DE EMPRESA PARA PRESTAÇÃO DE SERVIÇO TÉCNICO ESPECIALIZADO PARA REALIZAÇÃO DE DIAGNÓSTICO INSTITUCIONAL DA REDE MUNICIPAL DE ENSINO, COM ANÁLISE ADMINISTRATIVA, PEDAGÓGICA, ORGANIZACIONAL E OPERACIONAL, MAPEAMENTO DE PROCESSOS, IDENTIFICAÇÃO DE FRAGILIDADES E RISCOS, ELABORAÇÃO DE RELATÓRIOS TÉCNICOS, PROPOSIÇÃO DE PLANO DE AÇÃO E REALIZAÇÃO DE OFICINAS FORMATIVAS, ADMITIDA A UTILIZAÇÃO DE INSTRUMENTOS DIGITAIS ACESSÓRIOS DO GOOGLE FOR EDUCATION, INTERNOS E ESSENCIAIS À EXECUÇÃO DOS SERVIÇOS DE CONSULTORIA.",,2312225.0,0.0,2026-08-28 16:00:14,2026-09-29T11:40:00,2026-10-14T08:59:00,https://compras.barueri.sp.gov.br/Default.aspx,,"Consultoria, Treinamento & Serviços Especializados",Consultoria & Assessoria Técnica,mapeamento de processos,São Paulo,26.0,Até 50 km,[BASE: SÃO PAULO | Barueri/SP (26km)],1,pncp_intelligence/data/briefings_ia/briefing_46523015000135-1-000367_2026.txt,,2026-08
37,23664303000104-1-000041/2026,2026,9,0092026,23664303000104,DME DISTRIBUICAO S.A. - DMED,N,N,MG,Poços de Caldas,DME DISTRIBUIÇÃO S/A POÇOS DE CALDAS - MG,6,Pregão - Eletrônico,Aberto-Fechado,Divulgada no PNCP,0,"LICENÇAS PERPÉTUAS DO ORACLE DATABASE STANDARD EDITION 2 (19C), modalidade processor, com atualização e suporte oficial, para atendimento ao ambiente de produção do ERP corporativo, conforme especificações, quantidades e condições estabelecidas no ANEXO IV, e demais anexos do Edital.",Descrição a ser considerada é a do Anexo IV - Especificações Técnicas do Edital e não a do COMPRASNET.,0.0,0.0,2026-08-28 17:28:00,2026-09-23T09:00:00,2026-10-20T09:00:00,https://cnetmobile.estaleiro.serpro.gov.br/comprasnet-web/public/compras/acompanhamento-compra?compra=92668105000092026,,Tecnologia da Informação & Serviços Digitais,Licenciamento de Software & SaaS,erp corporativo,Campinas,150.0,100 a 200 km,[BASE: CAMPINAS | Poços de Caldas/MG (150km)],1,pncp_intelligence/data/briefings_ia/briefing_23664303000104-1-000041_2026.txt,,2026-08
38,15180714000104-1-000188/2026,2026,317,23066.088541/2025-59,15180714000104,UNIVERSIDADE FEDERAL DA BAHIA,F,E,BA,Salvador,UNIVERSIDADE FEDERAL DA BAHIA-UF/BA,6,Pregão - Eletrônico,Aberto-Fechado,Divulgada no PNCP,0,"Concessão onerosa de uso de espaços destinados à exploração dos serviços de cantina nas Unidades Universitárias da UFBA, visando atender aos estudantes, servidores e visitantes.",,264.44,0.0,2026-08-31 04:00:14,2026-10-02T08:00:00,2026-10-19T09:00:00,https://cnetmobile.estaleiro.serpro.gov.br/comprasnet-web/public/compras/acompanhamento-compra?compra=15303805003172026,https://sipac.ufba.br/public/jsp/processos/processo_detalhado.jsf?id=1397818,Tecnologia da Informação & Serviços Digitais,Cloud & Infraestrutura de TI,servidores,Outro,999.0,Fora do Raio,[FORA DAS BASES],0,pncp_intelligence/data/briefings_ia/briefing_15180714000104-1-000188_2026.txt,,2026-08
39,89768535000110-1-000035/2026,2026,0005,16423,89768535000110,CANOAS CAMARA DE VEREADORES,M,L,RS,Canoas,CÂMARA MUNICIPAL DE CANOAS,6,Pregão - Eletrônico,Aberto,Divulgada no PNCP,0,"Contratação de empresa especializada para prestação contínua de serviço de acesso dedicado à internet, com link simétrico de no mínimo 5 Gbps, e solução integrada de segurança de rede e firewall gerenciado, incluindo instalação, configuração, suporte técnico, monitoramento e garantia de níveis de serviço (SLA), fornecidos pela mesma contratada, conforme especificações definidas no Termo de Referência.",,133164.0,0.0,2026-09-02 00:10:42,2026-09-28T12:00:00,2026-10-13T12:30:00,https://pregaobanrisul.com.br/editais/0005_2026/356099,,Tecnologia da Informação & Serviços Digitais,Cibersegurança & Governança de Dados,firewall,Outro,999.0,Fora do Raio,[FORA DAS BASES],0,pncp_intelligence/data/briefings_ia/briefing_89768535000110-1-000035_2026.txt,,2026-09
40,56024573000100-1-000011/2026,2026,7,2026/000925,56024573000100,SERVICO DE ASSISTENCIA A SAUDE DOS MUNICIPIARIOS DE RIBEIRAO PRETO ( SASSOM ),M,E,SP,Ribeirão Preto,SERVICO DE ASSIST. SAUDE DE RIBEIRÃO PRETO-SP,6,Pregão - Eletrônico,Aberto,Divulgada no PNCP,0,CONTRATAÇÃO DE EMPRESA ESPECIALIZADA PARA PRESTAÇÃO DE SERVIÇOS DE SUPORTE TÉCNICO,"Contratação de serviços continuados de
suporte técnico especializado, manutenção
preventiva e corretiva, com fornecimento de
peças, para servidores, storages e
equipamentos de rede do SASSOM.
A especificação técnica detalhada encontra-se nos
subitens 3.1 e 3.2 deste Termo de Referência.
Havendo divergência prevalecerá o descrito no Termo de Referencia",66247.05,0.0,2026-09-02 10:58:07,2026-10-01T08:00:00,2026-10-16T10:00:00,https://cnetmobile.estaleiro.serpro.gov.br/comprasnet-web/public/compras/acompanhamento-compra?compra=93004705000072026,https://processodigital.ribeiraopreto.sp.gov.br/atendimento/processo/48706735-565c-4136-8cc4-15ee048d24a2,Tecnologia da Informação & Serviços Digitais,Cloud & Infraestrutura de TI,servidores,São Paulo/Campinas,250.0,Estado Alvo,[ESTADO ALVO: SP],0,pncp_intelligence/data/briefings_ia/briefing_56024573000100-1-000011_2026.txt,,2026-09
41,00394494000136-1-000989/2026,2026,79,08006.000081/2026-47,00394494000136,MINISTERIO DA JUSTICA E SEGURANCA PUBLICA,F,E,DF,Brasília,MJ-CGS-COORDENACAO GERAL DE LOGISTICA/DF,6,Pregão - Eletrônico,Aberto,Divulgada no PNCP,0,"Aquisição de solução integrada de infraestrutura de processamento, armazenamento, conectividade e serviços especializados para modernização do ambiente de nuvem privada do Ministério da Justiça e Segurança Pública, composta por ambiente Microsoft Azure Local implantado no Data Center Principal, infraestrutura computacional para as unidades remotas do Sistema Penitenciário Federal, equipamentos de rede, serviços de instalação, configuração, operação assistida, suporte técnico, garantia e serviços profissionais especializados, conforme condições e exigências estabelecidas no Edital e seus anexos.","Contato: (61) 2025-7632. O Edital poderá ser retirado gratuitamente pelos sites https://www.gov.br/compras/pt-br e https://www.gov.br/mj/pt-br ou solicitado por meio do endereço eletrônico licitacao@mj.gov.br
",19707041.45,0.0,2026-09-03 04:00:02,2026-09-30T08:00:00,2026-10-15T10:00:00,https://cnetmobile.estaleiro.serpro.gov.br/comprasnet-web/public/compras/acompanhamento-compra?compra=20000505000792026,https://www.gov.br/mj/pt-br/acesso-a-informacao/licitacoes-e-contratosv1/se/licitacoes/uasg-200005/pregoes/pregoes-2026,Tecnologia da Informação & Serviços Digitais,Cloud & Infraestrutura de TI,"data center, azure",Brasília,0.0,0 km (Base Central),[BASE DIRETA: BRASÍLIA/DF],1,pncp_intelligence/data/briefings_ia/briefing_00394494000136-1-000989_2026.txt,,2026-09
42,42498600000171-1-003750/2026,2026,PE0269/26,SEI-260007/002387/2026,42498600000171,ESTADO DO RIO DE JANEIRO,E,N,RJ,Rio de Janeiro,HOSPITAL UNIVERSITARIO PEDRO ERNESTO,6,Pregão - Eletrônico,Aberto,Divulgada no PNCP,0,"Contratação de empresa especializada, mediante a renovação com upgrade do fornecimento da solução Kaspersky Endpoint Security for Business para Kaspersky NEXT EDR Optimum para o Hospital Universitário Pedro Ernesto.",https://www.compras.rj.gov.br/EditaisLicitacoes/detalhar.action?idLic=37365,615948.25,0.0,2026-09-03 10:56:15,2026-09-29T09:40:00,2026-10-08T09:59:00,https://www.compras.rj.gov.br/EditaisLicitacoes/detalhar.action?idLic=37365,,Tecnologia da Informação & Serviços Digitais,Cibersegurança & Governança de Dados,edr,Outro,999.0,Fora do Raio,[FORA DAS BASES],0,pncp_intelligence/data/briefings_ia/briefing_42498600000171-1-003750_2026.txt,,2026-09
43,82940776000156-1-000721/2026,2026,PCE 27,490/2026,82940776000156,MUNICIPIO DE CAIBI,M,N,SC,Caibi,Dpto de Administração,6,Pregão - Eletrônico,Aberto,Divulgada no PNCP,0,"CONTRATAÇÃO DE INSTITUIÇÃO BANCÁRIA PÚBLICA OU PRIVADA, OU COOPERATIVA DE CRÉDITO, AUTORIZADA PELO BANCO CENTRAL DO BRASIL, PARA CENTRALIZAR E PROCESSAR, PELO PERÍODO DE 120 (CENTO E VINTE) MESES, OS CRÉDITOS DA FOLHA DE PAGAMENTO DOS SERVIDORES PÚBLICOS ATIVOS, INATIVOS E PENSIONISTAS DO MUNICÍPIO DE CAIBI",,519622.33,0.0,2026-09-03 11:16:53,2026-10-01T08:00:00,2026-10-23T08:00:00,,,Tecnologia da Informação & Serviços Digitais,Cloud & Infraestrutura de TI,servidores,Joinville,250.0,Estado Alvo,[ESTADO ALVO: SC],0,pncp_intelligence/data/briefings_ia/briefing_82940776000156-1-000721_2026.txt,,2026-09
44,82940776000156-1-000724/2026,2026,27,491 / 2026 - 2200,82940776000156,MUNICIPIO DE CAIBI,M,N,SC,Caibi,MUNICIPIO DE CAIBI,6,Pregão - Eletrônico,Aberto,Divulgada no PNCP,0,"[Portal de Compras Públicas] - CONTRATAÇÃO DE INSTITUIÇÃO BANCÁRIA PÚBLICA OU PRIVADA, OU COOPERATIVA DE CRÉDITO, AUTORIZADA PELO BANCO CENTRAL DO BRASIL, PARA CENTRALIZAR E PROCESSAR, PELO PERÍODO DE 120 (CENTO E VINTE) MESES, OS CRÉDITOS DA FOLHA DE PAGAMENTO DOS SERVIDORES PÚBLICOS ATIVOS, INATIVOS E PENSIONISTAS DO MUNICÍPIO DE CAIBI",,519622.33,0.0,2026-09-03 11:38:49,2026-10-01T08:00:00,2026-10-23T08:00:00,https://www.portaldecompraspublicas.com.br/processos/SC/Prefeitura-Municipal-de-Caibi-1671/PMP-27-2026-2026-509011,,Tecnologia da Informação & Serviços Digitais,Cloud & Infraestrutura de TI,servidores,Joinville,250.0,Estado Alvo,[ESTADO ALVO: SC],0,pncp_intelligence/data/briefings_ia/briefing_82940776000156-1-000724_2026.txt,,2026-09
45,21154554000113-1-000394/2026,2026,514,1031018 000514/2026,21154554000113,TRIBUNAL DE JUSTICA DO ESTADO DE MINAS GERAIS,E,J,MG,Belo Horizonte,GECOMP,6,Pregão - Eletrônico,Aberto-Fechado,Divulgada no PNCP,0,"Contratação de empresa especializada para a prestação de serviços contínuos de Controle Integrado de Pragas, compreendendo Consultoria Técnica e Controle Químico, com o emprego de mão de obra.",,1450819.72,0.0,2026-09-03 12:03:06,2026-09-29T13:09:12,2026-10-14T14:00:13,https://www1.compras.mg.gov.br/n/procedimentolei14133/consulta/eletronico/visualizar/2026/514/1031018,,"Consultoria, Treinamento & Governança",Consultoria & Assessoria Técnica,consultoria tecnica,Campinas/Sul de Minas,250.0,Estado Alvo,[ESTADO ALVO: MG],0,pncp_intelligence/data/briefings_ia/briefing_21154554000113-1-000394_2026.txt,,2026-09
46,80637457000140-1-000094/2026,2026,PCE 18,80/2026,80637457000140,MUNICIPIO DE JARDINOPOLIS,M,N,SC,Jardinópolis,Departamento de Administração,6,Pregão - Eletrônico,Aberto,Divulgada no PNCP,1,"REGISTRO DE PREÇOS PARA FUTURA E EVENTUAL CONTRATAÇÃO DE EMPRESA ESPECIALIZADA PARA PRESTAÇÃO INTEGRADA DE SERVIÇOS EM MEDICINA E SEGURANÇA DO TRABALHO, ABRANGENDO EXAMES OCUPACIONAIS E COMPLEMENTARES, AVALIAÇÕES CLÍNICAS E PSICOSSOCIAIS, AVALIAÇÃO DE ATESTADOS, ASSESSORIA TÉCNICA, AFERIÇÕES QUANTITATIVAS, ELABORAÇÃO, ATUALIZAÇÃO E GESTÃO DE LAUDOS, PROGRAMAS E DOCUMENTOS DE SST, DESTINADOS AO ATENDIMENTO DAS DEMANDAS DO MUNICÍPIO DE JARDINÓPOLIS-SC
",,202530.74,0.0,2026-09-04 11:01:19,2026-09-28T00:00:01,2026-10-19T07:59:00,,,"Consultoria, Treinamento & Serviços Especializados",Consultoria & Assessoria Técnica,assessoria técnica,Joinville,250.0,Estado Alvo,[ESTADO ALVO: SC],0,pncp_intelligence/data/briefings_ia/briefing_80637457000140-1-000094_2026.txt,,2026-09
47,42498600000171-1-003780/2026,2026,PE 004/26,SEI-220002/000664/2026,42498600000171,ESTADO DO RIO DE JANEIRO,E,N,RJ,Rio de Janeiro,Agência de Fomento do ERJ SA,6,Pregão - Eletrônico,Aberto,Divulgada no PNCP,0,"Contratação de empresa(s) especializada(s), dividida em 02 (dois) Lotes 
distintos, para atender às necessidades da Agência de Fomento do Estado do Rio de Janeiro S.A. – AgeRio, conforme abaixo: 
LOTE 1: Serviços técnicos de sustentação, desenvolvimento de demandas evolutivas, consultoria técnica no ambiente SAP e atualização de versão e migração da infraestrutura dos ambientes SAP. 
LOTE 2: Reativação e serviços de suporte e manutenção das licenças SAP (Enterprise Support).",Esta Unidade é uma Entidade Estatal e está sujeita à Lei nº 13.303/2016,0.0,0.0,2026-09-04 15:52:45,2026-09-11T08:00:00,2026-10-07T14:00:00,https://www.compras.rj.gov.br/EditaisLicitacoes/detalhar.action?idLic=37368,,"Consultoria, Treinamento & Governança",Consultoria & Assessoria Técnica,consultoria tecnica,Outro,999.0,Fora do Raio,[FORA DAS BASES],0,pncp_intelligence/data/briefings_ia/briefing_42498600000171-1-003780_2026.txt,,2026-09
48,00394452000103-1-019410/2026,2026,144,64584.010180/2026-44,00394452000103,COMANDO DO EXERCITO,F,E,SP,São Paulo,HOSPITAL MILITAR DE ÁREA DE SÃO PAULO,6,Pregão - Eletrônico,Aberto,Divulgada no PNCP,1,Aquisição de Medicamentos Oncológicos para o Hospital Militar de Área de São Paulo.,"Para os medicamentos constantes no rol de abrangência da Resolução CTE-CMED nº 1, de 25 de maio de 2026, o preço ofertado não poderá ultrapassar o Preço Máximo de Venda ao Governo (PMVG) resultante da aplicação do CAP de 19,79%, ainda que este limite seja inferior ao preço estimado na pesquisa de mercado. Caso a melhor proposta apresentada na sessão pública supere o referido teto legal, o Pregoeiro buscará a negociação do valor junto ao licitante para adequá-lo ao limite permitido, sob pena de desclassificação caso a negociação reste frustrada.",70060141.3,0.0,2026-09-08 04:00:14,2026-09-29T09:00:00,2026-10-09T09:00:00,https://cnetmobile.estaleiro.serpro.gov.br/comprasnet-web/public/compras/acompanhamento-compra?compra=16049505001442026,https://licitacoeseb.2rm.eb.mil.br/home,"Consultoria, Treinamento & Serviços Especializados","Pesquisas, Avaliações & Estudos Técnicos",pesquisa de mercado,São Paulo,0.0,0 km (Base Central),[BASE DIRETA: SÃO PAULO/SP],1,pncp_intelligence/data/briefings_ia/briefing_00394452000103-1-019410_2026.txt,,2026-09
49,11412389000107-1-000008/2026,2026,06,11,11412389000107,FUNDO MUNICIPAL DE SAUDE DE TOMAR DO GERU,M,E,SE,Tomar do Geru,FUNDO MUNICIPAL DE SAUDE DE TOMAR DO GERU,6,Pregão - Eletrônico,Aberto,Divulgada no PNCP,0,"Contratação de empresa especializada para o fornecimento de solução integrada de Business Intelligence (BI) aplicada à gestão da saúde, contemplando painel gerencial de indicadores, suporte técnico, manutenção, hospedagem dos ambientes do e-SUS e BI em nuvem, atendimento presencial e remoto aos usuários e disponibilização de e tablets, notbooks e impressoras, necessários à execução dos serviços em regime de comodato, para atender as necessidades do Fundo Municipal de Saúde de Tomar do Geru/SE.",,467664.67,0.0,2026-09-08 11:42:14,2026-10-05T09:00:00,2026-10-21T09:00:00,,,Tecnologia da Informação & Serviços Digitais,"Dados, IA & Business Intelligence",business intelligence,Remoto,999.0,Fora do Raio,[VIABILIDADE: 100% REMOTO],0,pncp_intelligence/data/briefings_ia/briefing_11412389000107-1-000008_2026.txt,,2026-09
50,33654831000136-1-000023/2026,2026,122,01300.007162/2025-13,33654831000136,CONSELHO NACIONAL DE DESENVOLVIMENTO CIENTIFICO E TECNOLOGICO-CNPQ,F,E,DF,Brasília,CNPQ - ADMINISTRACAO CENTRAL,6,Pregão - Eletrônico,Aberto-Fechado,Divulgada no PNCP,0,"Contratação de solução de TIC composta pela renovação das subscrições, atualização das assinaturas de segurança e garantia do fabricante da solução  Check Point, composta por 2 (dois) Appliances de Firewall Quantum Force 9700, 2 (dois) Appliances Maestro Orchestrator MHO-140  e Plataforma de Gerenciamento Centralizado, bem como pela prestação de serviços de suporte técnico especializado em regime 24x7 (vinte e quatro horas por dia, sete dias por semana), com atendimento remoto e presencial quando necessário, conforme condições e exigências estabelecidas no Termo de Referência.",,4969282.74,0.0,2026-09-08 15:33:59,2026-09-29T08:00:00,2026-10-14T10:00:00,https://cnetmobile.estaleiro.serpro.gov.br/comprasnet-web/public/compras/acompanhamento-compra?compra=36410205001222026,https://sei.cnpq.br/sei,Tecnologia da Informação & Serviços Digitais,Cibersegurança & Governança de Dados,firewall,Brasília,0.0,0 km (Base Central),[BASE DIRETA: BRASÍLIA/DF],1,pncp_intelligence/data/briefings_ia/briefing_33654831000136-1-000023_2026.txt,,2026-09
51,02056778000148-1-000050/2026,2026,15,15,02056778000148,MUNICIPIO DE SAO SIMAO,M,N,GO,São Simão,SECRETARIA MUNICIPAL DE ADMINISTRAÇÃO,6,Pregão - Eletrônico,Aberto,Divulgada no PNCP,0,"CONTRATAÇÃO DE INSTITUIÇÃO FINANCEIRA AUTORIZADA PELO BANCO CENTRAL DO BRASIL, PARA PRESTAÇÃO DE SERVIÇOS DE PAGAMENTO DA FOLHA SALARIAL E OUTRAS INDENIZAÇÕES A SERVIDORES ATIVOS, INATIVOS E PENSIONISTAS, AGENTES POLÍTICOS, TEMPORÁRIOS E OCUPANTES DE CARGOS COMISSIONADOS QUE RECEBEM PROVENTOS PELO MUNICÍPIO DE SÃO SIMÃO, ABRANGENDO OS ADMITIDOS DURANTE A VIGÊNCIA E EXECUÇÃO DO CONTRATO, SEM ÔNUS PARA A CONTRATANTE PELO PRAZO DE 05 (CINCO) ANOS","contratação de Instituição Financeira autorizada pelo Banco Central do Brasil, para prestação de serviços de pagamento da folha salarial e outras indenizações a servidores ativos, inativos e pensionistas, agentes políticos, temporários e ocupantes de cargos comissionados que recebem proventos pelo Município de São Simão, abrangendo os admitidos durante a vigência e execução do contrato, sem ônus para a contratante pelo prazo de 05 (cinco) anos",2353289.67,0.0,2026-09-09 09:12:18,2026-09-09T10:10:32,2026-10-19T08:59:59,,,Tecnologia da Informação & Serviços Digitais,Cloud & Infraestrutura de TI,servidores,Goiânia,250.0,Estado Alvo,[ESTADO ALVO: GO],0,pncp_intelligence/data/briefings_ia/briefing_02056778000148-1-000050_2026.txt,,2026-09
52,00394452000103-1-019599/2026,2026,103,64218.006417/2026-61,00394452000103,COMANDO DO EXERCITO,F,E,DF,Brasília,SECRETARIA DE ECONOMIA E FINANCAS-MEX/DF,6,Pregão - Eletrônico,Aberto,Divulgada no PNCP,0,"O objeto da presente licitação é a contratação de solução de tecnologia da informação e comunicação de empresa especializada em Tecnologia da Informação dedicada à manutenção e sustentação de sistemas inerentes ao pagamento, em favor do Centro e Pagamento do Exército, conforme condições, quantidades e exigências estabelecidas neste Edital e seus anexos.",,155299.91,0.0,2026-09-10 04:00:24,2026-09-22T09:00:00,2026-10-07T09:00:00,https://cnetmobile.estaleiro.serpro.gov.br/comprasnet-web/public/compras/acompanhamento-compra?compra=16008905001032026,https://licitacoeseb.11rm.eb.mil.br/home,Tecnologia da Informação & Serviços Digitais,Desenvolvimento & Fábrica de Software,sustentacao de sistemas,Brasília,0.0,0 km (Base Central),[BASE DIRETA: BRASÍLIA/DF],1,pncp_intelligence/data/briefings_ia/briefing_00394452000103-1-019599_2026.txt,,2026-09
53,55071775000140-1-000041/2026,2026,00003626,00003626,55071775000140,CONSORCIO DE DESENVOLVIMENTO DOS MUNICIPIOS MINEIROS - CODEMM,N,E,MG,Carmópolis de Minas,CODEMM - Consórcio de Desenvolvimento dos Municípios Mineiros,6,Pregão - Eletrônico,Aberto,Divulgada no PNCP,1,"Contratação de empresa especializada no fornecimento de Plataforma de Segurança da Informação, com recursos de SD-WAN e ferramentas tecnológicas para mitigação de vulnerabilidades e prestação de Serviços destes dispositivos nas unidades públicas dos municípios integrantes.",,1.0,0.0,2026-09-10 09:27:57,2026-09-19T13:00:00,2026-10-08T13:00:00,https:licitar.digital,https:licitar.digital,Tecnologia da Informação & Serviços Digitais,Cibersegurança & Governança de Dados,seguranca da informacao,Campinas/Sul de Minas,250.0,Estado Alvo,[ESTADO ALVO: MG],0,pncp_intelligence/data/briefings_ia/briefing_55071775000140-1-000041_2026.txt,,2026-09
54,18803072000132-1-000141/2026,2026,69,0118,18803072000132,MUNICIPIO DE BOCAIUVA,M,N,MG,Bocaiúva,Prefeitura Municipal de Bocaiúva,6,Pregão - Eletrônico,Aberto,Divulgada no PNCP,0,"[Portal de Compras Públicas] - CONTRATAÇÃO DE EMPRESA ESPECIALIZADA EM ENGENHARIA DE SEGURANÇA E MEDICINA DO TRABALHO PARA ELABORAR E/OU ATUALIZAR E ACOMPANHAR O PCMSO, PGR, GRO, LTI, LAUDO TÉCNICO DE PERICULOSIDADE, LTCAT E GESTÃO DE SST - SAÚDE E SEGURANÇA DO TRABALHO PARA O E-SOCIAL, DOS SERVIDORES DO MUNICÍPIO DE BOCAIÚVA/MG",,146700.0,0.0,2026-09-10 11:28:26,2026-09-10T13:00:00,2026-10-21T09:29:00,https://www.portaldecompraspublicas.com.br/processos/MG/Prefeitura-Municipal-de-Bocaiuva-1325/PE-69-2026-2026-510405,,Tecnologia da Informação & Serviços Digitais,Cloud & Infraestrutura de TI,servidores,Campinas/Sul de Minas,250.0,Estado Alvo,[ESTADO ALVO: MG],0,pncp_intelligence/data/briefings_ia/briefing_18803072000132-1-000141_2026.txt,,2026-09
55,45176005000108-1-000511/2026,2026,218/2026,23717/2026,45176005000108,MUNICIPIO DE TAUBATE,M,N,SP,Taubaté,Prefeitura Municipal de Taubaté,6,Pregão - Eletrônico,Aberto,Divulgada no PNCP,0,"Aquisição de uniformes visando à padronização, identificação e organização dos servidores da Secretaria Municipal do Meio Ambiente e nos Pontos de Entrega Voluntária.",,15738.0,0.0,2026-09-10 11:46:00,2026-09-11T08:30:00,2026-10-09T08:29:00,,,Tecnologia da Informação & Serviços Digitais,Cloud & Infraestrutura de TI,servidores,São Paulo,130.0,100 a 200 km,[BASE: SÃO PAULO | Taubaté/SP (130km)],1,pncp_intelligence/data/briefings_ia/briefing_45176005000108-1-000511_2026.txt,,2026-09
56,10462497000113-1-000095/2026,2026,PE04/2026-SEDUC,PE04/2026-SEDUC,10462497000113,MUNICIPIO DE VICOSA DO CEARA,M,N,CE,Viçosa do Ceará,Pref Viçosa do Ceará,6,Pregão - Eletrônico,Aberto,Divulgada no PNCP,0,"CONTRATAÇÃO DE SERVIÇOS DE AUTOMAÇÃO DOS PROCESSOS DE GESTÃO E FORMAÇÃO CONTINUADA AOS PROFISSIONAIS DA EDUCAÇÃO, NO MUNICÍPIO DE VIÇOSA DO CEARÁ/CE.",,232780.0,0.0,2026-09-11 14:45:30,2026-09-11T15:30:00,2026-10-13T08:00:00,,,"Consultoria, Treinamento & Governança",Capacitação & Educação Corporativa,formacao continuada,Outro,999.0,Fora do Raio,[FORA DAS BASES],0,pncp_intelligence/data/briefings_ia/briefing_10462497000113-1-000095_2026.txt,,2026-09
57,08184111000107-1-000028/2026,2026,022,146/2026,08184111000107,MUNICIPIO DE ALTO DO RODRIGUES,M,N,RN,Alto do Rodrigues,Prefeitura Municipal de Alto do Rodrigues,6,Pregão - Eletrônico,Aberto,Divulgada no PNCP,1,"[Portal de Compras Públicas] - registro de preço para contratação de empresa especializada na prestação de serviços de locação de equipamentos de informática, do tipo impressoras, computadores desktop, notebooks, monitores, servidores, incluindo fornecimento de equipamentos novos para primeiro uso e em linha de produção; com serviços de instalação e configuração, licenças de software e suporte hardware/software, com suas respectivas garantias; manutenção preventiva e corretiva com fornecimento de peças e suprimentos necessários (exceto papel); suporte técnico remoto e presencial; e solução para monitoramento e gerenciamento de todo o parque e dos serviços executados para atender demanda dos órgãos participantes e do município de Alto do Rodrigues/RN",,1923498.36,0.0,2026-09-11 16:05:50,2026-09-11T18:00:00,2026-10-09T08:00:00,https://www.portaldecompraspublicas.com.br/processos/RN/Prefeitura-Municipal-de-Alto-do-Rodrigues-1573/RPE-022-2026-2026-510854,,Tecnologia da Informação & Serviços Digitais,Cloud & Infraestrutura de TI,servidores,Natal,250.0,Estado Alvo,[ESTADO ALVO: RN],0,pncp_intelligence/data/briefings_ia/briefing_08184111000107-1-000028_2026.txt,,2026-09
58,33583550000130-1-000091/2026,2026,74,25.0.000011691-5,33583550000130,CONSELHO FEDERAL DE MEDICINA,F,E,DF,Brasília,CONSELHO FEDERAL DE MEDICINA,6,Pregão - Eletrônico,Aberto-Fechado,Divulgada no PNCP,0,"Aquisição de servidores de rede, com serviço de suporte técnico e garantia por 60 (sessenta)  meses, conforme condições, especificações e exigências estabelecidas no Edital e Termo de Referência.",,3830210.88,0.0,2026-09-11 16:22:32,2026-09-25T08:00:00,2026-10-07T10:00:00,https://cnetmobile.estaleiro.serpro.gov.br/comprasnet-web/public/compras/acompanhamento-compra?compra=92515805000742026,https://sei.cfm.org.br/sei/controlador.php?acao=procedimento_trabalhar&acao_origem=procedimento_controlar&acao_retorno=procedimento_controlar&id_procedimento=3948357&infra_sistema=100000100&infra_unidade_atual=110000935&infra_hash=f6b8c82e951038e49a80aaa160aafb71f11bc990f204b89ec6031180d7c134ea,Tecnologia da Informação & Serviços Digitais,Cloud & Infraestrutura de TI,servidores,Brasília,0.0,0 km (Base Central),[BASE DIRETA: BRASÍLIA/DF],1,pncp_intelligence/data/briefings_ia/briefing_33583550000130-1-000091_2026.txt,,2026-09
59,02762633000162-1-000069/2026,2026,038,123/2026,02762633000162,FASI FUNDACAO DE ATENCAO A SAUDE DE ITABUNA,M,E,BA,Itabuna,FASI – Fundação de Atenção à Saúde de Itabuna/BA,6,Pregão - Eletrônico,Aberto-Fechado,Suspensa,0,"[LICITANET] - CONTRATAÇÃO DE EMPRESA ESPECIALIZADA PARA O FORNECIMENTO DE SISTEMA DE GESTÃO HOSPITALAR (SGH) EM FORMATO DE LICENÇA DE USO, EM PLATAFORMA DE MÓDULOS INTEGRADOS TIPO ERP, CONTEMPLANDO IMPLANTAÇÃO, PARAMETRIZAÇÃO, MIGRAÇÃO DE DADOS, TREINAMENTO, SUPORTE TÉCNICO, MANUTENÇÃO CORRETIVA, EVOLUTIVA, DESTINADO À GESTÃO DOS PROCESSOS ASSISTENCIAIS, CLÍNICOS, ADMINISTRATIVOS, OPERACIONAIS E GERENCIAIS EM ATENDIMENTO AS DEMANDAS DO HOSPITAL DE BASE LUIS EDUARDO MAGALHÃES – HBLEM - ITABUNA-BA",,0.0,0.0,2026-09-14 08:26:35,2026-09-14T08:26:29,2026-10-07T08:00:00,https://licitanet.com.br/sessao/199970,,Tecnologia da Informação & Serviços Digitais,Licenciamento de Software & SaaS,erp,Outro,999.0,Fora do Raio,[FORA DAS BASES],0,pncp_intelligence/data/briefings_ia/briefing_02762633000162-1-000069_2026.txt,,2026-09
60,83024257000100-1-000436/2026,2026,PCE 132,269/2026,83024257000100,MUNICIPIO DE CONCORDIA,M,N,SC,Concórdia,Secretaria Municipal de Administração - SEMAD,6,Pregão - Eletrônico,Aberto-Fechado,Divulgada no PNCP,0,"Prestação de serviços destinados à realização do evento institucional ""Homenagem aos Servidores"", a ser realizado no dia 28 de outubro de 2026, incluindo espaço físico, buffet e bebidas, ambientação e decoração, e serviços fotográficos, divididos em 03 (três) lotes, conforme detalhado no Anexo ""A"" do Edital.",,68610.0,0.0,2026-09-14 14:53:29,2026-10-08T08:15:00,2026-10-08T08:15:00,,,Tecnologia da Informação & Serviços Digitais,Cloud & Infraestrutura de TI,servidores,Joinville,250.0,Estado Alvo,[ESTADO ALVO: SC],0,pncp_intelligence/data/briefings_ia/briefing_83024257000100-1-000436_2026.txt,,2026-09
61,46377800000127-1-003895/2026,2026,41,058.00097181/2026-24,46377800000127,SAO PAULO SECRETARIA DA SEGURANCA PUBLICA,E,E,SP,Sorocaba,"ESP-DEP.POL.JUD.SP.INT.""DR.LUIZ M.S.BLAZCK""SO",6,Pregão - Eletrônico,Aberto,Divulgada no PNCP,0,Aquisição de HD e SSD para armazenamento de dados Deinter 7 - Sorocaba.,"Aquisição de bens storage, hd e ssd para Deic / Deinter 7 Sorocaba ",129485.08,0.0,2026-09-14 15:21:27,2026-09-15T12:00:00,2026-10-06T08:00:00,https://cnetmobile.estaleiro.serpro.gov.br/comprasnet-web/public/compras/acompanhamento-compra?compra=18010605000412026,https://sei.sp.gov.br/sei/controlador.php?acao=procedimento_trabalhar&acao_origem=procedimento_controlar&acao_retorno=procedimento_controlar&id_procedimento=137511559&infra_sistema=100000100&infra_unidade_atual=110021853&infra_hash=ba944d652b41f4f08a612ad12ecd5df367ec799e90a930ef6d0dd43dfb57c148,Tecnologia da Informação & Serviços Digitais,Cloud & Infraestrutura de TI,armazenamento de dados,Campinas,85.0,50 a 100 km,[BASE: CAMPINAS | Sorocaba/SP (85km)],1,pncp_intelligence/data/briefings_ia/briefing_46377800000127-1-003895_2026.txt,,2026-09
62,76105618000188-1-000579/2026,2026,PCE 96,430/2026,76105618000188,MUNICIPIO DE CAMPO LARGO,M,N,PR,Campo Largo,Diretoria de Administração,6,Pregão - Eletrônico,Aberto,Divulgada no PNCP,1,"Registro de preços para aquisição de uniformes profissionais 
visando atender à necessidade de padronização, identificação visual e 
segurança dos servidores públicos municipais de Campo Largo",,2838195.0,0.0,2026-09-15 07:56:01,2026-10-01T08:00:00,2026-10-15T08:00:00,,,Tecnologia da Informação & Serviços Digitais,Cloud & Infraestrutura de TI,servidores,Joinville,140.0,100 a 200 km,[BASE: JOINVILLE | Campo Largo/PR (140km)],1,pncp_intelligence/data/briefings_ia/briefing_76105618000188-1-000579_2026.txt,,2026-09
63,88372883000101-1-000276/2026,2026,PCE 71,5691/2026,88372883000101,MUNICIPIO DE PAROBE,M,N,RS,Parobé,SECRETARIA MUNICIPAL DE ADMINISTRAÇÃO,6,Pregão - Eletrônico,Aberto,Divulgada no PNCP,0,"Contratação de empresa especializada para administração, gerenciamento, emissão e fornecimento de cartões eletrônicos de vale-alimentação aos servidores municipais de Parobé/RS.",,501666.67,0.0,2026-09-15 08:36:52,2026-09-15T09:00:00,2026-10-07T07:59:00,,,Tecnologia da Informação & Serviços Digitais,Cloud & Infraestrutura de TI,servidores,Outro,999.0,Fora do Raio,[FORA DAS BASES],0,pncp_intelligence/data/briefings_ia/briefing_88372883000101-1-000276_2026.txt,,2026-09
64,08348971000139-1-000108/2026,2026,13,21.004767/2026-61,08348971000139,MUNICIPIO DE MOSSORO,M,N,RN,Mossoró,FUNDO MUNICIPAL DE SAÚDE - FMS,6,Pregão - Eletrônico,Aberto,Divulgada no PNCP,1,"[Portal de Compras Públicas] - O objeto da presente licitação é a Formação de Ata de Registro de Preços para futura e eventual Aquisição de 08 (oito) servidores físicos, sendo 04 (quatro) destinados à virtualização e 04 (quatro) destinados a backup, armazenamento e contingência, para ampliação e modernização do Data Center local e da infraestrutura de tecnologia da informação utilizada pela Secretaria Municipal de Saúde, pela Secretaria Municipal de Educação, Secretaria Municipal de Meio Ambiente e Urbanismo e pela Câmara Municipal de Vereadores de Mossoró.",,1513165.32,0.0,2026-09-15 08:58:15,2026-09-15T09:00:00,2026-10-06T08:59:00,https://www.portaldecompraspublicas.com.br/processos/RN/Prefeitura-Municipal-de-Mossoro-1230/RPE-13-2026-2026-500649,,Tecnologia da Informação & Serviços Digitais,Cloud & Infraestrutura de TI,"data center, virtualizacao",Natal,280.0,Polo Regional,[BASE: NATAL | Mossoró/RN (280km)],1,pncp_intelligence/data/briefings_ia/briefing_08348971000139-1-000108_2026.txt,,2026-09
65,83021147000195-1-000021/2026,2026,PCE 24,98/2026,83021147000195,MUNICIPIO DE CUNHA PORA,M,N,SC,Cunha Porã,Administracao,6,Pregão - Eletrônico,Aberto,Divulgada no PNCP,0,"CONTRATAÇÃO DE EMPRESA DE TECNOLOGIA DA INFORMAÇÃO, PARA FORNECIMENTO DE LICENÇA DE USO DE SIGP - SOFTWARE INTEGRADO DE GESTÃO PÚBLICA EM COMPUTAÇÃO EM NUVEM, INCLUINDO SERVIÇOS COMPLEMENTARES DE IMPLANTAÇÃO, MANUTENÇÃO (CORRETIVA, ADAPTATIVA E EVOLUTIVA), SUPORTE TÉCNICO, TREINAMENTO DE SERVIDORES PÚBLICOS MUNICIPAIS, ARMAZENAMENTO E SEGURANÇA DA INFORMAÇÃO, A FIM DE ATENDER A DEMANDA OPERACIONAL E AS NECESSIDADES DO MUNICÍPIO DE CUNHA PORÃ/SC, FUNDO MUNICIPAL DE SAÚDE E CÂMARA DE VEREADORES.",,704420.37,0.0,2026-09-15 12:26:28,2026-10-02T08:00:00,2026-10-20T08:00:00,,,Tecnologia da Informação & Serviços Digitais,Cloud & Infraestrutura de TI,"computação em nuvem, servidores, segurança da informação",Joinville,250.0,Estado Alvo,[VIABILIDADE: 100% REMOTO] [ESTADO ALVO: SC],0,pncp_intelligence/data/briefings_ia/briefing_83021147000195-1-000021_2026.txt,,2026-09
66,76247386000100-1-000093/2026,2026,46,100,76247386000100,MUNICIPIO DE MARIA HELENA,M,N,PR,Maria Helena,Unidade administrativa,6,Pregão - Eletrônico,Aberto,Divulgada no PNCP,0,"A presente demanda manifesta a necessidade de contratação de empresa para aquisição de refeições self-service e bebidas, a serem prestadas em restaurante localizado no Município de Umuarama/PR, destinadas ao atendimento dos servidores municipais de Maria Helena/PR em deslocamento oficial.",,25241.6,0.0,2026-09-15 15:41:45,2026-09-15T08:00:00,2026-10-07T08:00:00,,,Tecnologia da Informação & Serviços Digitais,Cloud & Infraestrutura de TI,servidores,Joinville/Curitiba,250.0,Estado Alvo,[ESTADO ALVO: PR],0,pncp_intelligence/data/briefings_ia/briefing_76247386000100-1-000093_2026.txt,,2026-09
67,18132449000179-1-000133/2026,2026,33,0941.0.000006654/2026-2,18132449000179,MUNICIPIO DE VICOSA,M,N,MG,Viçosa,PREFEITURA MUNICIPAL DE VIÇOSA - MG,6,Pregão - Eletrônico,Aberto-Fechado,Divulgada no PNCP,0,"Contratação de empresa especializada para prestação de serviços de assessoria e consultoria técnica nas soluções Google for Education Fundamentals, incluindo implantação/revisão do ambiente Google Workspace for Education Fundamentals, formação de equipes administrativas e técnicas, suporte técnico especializado e apoio consultivo para utilização das ferramentas educacionais digitais pelo período de 12 (doze) meses.",,26883.24,0.0,2026-09-15 15:43:24,2026-09-25T08:00:00,2026-10-14T08:59:00,https://cnetmobile.estaleiro.serpro.gov.br/comprasnet-web/public/compras/acompanhamento-compra?compra=98542705000332026,https://sei.vicosa.mg.gov.br/sei/controlador.php?acao=procedimento_trabalhar&acao_origem=protocolo_pesquisar&id_procedimento=213750&infra_sistema=100000100&infra_unidade_atual=110000948&infra_hash=9cc033f5100f7e08d5d9320609d60bfb7231b3539227dd8a0d09f27e2bf15e63,"Consultoria, Treinamento & Governança",Consultoria & Assessoria Técnica,consultoria tecnica,Campinas/Sul de Minas,250.0,Estado Alvo,[ESTADO ALVO: MG],0,pncp_intelligence/data/briefings_ia/briefing_18132449000179-1-000133_2026.txt,,2026-09
68,09283185000163-1-000048/2026,2026,145,014971-43.2026.8.15,09283185000163,JOAO PESSOA TRIBUNAL DE JUSTICA DO ESTADO DA PARAIBA,E,J,PB,João Pessoa,TRIBUNAL DE JUSTIçA DO ESTADO DA PARAíBA,6,Pregão - Eletrônico,Aberto-Fechado,Divulgada no PNCP,0,"Contratação de infraestrutura de hardware e software destinada à implantação do ambiente de Recuperação de Desastres (Disaster Recovery – DR) do Tribunal de Justiça da Paraíba (TJPB), compreendendo cluster de virtualização em arquitetura hiperconvergente (HCI) ou desagregada de nuvem privada (dHCI), switches de rede de datacenter, licenciamento da plataforma de virtualização e de orquestração de recuperação de desastres, renovação de suporte e subscrição de segurança perimetral e serviços técnicos de implantação e suporte especializado, conforme especificações técnicas, unidades de medida e quantidades definidas no Termo de Referência e em seus anexos",,17012065.13,0.0,2026-09-15 15:50:14,2026-10-02T08:00:00,2026-10-19T09:00:00,https://cnetmobile.estaleiro.serpro.gov.br/comprasnet-web/public/compras/acompanhamento-compra?compra=92622205001452026,https://sei.tjpb.jus.br,Tecnologia da Informação & Serviços Digitais,Cloud & Infraestrutura de TI,"datacenter, virtualizacao, disaster recovery",Recife,120.0,100 a 200 km,[BASE: RECIFE | João Pessoa/PB (120km)],1,pncp_intelligence/data/briefings_ia/briefing_09283185000163-1-000048_2026.txt,,2026-09
69,05955085000185-1-000085/2026,2026,76,0000358-65.2026.6.23.8000,05955085000185,TRIBUNAL REGIONAL ELEITORAL DE RORAIMA,F,J,RR,Boa Vista,TRIBUNAL REGIONAL ELEITORAL/RR,6,Pregão - Eletrônico,Aberto-Fechado,Divulgada no PNCP,1,"Formação de Registro de Preços para futura e eventual aquisição de vestimentas talares novas, destinadas aos membros e servidores da Corte do Tribunal Regional Eleitoral de Roraima (TRE-RR), compreendendo togas para juízes, togas para procuradores eleitorais e pelerines para servidores conforme condições, quantidades e exigências estabelecidas no Edital e seus anexos. ",,52843.64,0.0,2026-09-16 04:00:13,2026-09-16T08:00:00,2026-10-07T10:00:00,https://cnetmobile.estaleiro.serpro.gov.br/comprasnet-web/public/compras/acompanhamento-compra?compra=07002805000762026,https://sei.tre-rr.jus.br/sei/modulos/pesquisa/md_pesq_processo_exibir.php?iI3OtHvPArITY997V09rhsSkbDKbaYSycOHqqF2xsM0IaDkkEyJpus7kCPb435VNEAb16AAxmJKUdrsNWVIqQ9cqcYBEOOOZ6uI0cHmJ_hTOBGyAErtLvTqFlGgiJbpO,Tecnologia da Informação & Serviços Digitais,Cloud & Infraestrutura de TI,servidores,Outro,999.0,Fora do Raio,[FORA DAS BASES],0,pncp_intelligence/data/briefings_ia/briefing_05955085000185-1-000085_2026.txt,,2026-09
70,09074592000160-1-000032/2026,2026,018,079/2026,09074592000160,MUNICIPIO DE SAO JOAO DO TIGRE,M,N,PB,São João do Tigre,MUNICÍPIO DE SAO JOAO DO TIGRE/PB,6,Pregão - Eletrônico,Aberto,Divulgada no PNCP,0,"[LICITANET] - SELEÇÃO DE INSTITUIÇÃO FINANCEIRA PARA OCUPAR E EXPLORAR, A TÍTULO PRECÁRIO, ATRAVÉS DE CONCESSÃO ONEROSA DE USO, PELO PERÍODO DE 05 (CINCO) ANOS, A EXCLUSIVIDADE DA GESTÃO DA FOLHA DE PAGAMENTO DOS SERVIDORES E A CONCESSÃO DE EMPRÉSTIMOS CONSIGNADOS SEM EXCLUSIVIDADE POR TODO PERÍODO DO CONTRATO CONFORME INDICADO NO TERMO DE REFERÊNCIA E A CENTRALIZAÇÃO DA ARRECADAÇÃO DAS RECEITAS MUNICIPAIS, QUE REGULAR-SE-Á POR ESTE EDITAL E SEUS ANEXOS",,0.0,0.0,2026-09-16 09:42:48,2026-09-16T09:41:37,2026-10-08T09:00:00,https://licitanet.com.br/sessao/201640,,Tecnologia da Informação & Serviços Digitais,Cloud & Infraestrutura de TI,servidores,Recife/Natal,250.0,Estado Alvo,[ESTADO ALVO: PB],0,pncp_intelligence/data/briefings_ia/briefing_09074592000160-1-000032_2026.txt,,2026-09
71,00333678000196-1-000030/2026,2026,7,17/2026,00333678000196,ASSOCIACAO REGIONAL DE SAUDE DO SUDOESTE,N,E,PR,Francisco Beltrão,MPR-CONSORCIO INTERM. SAÚDE SUDOESTE,6,Pregão - Eletrônico,Aberto,Divulgada no PNCP,0,"Contratação de empresa especializada para o fornecimento de licenças de uso de plataforma corporativa de Inteligência Artificial Generativa, disponibilizada na modalidade de Software como Serviço (SaaS) baseada em computação em nuvem, incluindo suporte técnico especializado e gerenciamento centralizado de usuários, para atender às demandas operacionais e administrativas das equipes técnicas do Consórcio Intermunicipal de Saúde do Sudoeste (CONSUD).",,36771.0,0.0,2026-09-16 10:54:12,2026-09-17T08:30:00,2026-10-06T08:30:00,https://cnetmobile.estaleiro.serpro.gov.br/comprasnet-web/public/compras/acompanhamento-compra?compra=45840305000072026,https://viaprocesso.com.br/empresas/editais/2c1c7296-dd3d-46b6-a2d4-b03b8d5370b4,Tecnologia da Informação & Serviços Digitais,Cloud & Infraestrutura de TI,"computacao em nuvem, inteligencia artificial, software como servico, saas",Joinville/Curitiba,250.0,Estado Alvo,[VIABILIDADE: 100% REMOTO] [ESTADO ALVO: PR],0,pncp_intelligence/data/briefings_ia/briefing_00333678000196-1-000030_2026.txt,,2026-09
72,42498600000171-1-003934/2026,2026,PE 006/26,SEI-220002/000694/2026,42498600000171,ESTADO DO RIO DE JANEIRO,E,N,RJ,Rio de Janeiro,Agência de Fomento do ERJ SA,6,Pregão - Eletrônico,Aberto,Divulgada no PNCP,0,"Contratação de empresa especializada para a prestação de serviço de fornecimento de subscrição de licença de uso do Microsoft Office 365 E3, Microsoft Office E5, Microsoft Intune Suite, Azure Active Directory Premium P1, Azure Prepayment, Microsoft 365 Copilot e Copilot Studio que constituem solução de comunicação, colaboração, produtividade, inteligência artificial, garantia de atualização das versões, créditos a serem utilizados na nuvem de serviços Microsoft, a prestação de serviço de subscrição (Software Assurance) para produtos Microsoft, com atualização de versão e a prestação de serviço de suporte e consultoria em soluções em nuvem Microsoft, com vigência de contratos pelo período de 36 (trinta e seis) meses, para atender às necessidades da Agência de Fomento do Estado do Rio de Janeiro S.A. - AgeRio.",Esta Unidade é uma Entidade Estatal e está sujeita à Lei nº 13.303/2016,0.0,0.0,2026-09-16 10:59:25,2026-09-18T11:00:00,2026-10-13T14:00:00,https://www.compras.rj.gov.br/EditaisLicitacoes/detalhar.action?idLic=37424,,Tecnologia da Informação & Serviços Digitais,Cloud & Infraestrutura de TI,"azure, inteligencia artificial, microsoft 365, office 365",Remoto,999.0,Fora do Raio,[VIABILIDADE: 100% REMOTO],0,pncp_intelligence/data/briefings_ia/briefing_42498600000171-1-003934_2026.txt,,2026-09
73,13927801000300-1-000147/2026,2026,106,64433/2026,13927801000300,MUNICIPIO DE SALVADOR,M,N,BA,Salvador,SECRETARIA MUNICIPAL DE GESTÃO SALVADOR - BA,6,Pregão - Eletrônico,Aberto,Divulgada no PNCP,1,"Aquisição de CAFETEIRA, BATEDEIRA, PROCESSADOR DE LEGUMES E LIQUIDIFICADOR INDUSTRIAL que tem por objetivo garantir o atendimento às necessidades básicas de operacionalização no manuseio de produtos (perecíveis e não perecíveis) ou alimentos que necessitem de preparo e aquecimento dos servidores e colaboradores e a população assistida por este Município, visando manter o pleno funcionamento das atividades, no suporte das tarefas e ações operacionais, através do sistema de registro de preços.",,214808.74,0.0,2026-09-16 11:33:41,2026-09-17T09:00:00,2026-10-09T14:00:00,https://cnetmobile.estaleiro.serpro.gov.br/comprasnet-web/public/compras/acompanhamento-compra?compra=92682105001062026,,Tecnologia da Informação & Serviços Digitais,Cloud & Infraestrutura de TI,servidores,Outro,999.0,Fora do Raio,[FORA DAS BASES],0,pncp_intelligence/data/briefings_ia/briefing_13927801000300-1-000147_2026.txt,,2026-09
74,76105519000104-1-000225/2026,2026,49,218,76105519000104,MUNICIPIO DE CONTENDA,M,N,PR,Contenda,Unidade administrativa,6,Pregão - Eletrônico,Aberto,Divulgada no PNCP,0,"Constitui por objeto deste termo de referência, a concessão onerosa do direito de operacionalizar o processamento e pagamento da folha de servidores do Município de Contenda-PR, mediante outorga do direito de explorar economicamente a prestação de serviços bancários e financeiros correlatos aos servidores municipais, observadas as condições deste instrumento",,490464.0,0.0,2026-09-16 14:47:17,2026-09-17T08:00:00,2026-10-19T08:30:00,,,Tecnologia da Informação & Serviços Digitais,Cloud & Infraestrutura de TI,servidores,Joinville/Curitiba,250.0,Estado Alvo,[ESTADO ALVO: PR],0,pncp_intelligence/data/briefings_ia/briefing_76105519000104-1-000225_2026.txt,,2026-09
75,08358053000190-1-000156/2026,2026,19,3361/2026,08358053000190,MUNICIPIO DE PORTALEGRE,M,N,RN,Portalegre,Prefeitura Municipal de Portalegre,6,Pregão - Eletrônico,Aberto,Suspensa,0,"[Portal de Compras Públicas] - Seleção de instituição financeira enquadrada nas categorias S1 ou S2, conforme classificação do Banco Central do Brasil, para exploração, mediante concessão onerosa de uso, pelo prazo de 05 (cinco) anos, da exclusividade da gestão e processamento da folha de pagamento dos servidores públicos municipais, bem como para operacionalização de empréstimos consignados, sem caráter de exclusividade, e da arrecadação das receitas municipais, igualmente sem exclusividade.",,58506.0,0.0,2026-09-16 14:49:56,2026-09-17T08:00:00,2026-10-08T07:59:00,https://www.portaldecompraspublicas.com.br/processos/RN/Prefeitura-Municipal-de-Portalegre-2384/PMP-19-2026-2026-511595,,Tecnologia da Informação & Serviços Digitais,Cloud & Infraestrutura de TI,servidores,Natal,250.0,Estado Alvo,[ESTADO ALVO: RN],0,pncp_intelligence/data/briefings_ia/briefing_08358053000190-1-000156_2026.txt,,2026-09
76,45318581000142-1-000080/2026,2026,00057,00080/2026,45318581000142,MUNICIPIO DE RESTINGA,M,N,SP,Restinga,EDUCAÇÃO E CULTURA,6,Pregão - Eletrônico,Aberto,Divulgada no PNCP,1,"REGISTRO DE PREÇOS PARA PARTICIPAÇÃO EXCLUSIVA DE ME E EPP, DESTINADO À CONTRATAÇÃO DE EMPRESA ESPECIALIZADA EM DEDETIZAÇÃO, COMPOSTA DE SERVIÇOS DE DESINSETIZAÇÃO, DESRATIZAÇÃO E DESINFECÇÃO PARA CONTROLE DE PRAGAS URBANAS E LIMPEZA DE CAIXAS D’ÁGUA DOS PRÉDIOS PÚBLICOS DA PREFEITURA, CONFORME CONDIÇÕES, QUANTIDADES E EXIGÊNCIAS ESTABELECIDAS NESTE EDITAL E SEUS ANEXOS.","A presente contratação justifica-se pela necessidade imperiosa de manutenção das condições de salubridade, higiene e segurança sanitária nos ambientes de trabalho dos servidores e no atendimento ao público.",73139.1,0.0,2026-09-16 15:22:22,2026-09-25T08:00:51,2026-10-09T14:30:14,https://bll.org.br/,,Tecnologia da Informação & Serviços Digitais,Cloud & Infraestrutura de TI,servidores,São Paulo/Campinas,250.0,Estado Alvo,[ESTADO ALVO: SP],0,pncp_intelligence/data/briefings_ia/briefing_45318581000142-1-000080_2026.txt,,2026-09
77,26994558000123-1-000155/2026,2026,20,00588000926202620,26994558000123,ADVOCACIA GERAL DA UNIAO,F,E,RJ,Rio de Janeiro,SUPERINT. DE ADMINISTRACAO NO RIO DE JANEIRO,6,Pregão - Eletrônico,Aberto-Fechado,Divulgada no PNCP,0,"Contratação de empresa para prestação de serviços de manutenção de arcondicionado, preventiva e corretiva, a ser realizadas sob demanda para as Unidades: PSU E PSF Volta Redonda; PSU Petrópolis; Escritório Avançado de Nova Friburgo; PSU e PSF Niterói e PSU e PSF Campos dos Goytacazes e mostra-se imprescindível para assegurar a continuidade das atividades institucionais, a preservação da saúde dos servidores, colaboradores e usuários, bem como o cumprimento da legislação sanitária vigente. ",,212046.28,0.0,2026-09-17 04:00:24,2026-09-17T08:00:00,2026-10-06T10:00:00,https://cnetmobile.estaleiro.serpro.gov.br/comprasnet-web/public/compras/acompanhamento-compra?compra=11010205000202026,https://supersapiens.agu.gov.br,Tecnologia da Informação & Serviços Digitais,Cloud & Infraestrutura de TI,servidores,Outro,999.0,Fora do Raio,[FORA DAS BASES],0,pncp_intelligence/data/briefings_ia/briefing_26994558000123-1-000155_2026.txt,,2026-09
78,00394502000144-1-011868/2026,2026,184,63394.000715/2026-43,00394502000144,COMANDO DA MARINHA,F,E,RJ,Rio de Janeiro,CENTRO LOGISTICO DO MATERIAL DA MARINHA,6,Pregão - Eletrônico,Aberto-Fechado,Divulgada no PNCP,1,"Aquisição de appliances de firewall de próxima geração (NGFW), solução de gerenciamento centralizado, appliance de segurança industrial, licenças de funcionalidades de segurança para firewall, licenças de suporte e garantia do fabricante para novos equipamentos e para a base instalada, bem como subscrições de atualização e suporte para solução de prevenção de intrusões, destinados à manutenção, atualização e ampliação da infraestrutura de segurança da Rede de Comunicações Integrada da Marinha.",,8399116.69,0.0,2026-09-17 04:00:26,2026-10-02T09:30:00,2026-10-15T09:30:00,https://cnetmobile.estaleiro.serpro.gov.br/comprasnet-web/public/compras/acompanhamento-compra?compra=74001405001842026,https://licitacoescontratos.dadm.mb/login,Tecnologia da Informação & Serviços Digitais,Cibersegurança & Governança de Dados,firewall,Outro,999.0,Fora do Raio,[FORA DAS BASES],0,pncp_intelligence/data/briefings_ia/briefing_00394502000144-1-011868_2026.txt,,2026-09
79,25947276000102-1-000031/2026,2026,19,044/2026,25947276000102,SERVICO AUTONOMO DE AGUA E ESGOTO,M,E,MG,Viçosa,Unidade Única,6,Pregão - Eletrônico,Aberto-Fechado,Divulgada no PNCP,0,"Aquisição de 18 (dezoito) pares de tênis, destinados aos servidores que desempenham atividades externas de leitura de hidrômetros, fiscalização de contas e consumo e serviços de corte e religação no SAAE-Viçosa/MG",,6467.76,0.0,2026-09-17 09:21:41,2026-09-17T09:30:00,2026-10-06T08:00:00,https://app2.ammlicita.org.br/pesquisa/113763,,Tecnologia da Informação & Serviços Digitais,Cloud & Infraestrutura de TI,servidores,Campinas/Sul de Minas,250.0,Estado Alvo,[ESTADO ALVO: MG],0,pncp_intelligence/data/briefings_ia/briefing_25947276000102-1-000031_2026.txt,,2026-09
80,31776479000186-1-000052/2026,2026,000017,005565/2026,31776479000186,MUNICIPIO DE JOAO NEIVA,M,N,ES,João Neiva,FUNDO MUNICIPAL DE SAÚDE DE JOÃO NEIVA,6,Pregão - Eletrônico,Aberto,Divulgada no PNCP,1,"[Portal de Compras Públicas] - REGISTRO DE PRECOS PARA FUTURA E EVENTUAL FORNECIMENTO DE REFEICOES PRONTAS ACONDICIONADAS EM EMBALAGENS TIPO MARMITEX E PAO DE SAL, destinados ao atendimento dos pacientes assistidos pelo Centro de Atencao Psicossocial â CAPS, bem como dos servidores da Secretaria Municipal de Saude envolvidos em campanhas, mutiroes, acoes de saude e demais eventos promovidos pela Atencao Primaria a Saude e Vigilancia em Saude, em atendimento as demandas da Secretaria Municipal de Saude.",,261950.0,0.0,2026-09-17 09:51:22,2026-09-21T08:00:00,2026-10-06T08:00:00,https://www.portaldecompraspublicas.com.br/processos/ES/Prefeitura-Municipal-de-Joao-Neiva-1740/RPE-000017-2026-2026-512071,,Tecnologia da Informação & Serviços Digitais,Cloud & Infraestrutura de TI,servidores,Outro,999.0,Fora do Raio,[FORA DAS BASES],0,pncp_intelligence/data/briefings_ia/briefing_31776479000186-1-000052_2026.txt,,2026-09
81,10517563000105-1-000058/2026,2026,157,157/2026 - PE,10517563000105,MUNICIPIO DE MIRAIMA,M,N,CE,Miraíma,PREFEITURA MUNICIPAL DE MIRAIMA - CE,6,Pregão - Eletrônico,Aberto,Divulgada no PNCP,0,"CONTRATAÇÃO DE EMPRESA ESPECIALIZADA PARA PRESTAÇÃO DE SERVIÇOS TÉCNICOS DE EXPURGO, ORGANIZAÇÃO, HIGIENIZAÇÃO, MODERNIZAÇÃO E ARMAZENAMENTO DE DADOS DO ACERVO DOCUMENTAL, DO INTERESSE DA SECRETARIA MUNICIPAL DE FINANÇAS DE MIRAÍMA/CE","Havendo divergências entre o sistema comprasnet e o edital ou termo de referência, prevalecerão as disposições do Edital e seu Termo de Referência.",83916.54,0.0,2026-09-17 10:40:06,2026-09-18T09:00:00,2026-10-06T09:00:00,https://cnetmobile.estaleiro.serpro.gov.br/comprasnet-web/public/compras/acompanhamento-compra?compra=98126305001572026,https://www.compras.gov.br,Tecnologia da Informação & Serviços Digitais,Cloud & Infraestrutura de TI,armazenamento de dados,Outro,999.0,Fora do Raio,[FORA DAS BASES],0,pncp_intelligence/data/briefings_ia/briefing_10517563000105-1-000058_2026.txt,,2026-09
82,87613188000121-1-000294/2026,2026,PE 164,281/2026,87613188000121,MUNICIPIO DE TRES PASSOS,M,N,RS,Três Passos,PREFEITURA MUNICIPAL DE TRÊS PASSOS,6,Pregão - Eletrônico,Aberto,Divulgada no PNCP,1,"REGISTRO DE PREÇOS PARA EVENTUAL E FUTURA AQUISIÇÃO DE EQUIPAMENTOS DE PROTEÇÃO INDIVIDUAL (EPIS) PARA PROTEÇÃO DOS SERVIDORES DO MUNICÍPIO, CONFORME ESPECIFICAÇÕES CONSTANTES DO TERMO DE REFERÊNCIA, DESTE EDITAL (ANEXO I)",,459675.35,0.0,2026-09-17 10:53:20,2026-09-21T08:00:00,2026-10-06T08:10:00,,,Tecnologia da Informação & Serviços Digitais,Cloud & Infraestrutura de TI,servidores,Outro,999.0,Fora do Raio,[FORA DAS BASES],0,pncp_intelligence/data/briefings_ia/briefing_87613188000121-1-000294_2026.txt,,2026-09
83,10517563000105-1-000059/2026,2026,158,158/2026 - PE,10517563000105,MUNICIPIO DE MIRAIMA,M,N,CE,Miraíma,PREFEITURA MUNICIPAL DE MIRAIMA - CE,6,Pregão - Eletrônico,Aberto,Divulgada no PNCP,0,"CONTRATAÇÃO DE EMPRESA ESPECIALIZADA PARA PRESTAÇÃO DE SERVIÇOS TÉCNICOS DE EXPURGO, ORGANIZAÇÃO, HIGIENIZAÇÃO, MODERNIZAÇÃO E ARMAZENAMENTO DE DADOS DO ACERVO DOCUMENTAL, DO INTERESSE DA SECRETARIA MUNICIPAL DO TRABALHO E ASSISTÊNCIA SOCIAL DE MIRAÍMA/CE","Havendo divergências entre o sistema comprasnet e o edital ou termo de referência, prevalecerão as disposições do Edital e seu Termo de Referência.",76000.0,0.0,2026-09-17 11:36:51,2026-09-21T09:00:00,2026-10-07T09:00:00,https://cnetmobile.estaleiro.serpro.gov.br/comprasnet-web/public/compras/acompanhamento-compra?compra=98126305001582026,https://www.compras.gov.br,Tecnologia da Informação & Serviços Digitais,Cloud & Infraestrutura de TI,armazenamento de dados,Outro,999.0,Fora do Raio,[FORA DAS BASES],0,pncp_intelligence/data/briefings_ia/briefing_10517563000105-1-000059_2026.txt,,2026-09
84,18303180000146-1-000038/2026,2026,020,064/2026,18303180000146,MUNICIPIO DE CONGONHAS DO NORTE,M,N,MG,Congonhas do Norte,Unidade Única,6,Pregão - Eletrônico,Aberto,Divulgada no PNCP,0,"CONTRATAÇÃO DE INSTITUIÇÃO BANCÁRIA PÚBLICA OU PRIVADA PARA OPERAR OS SERVIÇOS DE PROCESSAMENTO E GERENCIAMENTO DE CRÉDITOS DA FOLHA DE PAGAMENTO DOS SERVIDORES ATIVOS, CONTRATADOS, INATIVOS E PENSIONISTAS, ABRANGENDO OS ADMITIDOS DURANTE A VIGÊNCIA E EXECUÇÃO DO CONTRATO DO MUNICÍPIO DE CONGONHAS DO NORTEMG",,49580.0,0.0,2026-09-17 11:41:25,2026-09-17T09:00:00,2026-10-13T09:00:00,https://app2.licitardigital.com.br/pesquisa/113802,,Tecnologia da Informação & Serviços Digitais,Cloud & Infraestrutura de TI,servidores,Campinas/Sul de Minas,250.0,Estado Alvo,[ESTADO ALVO: MG],0,pncp_intelligence/data/briefings_ia/briefing_18303180000146-1-000038_2026.txt,,2026-09
85,76105642000117-1-000027/2026,2026,016,071/2026,76105642000117,MUNICIPIO DE ADRIANOPOLIS,M,N,PR,Adrianópolis,PREFEITURA MUNICIPAL DE ADRIANÓPOLIS - PR,6,Pregão - Eletrônico,Aberto,Divulgada no PNCP,0,"Contratação de instituição financeira, pública ou privada, para prestação de serviços de processamento e gerenciamento da folha de pagamento dos servidores ativos, inativos, pensionistas, agentes políticos e demais beneficiários da Administração Pública do Município de Adrianópolis, mediante cessão onerosa do direito de operacionalização da folha de pagamento.",,400000.0,0.0,2026-09-17 15:39:01,2026-09-18T10:00:00,2026-10-09T09:30:00,https://bllcompras.com/Process/ProcessView?param1=[gkz]BcrqSRov_51bT42sHsNg5kSL5U5_n4RYABZlJd1yAHbdHGMlXGNvYxyJRqrt9GxMG64OCWL1IVg3r3HfpYquCo0SA4jiXkgJEkO/wBJSqBU=,,Tecnologia da Informação & Serviços Digitais,Cloud & Infraestrutura de TI,servidores,Joinville/Curitiba,250.0,Estado Alvo,[ESTADO ALVO: PR],0,pncp_intelligence/data/briefings_ia/briefing_76105642000117-1-000027_2026.txt,,2026-09
86,51327708000192-1-000077/2026,2026,71,205.2026.1.14,51327708000192,PIRACICABA CAMARA,M,L,SP,Piracicaba,CAMARA MUNICIPAL DE PIRACICABA - SP,6,Pregão - Eletrônico,Aberto-Fechado,Divulgada no PNCP,0,"Contratação de empresa especializada para fornecimento de subscrições de licenças Office 365 E3, na modalidade Software as a Service (SaaS), incluindo implantação, migração do correio eletrônico, integração ao ambiente tecnológico da Câmara Municipal de Piracicaba ",,2883677.21,0.0,2026-09-17 15:48:42,2026-09-18T09:00:00,2026-10-20T09:00:00,https://cnetmobile.estaleiro.serpro.gov.br/comprasnet-web/public/compras/acompanhamento-compra?compra=92924105000712026,,Tecnologia da Informação & Serviços Digitais,Licenciamento de Software & SaaS,"saas, office 365",Campinas,70.0,50 a 100 km,[BASE: CAMPINAS | Piracicaba/SP (70km)],1,pncp_intelligence/data/briefings_ia/briefing_51327708000192-1-000077_2026.txt,,2026-09
87,89971758000180-1-001174/2026,2026,90,184,89971758000180,MUNICIPIO DE SAO MIGUEL DAS MISSOES,M,N,RS,São Miguel das Missões,MUNICIPIO DE SAO MIGUEL DAS MISSOES/RS,6,Pregão - Eletrônico,Aberto,Divulgada no PNCP,1,AQUISIÇÃO DE EPIS PARA SERVIDORES DA SECRETARIA DE OBRAS,,76160.95,0.0,2026-09-17 15:55:09,2026-09-17T00:00:00,2026-10-07T09:00:00,,,Tecnologia da Informação & Serviços Digitais,Cloud & Infraestrutura de TI,servidores,Outro,999.0,Fora do Raio,[FORA DAS BASES],0,pncp_intelligence/data/briefings_ia/briefing_89971758000180-1-001174_2026.txt,,2026-09
88,18667477000190-1-000063/2026,2026,00006526,00006526,18667477000190,MUNICIPIO DE CASA GRANDE,M,N,MG,Casa Grande,PREFEITURA MUNICIPAL DE CASA GRANDE,6,Pregão - Eletrônico,Aberto,Divulgada no PNCP,0,"CONTRATAÇÃO DE EMPRESA ESPECIALIZADA PARA PRESTAÇÃO DE SERVIÇOS DE FORMAÇÃO CONTINUADA E CAPACITAÇÃO DOS PROFISSIONAIS DA REDE MUNICIPAL DE EDUCAÇÃO DE CASA GRANDE/MG, MEDIANTE A REALIZAÇÃO DE CURSOS, PALESTRAS, OFICINAS E ATIVIDADES TEÓRICO-PRÁTICAS, CONTEMPLANDO TEMÁTICAS RELACIONADAS À LIDERANÇA, COMUNICAÇÃO E DESENVOLVIMENTO DE EQUIPES; PEDAGOGIA HUMANIZADA, DIVERSIDADE E PRÁTICAS PEDAGÓGICAS INCLUSIVAS; COMPORTAMENTO, NEURODIVERGÊNCIA E DESENVOLVIMENTO SOCIOEMOCIONAL; E PRIMEIROS SOCORROS NO AMBIENTE ESCOLAR.
",,124463.65,0.0,2026-09-17 15:55:15,2026-09-21T08:00:00,2026-10-06T08:00:00,,,"Consultoria, Treinamento & Governança",Capacitação & Educação Corporativa,formacao continuada,Campinas/Sul de Minas,250.0,Estado Alvo,[ESTADO ALVO: MG],0,pncp_intelligence/data/briefings_ia/briefing_18667477000190-1-000063_2026.txt,,2026-09
89,16752446000102-1-000238/2026,2026,21,39/2026,16752446000102,MUNICIPIO DE CONGONHAS,M,N,MG,Congonhas,PREFEITURA MUNICIPAL DE CONGONHAS - MG,6,Pregão - Eletrônico,Aberto,Divulgada no PNCP,0,"Contratação de empresa especializada na administração, gerenciamento, emissão, distribuição e fornecimento de documentos de legitimação, na forma de cartão eletrônico, equipado com microprocessador com chip eletrônico de segurança que armazena as informações do titular do cartão, em número de até 3.100 (três mil e cem) cartões que serão destinados para os servidores da prefeitura  municipal de Congonhas, 45 (quarenta e cinco) Fundação Municipal de Cultura, lazer e turismo- Fumcult, 14 (quatorze) Previdência do Município de Congonhas- Prevcon, totalizando até 3159 (três mil cento e cinquenta e nove) benefícios.",,52237224.0,0.0,2026-09-17 16:17:51,2026-10-05T08:00:00,2026-10-20T08:00:00,https://cnetmobile.estaleiro.serpro.gov.br/comprasnet-web/public/compras/acompanhamento-compra?compra=98435905000212026,,Tecnologia da Informação & Serviços Digitais,Cloud & Infraestrutura de TI,servidores,Campinas/Sul de Minas,250.0,Estado Alvo,[ESTADO ALVO: MG],0,pncp_intelligence/data/briefings_ia/briefing_16752446000102-1-000238_2026.txt,,2026-09
90,77001311000108-1-000557/2026,2026,PCE 133,433/2026,77001311000108,MUNICIPIO DE CASTRO,M,N,PR,Castro,Secretaria Municipal de Governo,6,Pregão - Eletrônico,Aberto,Divulgada no PNCP,0,"Contratação de instituição financeira pública ou privada, autorizada a funcionar pelo Banco Central do Brasil, para prestação de serviços bancários, com exclusividade, de centralização, processamento e gerenciamento dos créditos da folha de pagamento dos servidores e demais beneficiários do Município de Castro, pelo período de 60 meses, conforme as condições e especificações do Termo de Referência - Secretaria Municipal de Governo.",,7000000.0,0.0,2026-09-17 17:35:24,2026-09-17T17:30:00,2026-10-16T08:30:00,,,Tecnologia da Informação & Serviços Digitais,Cloud & Infraestrutura de TI,servidores,Joinville/Curitiba,250.0,Estado Alvo,[ESTADO ALVO: PR],0,pncp_intelligence/data/briefings_ia/briefing_77001311000108-1-000557_2026.txt,,2026-09
91,77001311000108-1-000558/2026,2026,133,433/2026,77001311000108,MUNICIPIO DE CASTRO,M,N,PR,Castro,PREFEITURA MUNICIPAL DE CASTRO - PR,6,Pregão - Eletrônico,Aberto,Divulgada no PNCP,0,"Contratação de instituição financeira pública ou privada, autorizada a funcionar pelo Banco Central do Brasil, para prestação de serviços bancários, com exclusividade, de centralização, processamento e gerenciamento dos créditos da folha de pagamento dos servidores e demais beneficiários do Município de Castro, pelo período de 60 meses, conforme as condições e especificações do Termo de Referência - Secretaria Municipal de Governo.",,7000000.0,0.0,2026-09-17 17:51:52,2026-09-17T17:52:00,2026-10-16T08:30:00,https://bllcompras.com/Process/ProcessView?param1=[gkz]TQ/Dfb_4Nb5llQe4A2LfilTv3xs097i5Zfr31CNMb3cm2qh6pfowMQZbXECuS3SGZwoi9KszELCoQUOLfH4_FeEjQwMYTq8_wNjFfzaLRhU=,,Tecnologia da Informação & Serviços Digitais,Cloud & Infraestrutura de TI,servidores,Joinville/Curitiba,250.0,Estado Alvo,[ESTADO ALVO: PR],0,pncp_intelligence/data/briefings_ia/briefing_77001311000108-1-000558_2026.txt,,2026-09
92,34028316000103-1-000002/2025,2025,26000405,53180.029819/2026-91,34028316000103,EMPRESA BRASILEIRA DE CORREIOS E TELEGRAFOS,F,E,DF,Brasília,LICITAÇÃO CORREIOS,6,Pregão - Eletrônico,Aberto,Divulgada no PNCP,0,"Pregão Correios nº 26000405/2026 - CS Aquisição de servidores para os Data Centers dos Correios, incluindo suporte e serviços de instalação. IMPORTANTE: ao registrar as propostas, atentar para o item 6.9 e seus subitens, sob pena de desclassificação. A Licitação será realizada pela CPL/CS. O valor estimado da contratação é sigiloso e será divulgado após o encerramento da fase de lances. EQUALIZAÇÃO MANUAL: Caberá ao proponente calcular manualmente o valor equalizado do(s) lote(s) (VIDE DOCUMENTO ESCLARECIMENTO ICMS) (REGISTRAR VALOR TOTAL DO LOTE - SUGERIMOS MINUCIOSA LEITURA DO EDITAL E SEUS ANEXOS).",,0.0,0.0,2026-09-17 18:30:37,2026-09-17T08:00:00,2026-10-08T09:00:00,https://licitacoes-e2.bb.com.br/aop-inter-estatico/visualizar-processo-publico/1100667,,Tecnologia da Informação & Serviços Digitais,Cloud & Infraestrutura de TI,servidores,Brasília,0.0,0 km (Base Central),[BASE DIRETA: BRASÍLIA/DF],1,pncp_intelligence/data/briefings_ia/briefing_34028316000103-1-000002_2025.txt,,2026-09
93,15126437000305-1-003772/2026,2026,39,23819.003836/2026-94,15126437000305,EMPRESA BRASILEIRA DE SERVICOS HOSPITALARES - EBSERH,N,N,RJ,Rio de Janeiro,HOSPITAL UNIVERSITÁRIO GAFFRÉE E GUINLE,6,Pregão - Eletrônico,Aberto-Fechado,Divulgada no PNCP,1,"Aquisição de Produtos para Saúde - Drenos e Cânulas para o novo Hospital Universitário dos Servidores - Unirio, Hospital Universitário Antônio Pedro e Complexo Hospitalar da UFRJ.",,0.0,0.0,2026-09-18 07:40:29,2026-09-23T10:00:00,2026-10-06T10:00:00,https://cnetmobile.estaleiro.serpro.gov.br/comprasnet-web/public/compras/acompanhamento-compra?compra=15591105000392026,https://sei.ebserh.gov.br/sei/controlador.php?acao=procedimento_trabalhar&acao_origem=procedimento_visualizar&id_procedimento=77623065&infra_sistema=100000100&infra_unidade_atual=110007271&infra_hash=443b56732dfd8a56d3aae2d87ea4f975aa1529228d4600f677b90eb90629820f,Tecnologia da Informação & Serviços Digitais,Cloud & Infraestrutura de TI,servidores,Outro,999.0,Fora do Raio,[FORA DAS BASES],0,pncp_intelligence/data/briefings_ia/briefing_15126437000305-1-003772_2026.txt,,2026-09
94,75730994000109-1-000333/2026,2026,112,207,75730994000109,MUNICIPIO DE NOVA ESPERANCA,M,N,PR,Nova Esperança,Unidade administrativa,6,Pregão - Eletrônico,Aberto-Fechado,Divulgada no PNCP,1,"Registro de preços para a contratação de pessoa jurídica para o fornecimento de materiais de lavanderia hospitalar, compreendendo amaciante, desincrustante alcalino, detergente líquido concentrado, neutralizador líquido concentrado e desinfetante bactericida concentrado à base de ácido peracético, destinados ao processamento e à higienização do enxoval do Hospital Municipal Sagrado Coração de Jesus, com fornecimento, instalação, configuração e manutenção de sistema eletrônico de dosagem em regime de comodato, incluindo assistência técnica, manutenção preventiva mensal, manutenção corretiva, treinamento dos servidores responsáveis pela operação, automação do sistema de entrada e saída de água da máquina de lavar e emissão de laudos técnicos bimestrais",,121098.0,0.0,2026-09-18 08:10:58,2026-09-18T10:00:00,2026-10-07T08:59:00,,,Tecnologia da Informação & Serviços Digitais,Cloud & Infraestrutura de TI,servidores,Joinville/Curitiba,250.0,Estado Alvo,[ESTADO ALVO: PR],0,pncp_intelligence/data/briefings_ia/briefing_75730994000109-1-000333_2026.txt,,2026-09
95,97320030000117-1-000207/2026,2026,Pregão Lei 14.133 Eletronico 77,161,97320030000117,MUNICIPIO DE SARANDI,M,N,RS,Sarandi,Município de Sarandi,6,Pregão - Eletrônico,Aberto,Divulgada no PNCP,1,"Contratação de empresa especializada para locação de conjuntos completos de equipamentos GNSS RTK de alta precisão, por diária, destinados à execução de levantamentos topográficos, georreferenciamento, locações, medições, cadastro técnico, apoio à elaboração de projetos de engenharia, regularização fundiária urbana (REURB), fiscalização de obras, infraestrutura viária, drenagem, saneamento, parcelamento do solo e demais atividades técnicas desenvolvidas pelos servidores do Município e pelo profissional de topografia contratado.",,33267.0,0.0,2026-09-18 08:18:16,2026-09-18T11:00:00,2026-10-09T08:29:00,,,Tecnologia da Informação & Serviços Digitais,Cloud & Infraestrutura de TI,servidores,Outro,999.0,Fora do Raio,[FORA DAS BASES],0,pncp_intelligence/data/briefings_ia/briefing_97320030000117-1-000207_2026.txt,,2026-09
96,32001836000105-1-000217/2026,2026,30,11492/2026,32001836000105,MUNICIPIO DE SAO JOSE DO VALE DO RIO PRETO,M,E,RJ,São José do Vale do Rio Preto,PREFEITURA MUNICIPAL DE SÃO JOSÉ DO VALE DO RIO PRETO - RJ,6,Pregão - Eletrônico,Aberto,Divulgada no PNCP,0,"CONTRATAÇÃO DE INSTITUIÇÃO FINANCEIRA PARA PRESTAÇÃO DE SERVIÇOS REFERENTE A OPERACIONALIZAÇÃO DE FOLHA DE PAGAMENTO DOS SERVIDORES DA ADMINISTRAÇÃO PÚBLICA MUNICIPAL DIRETA, PARA PAGAMENTOS DOS SERVIDORES ATIVOS, INATIVOS E PENSIONISTAS DA ADMINISTRAÇÃO DIRETA DO PODER EXECUTIVO",,1284450.0,0.0,2026-09-18 09:27:59,2026-09-18T15:00:00,2026-10-06T09:30:00,https://bllcompras.com/Process/ProcessView?param1=[gkz]btBfQLr5loMgAqTuEd8KUh_A8yGc8vbxLqHtcbvdudb_OPshNMJUUQ1N3JBMr0tF_EGPvLJ9X213sKJIVEz/k0ONd4_coJcSL1NAf4EGHf0=,,Tecnologia da Informação & Serviços Digitais,Cloud & Infraestrutura de TI,servidores,Outro,999.0,Fora do Raio,[FORA DAS BASES],0,pncp_intelligence/data/briefings_ia/briefing_32001836000105-1-000217_2026.txt,,2026-09
97,08294662000123-1-000082/2026,2026,025,2026.03.18.0046,08294662000123,MUNICIPIO DE ASSU,M,N,RN,Assú,FUNDO MUNICIPAL DE SAÚDE DO MUNICÍPIO DE ASSÚ,6,Pregão - Eletrônico,Aberto,Divulgada no PNCP,0,"[Portal de Compras Públicas] - A contratação de serviço continuado de fornecimento de equipamentos, em regime de locação, incluindo insumos em geral, calibradores, controles, reagentes e software de interfaceamento com todo licenciamento de software necessário para seu funcionamento, a realização dos exames de hematologia, equipamento analisador automático para Bioquímica Clínica e gasometria arterial, para atender a Rede Municipal de Saúde de Assú/RN. O serviço deve incluir, manutenção corretiva e preventiva, suporte técnico e atualização tecnológica dos equipamentos, garantindo a disponibilidade ininterrupta das operações laboratoriais e o suporte necessário ao diagnóstico clínico e acompanhamento terapêutico.",,1681310.88,0.0,2026-09-18 10:23:11,2026-09-22T08:00:00,2026-10-06T08:59:00,https://www.portaldecompraspublicas.com.br/processos/RN/Prefeitura-Municipal-de-Assu-1270/PE-025-2026-2026-512121,,Tecnologia da Informação & Serviços Digitais,Licenciamento de Software & SaaS,licenciamento de software,Natal,210.0,100 a 200 km,[BASE: NATAL | Assú/RN (210km)],1,pncp_intelligence/data/briefings_ia/briefing_08294662000123-1-000082_2026.txt,,2026-09
98,03676803000159-1-000064/2026,2026,95,2422/2026,03676803000159,CONSELHO REGIONAL DE EDUCACAO FISICA DA 4 REGIAO,F,E,SP,São Paulo,CONSELHO REGIONAL DE EDUCACAO FISICA 4A - SP,6,Pregão - Eletrônico,Aberto,Divulgada no PNCP,0,"Contratação de subscrição de 03 (três) licenças de solução Next Generation Firewall (NGFW) para os appliances WatchGuard M370 e T35/125, incluindo ativação, instalação, migração, suporte técnico especializado, atualizações, treinamento e manutenção evolutiva, pelo período de 12 (doze) meses, visando à proteção das comunicações institucionais do CREF4/SP, conforme as especificações estabelecidas no Anexo I do instrumento convocatório.",O edital contendo todas as informações também poderá ser acessado através do site do CREF4/SP no endereço www.crefsp.gov.br. Demais informações pelo telefone: 11 3292-1716 ou e-mail: licitacao@crefsp.gov.br.,216297.76,0.0,2026-09-18 11:19:23,2026-09-21T08:00:00,2026-10-06T09:30:00,https://cnetmobile.estaleiro.serpro.gov.br/comprasnet-web/public/compras/acompanhamento-compra?compra=92608905000952026,https://www.crefsp.gov.br/portal-da-transparencia/licitacoes-e-contratos/pregao-eletronico-90010-2026,Tecnologia da Informação & Serviços Digitais,Cibersegurança & Governança de Dados,firewall,São Paulo,0.0,0 km (Base Central),[BASE DIRETA: SÃO PAULO/SP],1,pncp_intelligence/data/briefings_ia/briefing_03676803000159-1-000064_2026.txt,,2026-09
99,13107453000163-1-000075/2026,2026,022,79,13107453000163,MUNICIPIO DE SALGADO,M,N,SE,Salgado,PREFEITURA MUNICIPAL DE SALGADO,6,Pregão - Eletrônico,Aberto,Divulgada no PNCP,0,"Contratação de empresa especializada para disponibilização de solução digital integrada de participação social, atendimento ao cidadão, gestão de demandas e comunicação institucional, na modalidade Software como Serviço – SaaS, compreendendo implantação, parametrização, hospedagem em nuvem, licenciamento de uso, suporte técnico, manutenção, atualizações e demais serviços necessários ao adequado funcionamento da solução",,163893.41,0.0,2026-09-18 13:57:48,2026-09-21T08:00:00,2026-10-07T09:00:00,,,Tecnologia da Informação & Serviços Digitais,Licenciamento de Software & SaaS,"software como servico, saas",Remoto,999.0,Fora do Raio,[VIABILIDADE: 100% REMOTO],0,pncp_intelligence/data/briefings_ia/briefing_13107453000163-1-000075_2026.txt,,2026-09
100,02292266000180-1-000109/2026,2026,123042,202605000745101,02292266000180,GOIAS TRIBUNAL DE JUSTICA DO ESTADO DE GOIAS,E,J,GO,Goiânia,TRIBUNAL DE JUSTIÇA DO ESTADO DE GOIÁS,6,Pregão - Eletrônico,Aberto,Divulgada no PNCP,1,"Registro de preços para eventual e futura contratação de serviço de desenvolvimento, manutenção, migração, evolução e criação de sistemas de informação (fábrica de software), com objetivo de atender à demanda por sistemas, integrações, manutenções e melhorias nas soluções tecnológicas utilizadas e disponibilizadas pelo Tribunal de Justiça do Estado de Goiás – TJGO,",,36780000.0,0.0,2026-09-18 14:01:00,2026-09-21T08:00:00,2026-10-15T14:00:00,,,Tecnologia da Informação & Serviços Digitais,Desenvolvimento & Fábrica de Software,fabrica de software,Goiânia,0.0,0 km (Base Central),[BASE DIRETA: GOIÂNIA/GO],1,pncp_intelligence/data/briefings_ia/briefing_02292266000180-1-000109_2026.txt,,2026-09
101,95684478000194-1-000119/2026,2026,28,3.301/2026,95684478000194,MUNICIPIO DE CANDOI,M,N,PR,Candói,PREFEITURA MUNICIPAL DE CANDÓI - PR,6,Pregão - Eletrônico,Aberto,Divulgada no PNCP,0,"Contratação de empresa para fornecimento de sistema de registro eletrônico de ponto, compreendendo a locação e manutenção de equipamentos, a licença de uso de programa informatizado, incluindo a hospedagem em datacenter, migração de dados, treinamento e suporte técnico, visando o controle de jornada eletrônico dos servidores municipais",,92652.72,0.0,2026-09-18 14:36:01,2026-09-21T08:00:00,2026-10-06T08:30:00,https://cnetmobile.estaleiro.serpro.gov.br/comprasnet-web/public/compras/acompanhamento-compra?compra=98549905000282026,https://candoi.pr.gov.br/licitacao/,Tecnologia da Informação & Serviços Digitais,Cloud & Infraestrutura de TI,"datacenter, servidores",Joinville/Curitiba,250.0,Estado Alvo,[ESTADO ALVO: PR],0,pncp_intelligence/data/briefings_ia/briefing_95684478000194-1-000119_2026.txt,,2026-09
102,46523130000100-1-000227/2026,2026,538/2026,538/2026,46523130000100,MUNICIPIO DE ITAPECERICA DA SERRA,M,N,SP,Itapecerica da Serra,Itapecerica da Serra,6,Pregão - Eletrônico,Aberto,Divulgada no PNCP,0,"Contratação de serviços de assessoria técnica especializada destinados a dar subsídios à elaboração da análise de conformidade, avaliação, precificação e apoio na negociação da folha de pagamentos da Prefeitura Municipal de Itapecerica da Serra, pelo prazo de execução dos serviços de 03 (três) meses e vigência contratual de 12 (doze) meses.",,7070553.77,0.0,2026-09-18 15:27:21,2026-09-18T15:35:00,2026-10-07T08:59:00,,,"Consultoria, Treinamento & Governança",Consultoria & Assessoria Técnica,assessoria tecnica especializada,São Paulo,33.0,Até 50 km,[BASE: SÃO PAULO | Itapecerica da Serra/SP (33km)],1,pncp_intelligence/data/briefings_ia/briefing_46523130000100-1-000227_2026.txt,,2026-09
103,42498733000148-1-001901/2026,2026,1636,007100.020407/2026-11,42498733000148,MUNICIPIO DE RIO DE JANEIRO,M,N,RJ,Rio de Janeiro,MRJ-PREFEITURA MUNICIPAL DO RIO DE JANEIRO,6,Pregão - Eletrônico,Aberto,Divulgada no PNCP,1,"Prestação de serviços de fornecimento de Vale Alimentação e Vale Refeição, na modalidade cartão eletrônico com chip de segurança. A prestação de serviços de fornecimento de Vale Alimentação e Vale Refeição destina-se aos empregados da COMLURB, estendendo-se essa prestação de serviços também à RIOTUR, RIOLUZ, RIOFILME, IMPRENSA DA CIDADE, MULTIRIO, CET-RIO, IPLANRIO, RIO-URBE, RIOSAÚDE, RIOEVENTOS e MOBI-RIO nas condições definidas no Termo de Referência...","Trata o presente processo de Registro de Preços visando à contratação de empresa especializada na prestação de serviços de administração, gerenciamento, emissão e fornecimento de Vale Alimentação (VA) e Vale Refeição (VR) , por meio de cartões eletrônicos com chip de segurança, aplicativo móvel e plataforma eletrônica de gestão, compreendendo
a disponibilização e recarga de créditos aos beneficiários, destinados aos empregados e estagiários da Companhia Municipal de Limpeza Urbana – COMLURB e das entidades da Administração Indireta do Município do Rio de Janeiro que aderirem à Ata de Registro de Preços, nas condições definidas no Termo de Referência que será acostado ao presente processo após a captação de demanda.
A Ata de Registro de Preços terá vigência de 12 (doze) meses, sendo que os contratos dela decorrentes poderão ser celebrados com vigência de até 24 (vinte e quatro) meses, observada a legislação vigente. Os benefícios deverão ser disponibilizados por meio de cartão eletrônico flexível (cartão único), com chip de segurança, contendo carteiras eletrônicas distintas e saldos segregados para Vale Alimentação (VA) e Vale Refeição (VR), observadas as disposições do Programa de Alimentação do Trabalhador – PAT e demais normas aplicáveis. ",881472736.34,0.0,2026-09-18 15:33:37,2026-09-25T09:00:00,2026-10-19T09:59:00,https://cnetmobile.estaleiro.serpro.gov.br/comprasnet-web/public/compras/acompanhamento-compra?compra=98600105016362026,https://prefeitura.sei.rio/sip/login.php?sigla_orgao_sistema=PCRJ&sigla_sistema=SEI,Tecnologia da Informação & Serviços Digitais,Desenvolvimento & Fábrica de Software,aplicativo movel,Outro,999.0,Fora do Raio,[FORA DAS BASES],0,pncp_intelligence/data/briefings_ia/briefing_42498733000148-1-001901_2026.txt,,2026-09
104,46435921000188-1-000147/2026,2026,22,61/2026,46435921000188,MUNICIPIO DE DIVINOLANDIA,M,N,SP,Divinolândia,Prefeitura Municipal de Divinolândia,6,Pregão - Eletrônico,Aberto,Divulgada no PNCP,0,"[Portal de Compras Públicas] - Contratação de empresa especializada para a prestação de serviços de Saúde e Segurança do Trabalho, compreendendo a elaboração, implantação, atualização e gerenciamento dos programas legais, emissão de laudos técnicos, realização de exames médicos ocupacionais, perícias médicas, gestão das informações de Saúde e Segurança do Trabalho destinadas ao e-Social, assessoria técnica especializada e demais serviços correlatos, destinados ao atendimento das necessidades da Prefeitura Municipal de Divinolândia, conforme condições, quantidades e exigências estabelecidas neste Termo de Referência.",,128800.0,0.0,2026-09-18 15:56:59,2026-09-22T08:30:00,2026-10-06T08:30:00,https://www.portaldecompraspublicas.com.br/processos/SP/Prefeitura-Municipal-de-Divinolandia-1488/PE-22-2026-2026-507794,,"Consultoria, Treinamento & Governança",Consultoria & Assessoria Técnica,assessoria tecnica especializada,São Paulo/Campinas,250.0,Estado Alvo,[ESTADO ALVO: SP],0,pncp_intelligence/data/briefings_ia/briefing_46435921000188-1-000147_2026.txt,,2026-09
105,83497594000115-1-000038/2026,2026,PCE 1,35/2026,83497594000115,TIMBO CAMARA DE VEREADORES,M,L,SC,Timbó,Atividades Legislativas,6,Pregão - Eletrônico,Aberto,Divulgada no PNCP,0,"Contratação de empresa especializada em desenvolvimento e fornecimento de sistemas de informática, para locação de sistema de Processo Legislativo Eletrônico em nuvem: A solução objeto deste pregão deverá ser fornecida na modalidade de locação de sistema em nuvem (SaaS - Software as a Service), modular, abrangendo todos os módulos do Processo Legislativo Eletrônico, além de serviço de treinamento, capacitação e serviços técnicos, migração, conversão, customização.",,39406.5,0.0,2026-09-18 16:09:29,2026-09-18T00:00:00,2026-10-09T00:00:00,,,Tecnologia da Informação & Serviços Digitais,Licenciamento de Software & SaaS,saas,Joinville,250.0,Estado Alvo,[VIABILIDADE: 100% REMOTO] [ESTADO ALVO: SC],0,pncp_intelligence/data/briefings_ia/briefing_83497594000115-1-000038_2026.txt,,2026-09
106,08025934000190-1-000012/2026,2026,39,4873483/2026,08025934000190,CONSELHO REGIONAL DE ENGENHARIA E AGRONOMIA DO RIO GRANDE DO NORTE - CREA/RN,F,E,RN,Natal,CONSELHO REGIONAL DE ENGENHARIA E AGRONOMIA,6,Pregão - Eletrônico,Aberto-Fechado,Divulgada no PNCP,0,"Contratação de empresa especializada na prestação de serviços de consultoria em Gestão por Processos (BPM), Gerenciamento de Riscos Institucionais e Implantação de Gestão por Competências no âmbito do Crea-RN. ",,190000.0,0.0,2026-09-18 16:42:29,2026-09-21T08:00:00,2026-10-06T09:00:00,https://cnetmobile.estaleiro.serpro.gov.br/comprasnet-web/public/compras/acompanhamento-compra?compra=92639305000392026,https://crea-rn.implanta.net.br/portaltransparencia/#publico/LicitacoesContratos?param=13,"Consultoria, Treinamento & Governança",Consultoria & Assessoria Técnica,consultoria em gestao,Natal,0.0,0 km (Base Central),[BASE DIRETA: NATAL/RN],1,pncp_intelligence/data/briefings_ia/briefing_08025934000190-1-000012_2026.txt,,2026-09
107,13614347000176-1-000001/2026,2026,1,2800.21.00001.2026,13614347000176,CONSELHO REGIONAL DE QUIMICA DA 21 REGIAO - CRQ XXI,F,E,ES,Vitória,CONSELHO REGIONAL DE QUIMICA 21A - ES,6,Pregão - Eletrônico,Aberto-Fechado,Divulgada no PNCP,0," contratação de empresa especializada para a prestação de serviços de disponibilização, implantação, parametrização, migração de dados legados, treinamento, suporte técnico especializado, sustentação e manutenção continuada de Solução Integrada de Gestão Finalística e Administrativa em Solução Integrada de Gestão Finalística e Corporativa 100% web (Software as a Service – SaaS / Computação em Nuvem)",,177900.0,0.0,2026-09-18 17:26:14,2026-09-23T18:00:00,2026-10-13T11:00:00,https://cnetmobile.estaleiro.serpro.gov.br/comprasnet-web/public/compras/acompanhamento-compra?compra=92855205000012026,https://sei.cfq.org.br/sei/controlador_externo.php?acao=usuario_externo_logar&id_orgao_acesso_externo=0,Tecnologia da Informação & Serviços Digitais,Cloud & Infraestrutura de TI,"computacao em nuvem, saas",Remoto,999.0,Fora do Raio,[VIABILIDADE: 100% REMOTO],0,pncp_intelligence/data/briefings_ia/briefing_13614347000176-1-000001_2026.txt,,2026-09
108,00508903000188-1-001818/2026,2026,102,0003663-44.2026.4.04.8003,00508903000188,JUSTICA FEDERAL DE PRIMEIRA INSTANCIA,F,J,PR,Curitiba,JUSTICA FEDERAL DE 1A. INSTANCIA - PR,6,Pregão - Eletrônico,Aberto,Divulgada no PNCP,0,"Prestação de serviços de assistência odontológica, mediante rede credenciada/conveniada/cooperada/contratada e/ou própria, aos servidores e magistrados (ativos e inativos) da Justiça Federal de 1.º Grau - SJPR e a seus dependentes e pensionistas. 
",,29.58,0.0,2026-09-21 04:02:09,2026-09-28T08:00:00,2026-10-15T14:00:00,https://cnetmobile.estaleiro.serpro.gov.br/comprasnet-web/public/compras/acompanhamento-compra?compra=09001805001022026,https://sei.trf4.jus.br,Tecnologia da Informação & Serviços Digitais,Cloud & Infraestrutura de TI,servidores,Joinville,130.0,100 a 200 km,[BASE: JOINVILLE | Curitiba/PR (130km)],1,pncp_intelligence/data/briefings_ia/briefing_00508903000188-1-001818_2026.txt,,2026-09
109,13698766000133-1-000181/2026,2026,PREGÃO ELETRÔNICO Nº 042,PROCESSO ADMINISTRATIVO N° 188/2026,13698766000133,MUNICIPIO DE MONTE SANTO,M,N,BA,Monte Santo,SECRETARIA MUNICIPAL DE EDUCAÇÃO E CULTURA,6,Pregão - Eletrônico,Aberto-Fechado,Divulgada no PNCP,0,"CONTRATAÇÃO DE EMPRESA ESPECIALIZADA PARA O FORNECIMENTO DE MATERIAIS DIDÁTICOS BILÍNGUES DE LÍNGUA INGLESA, DESTINADOS AOS ESTUDANTES E PROFESSORES DOS ANOS INICIAIS DO ENSINO FUNDAMENTAL DA REDE MUNICIPAL, COMPREENDENDO LIVROS DIDÁTICOS PARA OS ESTUDANTES, MATERIAIS DE APOIO E APERFEIÇOAMENTO PEDAGÓGICO PARA OS PROFESSORES, BEM COMO A DISPONIBILIZAÇÃO DE PLATAFORMA DIGITAL E APLICATIVO MÓVEL DE SUPORTE AO PROCESSO DE ENSINO E APRENDIZAGEM.","PROCESSO ADMINISTRATIVO N° 188/2026
PREGÃO ELETRÔNICO Nº 042/2026
",1176002.25,0.0,2026-09-21 06:39:28,2026-09-21T08:00:00,2026-10-07T08:00:00,https://licitacoes-e2.bb.com.br/aop-inter-estatico/,https://licitacoes-e2.bb.com.br/aop-inter-estatico/,Tecnologia da Informação & Serviços Digitais,Desenvolvimento & Fábrica de Software,aplicativo movel,Remoto,999.0,Fora do Raio,[VIABILIDADE: 100% REMOTO],0,pncp_intelligence/data/briefings_ia/briefing_13698766000133-1-000181_2026.txt,,2026-09
110,01787506000155-1-000182/2026,2026,061/2026,2026050210,01787506000155,MUNICIPIO DE CALDAS NOVAS,M,N,GO,Caldas Novas,SECRETARIA DA FAZENDA E GESTAO PUBLICA,6,Pregão - Eletrônico,Aberto,Suspensa,0,"CONTRATAÇÃO DE INSTITUIÇÃO FINANCEIRA PARA PROCESSAMENTO E GERENCIAMENTO DA FOLHA DE PAGAMENTO DOS SERVIDORES PÚBLICOS MUNICIPAIS DE CALDAS NOVAS/GO, DA ADMINISTRAÇÃO DIRETA E INDIRETA, INCLUSIVE ATIVOS, APOSENTADOS E PENSIONISTAS",,14326959.6,0.0,2026-09-21 08:21:51,2026-09-22T08:00:00,2026-10-07T08:00:00,https://www.slicx.com.br,,Tecnologia da Informação & Serviços Digitais,Cloud & Infraestrutura de TI,servidores,Goiânia,170.0,100 a 200 km,[BASE: GOIÂNIA | Caldas Novas/GO (170km)],1,pncp_intelligence/data/briefings_ia/briefing_01787506000155-1-000182_2026.txt,,2026-09
111,10572022000180-1-000607/2026,2026,170,0708.2026.AC-17.SAD.FES-PE,10572022000180,SECRETARIA DE ADMINISTRACAO,E,E,PE,Recife,EPE-SECRETARIA DE ADMINISTRAÇÃO DO GOVERNO,6,Pregão - Eletrônico,Aberto,Divulgada no PNCP,1,"Formação de Ata de Registro de Preços Unificada para o fornecimento eventual de  Dispositivos Médicos do tipo curativos, imobilização ortopédica e procedimentos cirúrgicos visando atender as necessidades dos hospitais e estabelecimentos vinculados à Secretaria Estadual de Saúde de Pernambuco, assim como Hospital dos Servidores do Estado - HSE/SASSEPE, conforme as condições, especificações, quantidades e exigências contidas no Termo de Referência, (Anexo I).",,6423746.65,0.0,2026-09-21 09:41:18,2026-09-22T08:00:00,2026-10-06T09:00:00,https://cnetmobile.estaleiro.serpro.gov.br/comprasnet-web/public/compras/acompanhamento-compra?compra=92615005001702026,https://sei.pe.gov.br/sei/modulos/pesquisa/md_pesq_processo_pesquisar.php?acao_externa=protocolo_pesquisar&acao_origem_externa=protocolo_pesquisar&id_orgao_acesso_externo=0,Tecnologia da Informação & Serviços Digitais,Cloud & Infraestrutura de TI,servidores,Recife,0.0,0 km (Base Central),[BASE DIRETA: RECIFE/PE],1,pncp_intelligence/data/briefings_ia/briefing_10572022000180-1-000607_2026.txt,,2026-09
112,87530978000143-1-000380/2026,2026,123 | Processo 8809,123,87530978000143,MUNICIPIO DE CACHOEIRA DO SUL,M,N,RS,Cachoeira do Sul,PREFEITURA MUNICIPAL,6,Pregão - Eletrônico,Aberto-Fechado,Divulgada no PNCP,0,Curso de Capacitacao para Idosos, ,21433.33,0.0,2026-09-21 10:29:33,2026-09-21T09:00:00,2026-10-08T09:00:00, ,,"Consultoria, Treinamento & Governança",Capacitação & Educação Corporativa,curso de capacitacao,Outro,999.0,Fora do Raio,[FORA DAS BASES],0,pncp_intelligence/data/briefings_ia/briefing_87530978000143-1-000380_2026.txt,,2026-09
113,07954480000179-1-024403/2026,2026,202627367,08012018022202484,07954480000179,ESTADO DO CEARA,E,N,CE,Fortaleza,DEPARTAMENTO ESTADUAL DE TRANSITO,6,Pregão - Eletrônico,Aberto-Fechado,Divulgada no PNCP,0," Serviços continuados de rotas fixas de transporte, por quilômetro rodado, para os servidores, colaboradores e demais pessoas que trabalham na sede do Departamento Estadual de Trânsito do Ceará – DETRAN/CE, no percurso ida e volta do trabalho, de acordo com as especificações e quantitativos previstos neste TERMO DE REFERENCIA.

",Unidade Compradora: 943001 – Número Da Compra:2892026,6195719.5,0.0,2026-09-21 10:53:48,2026-09-23T08:00:00,2026-10-07T08:30:00,http://comprasgovernamentais.gov.br/,,Tecnologia da Informação & Serviços Digitais,Cloud & Infraestrutura de TI,servidores,Outro,999.0,Fora do Raio,[FORA DAS BASES],0,pncp_intelligence/data/briefings_ia/briefing_07954480000179-1-024403_2026.txt,,2026-09
114,12472734000152-1-000046/2026,2026,48,20.08.1328.0000298/2025-42,12472734000152,PROCURADORIA GERAL DE JUSTICA DO ESTADO DE ALAGOAS,E,E,AL,Maceió,PROCURADORIA GERAL DE JUSTIÇA DE ALAGOAS,6,Pregão - Eletrônico,Aberto-Fechado,Divulgada no PNCP,1,Registro de preços para contratação de solução de segurança cibernética,Conforme TR.,1991274.87,0.0,2026-09-21 10:58:04,2026-09-22T08:00:00,2026-10-08T09:00:00,https://cnetmobile.estaleiro.serpro.gov.br/comprasnet-web/public/compras/acompanhamento-compra?compra=45379105000482026,https://sistemas.mpal.mp.br/ged/Administrativo/Publico.html#/Expediente/ConsultaPublica,Tecnologia da Informação & Serviços Digitais,Cibersegurança & Governança de Dados,seguranca cibernetica,Outro,999.0,Fora do Raio,[FORA DAS BASES],0,pncp_intelligence/data/briefings_ia/briefing_12472734000152-1-000046_2026.txt,,2026-09
115,05470347000111-1-000038/2026,2026,6,900012/2026,05470347000111,AGENCIA ESTADUAL DE DEFESA AGROPECUARIA DO ESTADO DO PARA,E,E,PA,Belém,EPA - AGÊNCIA DE DEFESA AGROPEC. DO PARÁ,6,Pregão - Eletrônico,Aberto-Fechado,Divulgada no PNCP,0,"O objeto desta contratação consiste na prestação contínua de serviços gerenciados de computação em nuvem, no modelo de cloud broker (integrador), responsável pela intermediação, planejamento técnico, provisionamento, configuração, implantação, gerenciamento, monitoramento, suporte, treinamento, manutenção, segurança e otimização dos recursos de computação em nuvem da Amazon Web Services – AWS utilizados pela Agência de Defesa Agropecuária do Estado do Pará – ADEPARÁ.",,0.0,0.0,2026-09-21 11:41:27,2026-09-22T08:00:00,2026-10-07T10:00:00,https://cnetmobile.estaleiro.serpro.gov.br/comprasnet-web/public/compras/acompanhamento-compra?compra=92589805000062026,https://www.sistemas.pa.gov.br/pae/#/protocolos/visualizarAnexos/U2FsdGVkX18rpfP9W*77xsj0ys07sxtB6eXzzu9HFt4=,Tecnologia da Informação & Serviços Digitais,Cloud & Infraestrutura de TI,"computacao em nuvem, aws",Remoto,999.0,Fora do Raio,[VIABILIDADE: 100% REMOTO],0,pncp_intelligence/data/briefings_ia/briefing_05470347000111-1-000038_2026.txt,,2026-09
116,14345748000130-1-000011/2026,2026,10,26.1.000002265-5,14345748000130,CONSELHO REGIONAL DE MEDICINA DO ESTADO DO ACRE,F,E,AC,Rio Branco,CONSELHO REGIONAL DE MEDICINA DO ESTADO ACRE,6,Pregão - Eletrônico,Aberto,Divulgada no PNCP,1,"Registro de Preços para eventual e futura contratação de empresa especializada na prestação de serviços de organização de
eventos a serem executados sem dedicação exclusiva de mão de obra, sob demanda, contemplando todos os serviços indispensáveis à plena execução dos projetos de eventos institucionais, compreendendo o fornecimento, recursos humanos
especializados, alimentação, ambientação e demais serviços correlatos necessários à plena realização dos eventos promovidos pelo CRM/AC.",,78192.98,0.0,2026-09-21 11:44:00,2026-09-23T08:00:00,2026-10-08T11:00:00,https://cnetmobile.estaleiro.serpro.gov.br/comprasnet-web/public/compras/acompanhamento-compra?compra=38916205000102026,https://transparencia.crmac.org.br,Tecnologia da Informação & Serviços Digitais,Licenciamento de Software & SaaS,crm,Outro,999.0,Fora do Raio,[FORA DAS BASES],0,pncp_intelligence/data/briefings_ia/briefing_14345748000130-1-000011_2026.txt,,2026-09
117,11800731000138-1-000213/2026,2026,PE 363,RSD-020116/005492/2026,11800731000138,FUNDO MUNICIPAL DE SAUDE/SUS DO MUNICIPIO DE RESENDE,M,E,RJ,Resende,FUNDO MUNICIPAL DE SAÚDE DE RESENDE - SUS,6,Pregão - Eletrônico,Aberto,Divulgada no PNCP,0,"RSD-020116/005492/2026 - AQUISIÇÃO DE UNIFORMES, EPI’S, BONÉS E MOCHILAS PARA ATENDER AS NECESSIDADES DOS SERVIDORES LOTADOS NA SUPERINTENDÊNCIA DE VIGILÂNCIA EM SAÚDE E SUPERINTENDÊNCIA DE ATENÇÃO BÁSICA, ATRAVÉS DA SECRETARIA MUNICIPAL DE SAÚDE.",,111682.74,0.0,2026-09-21 11:58:00,2026-09-23T08:00:00,2026-10-07T14:00:00,https://bnccompras.com/Process/ProcessView?param1=[gkz]Ilfil9se_AT/H1o_gcvnmG2eglUzFDBJdfETVCght0m5pFgAsbsFekuyWXdbOd8rd_QEyHFab_zgg7KptZ2xaF6L0n01YNWa_uHcH7SqY28=,,Tecnologia da Informação & Serviços Digitais,Cloud & Infraestrutura de TI,servidores,Outro,999.0,Fora do Raio,[FORA DAS BASES],0,pncp_intelligence/data/briefings_ia/briefing_11800731000138-1-000213_2026.txt,,2026-09
118,18313833000178-1-000081/2026,2026,8,80/2026,18313833000178,MUNICIPIO DE FLORESTAL,M,N,MG,Florestal,PREFEITURA MUNICIPAL DE FLORESTAL - MG,6,Pregão - Eletrônico,Aberto-Fechado,Divulgada no PNCP,0,"Contratação de serviços, especializado de engenharia de segurança, medicina do trabalho e saúde ocupacional dos servidores públicos municipais, atendendo às necessidades da Divisão de Recursos Humanos – Secretaria Municipal de Administração e Planejamento – Florestal- MG
","Nos casos em que o item descrito em compras.gov/ CATMAT não corresponda ao descrito neste Edital, prevalece o item descrito no Edital, pois não foi encontrado código compatível no CATMAT.",317448.49,0.0,2026-09-21 13:54:34,2026-09-22T08:00:00,2026-10-14T09:00:00,https://cnetmobile.estaleiro.serpro.gov.br/comprasnet-web/public/compras/acompanhamento-compra?compra=98451905000082026,,Tecnologia da Informação & Serviços Digitais,Cloud & Infraestrutura de TI,servidores,Campinas/Sul de Minas,250.0,Estado Alvo,[ESTADO ALVO: MG],0,pncp_intelligence/data/briefings_ia/briefing_18313833000178-1-000081_2026.txt,,2026-09
119,07655277000100-1-000145/2026,2026,2026.09.18.3,2026.09.18.3,07655277000100,MUNICIPIO DE MILAGRES,M,N,CE,Milagres,PREFEITURA MUNICIPAL DE MILAGRES,6,Pregão - Eletrônico,Aberto-Fechado,Divulgada no PNCP,0,"CONTRATAÇÃO DE EMPRESA ESPECIALIZADA PARA O FORNECIMENTO DE EXTINTORES DE INCÊNDIO NOVOS E ACESSÓRIOS DE FIXAÇÃO, PRESTAÇÃO DE SERVIÇOS DE RECARGA E MANUTENÇÃO PREVENTIVA E CORRETIVA, AQUISIÇÃO E INSTALAÇÃO DE SINALIZAÇÃO E ILUMINAÇÃO DE EMERGÊNCIA CONFORME NORMAS VIGENTES, ALÉM DA REALIZAÇÃO DE TREINAMENTO PRÁTICO PARA SERVIDORES EM COMBATE A INCÊNDIO, VISANDO A ATENDER AS NECESSIDADES DAS SECRETARIAS MUNICIPAIS DE SAÚDE E DE EDUCAÇÃO DO MUNICÍPIO DE MILAGRES/CE.",,262778.04,0.0,2026-09-21 14:09:44,2026-09-22T16:00:00,2026-10-07T08:29:00,http://www.licitacoesmilagres.com.br,,Tecnologia da Informação & Serviços Digitais,Cloud & Infraestrutura de TI,servidores,Outro,999.0,Fora do Raio,[FORA DAS BASES],0,pncp_intelligence/data/briefings_ia/briefing_07655277000100-1-000145_2026.txt,,2026-09
120,76206499000150-1-000197/2026,2026,37,190/2026,76206499000150,MUNICIPIO DE SAO MIGUEL DO IGUACU,M,N,PR,São Miguel do Iguaçu,PREFEITURA MUNICIPAL DE MIGUEL DO IGUACU,6,Pregão - Eletrônico,Aberto,Divulgada no PNCP,0,"Contratação de empresa especializada na prestação de serviços de implementação, administração, gerenciamento, emissão, fornecimento e carregamento de créditos mensais de auxílio-alimentação, por meio de cartões alimentação na modalidade de cartões eletrônicos com tecnologia de chip e senha aos servidores públicos municipais de São Miguel do Iguaçu - PR, conforme edital e anexos.",MAIOR DESCONTO,31873036.8,0.0,2026-09-21 14:24:19,2026-09-22T08:00:00,2026-10-14T08:30:00,https://cnetmobile.estaleiro.serpro.gov.br/comprasnet-web/public/compras/acompanhamento-compra?compra=98788905000372026,https://saomigueldoiguacu.oxy.elotech.com.br/portaltransparencia/1/licitacoes,Tecnologia da Informação & Serviços Digitais,Cloud & Infraestrutura de TI,servidores,Joinville/Curitiba,250.0,Estado Alvo,[ESTADO ALVO: PR],0,pncp_intelligence/data/briefings_ia/briefing_76206499000150-1-000197_2026.txt,,2026-09
121,10572022000180-1-000610/2026,2026,153,06802026AC-19PE0427.SAD.FESPE,10572022000180,SECRETARIA DE ADMINISTRACAO,E,E,PE,Recife,EPE-SECRETARIA DE ADMINISTRAÇÃO DO GOVERNO,6,Pregão - Eletrônico,Aberto,Divulgada no PNCP,1,"Fornecimento eventual de Dispositivos Médicos do tipo MMH SONDAS (PADRONIZAÇÃO)- GRUPO: 3 visando atender as necessidades dos hospitais e estabelecimentos vinculados à Secretaria Estadual de Saúde de Pernambuco, bem como para o Hospital Dos Servidores do Estado, conforme as condições, especifi cações, quantidades e exigências contidas neste Termo de Referência.",,543892.81,0.0,2026-09-21 14:30:21,2026-09-22T08:00:00,2026-10-09T09:00:00,https://cnetmobile.estaleiro.serpro.gov.br/comprasnet-web/public/compras/acompanhamento-compra?compra=92615005001532026,https://sei.pe.gov.br/sei/modulos/pesquisa/md_pesq_processo_pesquisar.php?acao_externa=protocolo_pesquisar&acao_origem_externa=protocolo_pesquisar&id_orgao_acesso_externo=0,Tecnologia da Informação & Serviços Digitais,Cloud & Infraestrutura de TI,servidores,Recife,0.0,0 km (Base Central),[BASE DIRETA: RECIFE/PE],1,pncp_intelligence/data/briefings_ia/briefing_10572022000180-1-000610_2026.txt,,2026-09
122,44723674000190-1-000795/2026,2026,108,1102/2026,44723674000190,MUNICIPIO DE CAPIVARI,M,N,SP,Capivari,PREFEITURA MUNICIPAL DE CAPIVARI - SP,6,Pregão - Eletrônico,Aberto,Divulgada no PNCP,0,"SECRETARIA MUNICIPAL DA SEGURANÇA PÚBLICA SOLICITA A CONTRATAÇÃO DE EMPRESA ESPECIALIZADA PARA A PRESTAÇÃO DE SERVIÇO CONTINUADO DE SOLUÇÃO INTEGRADA, COM FORNECIMENTO DE 30 (TRINTA)CÂMERAS PORTÁTEIS EM REGIME DE COMODATO, LICENCIAMENTO DE SOFTWARE DE CUSTÓDIO E COMPARTILHAMENTO DE EVIDÊNCIAS DIGITAIS POR MEIO DE CÂMERAS OPERACIONAIS PORTÁTEIS (BODY CAM), PELO PERÍODO DE 36 MESES.","A presente contratação fundamenta-se na necessidade imperiosa de adequação de câmeras operacionais portáteis (body cam), a natureza das atividades desempenhadas pela Guarda Civil Municipal exige que tais unidades sejam dotadas de equipamentos específicos. ",835272.0,0.0,2026-09-21 14:33:14,2026-09-22T08:00:00,2026-10-06T08:00:00,,,Tecnologia da Informação & Serviços Digitais,Licenciamento de Software & SaaS,licenciamento de software,São Paulo/Campinas,250.0,Estado Alvo,[ESTADO ALVO: SP],0,pncp_intelligence/data/briefings_ia/briefing_44723674000190-1-000795_2026.txt,,2026-09
123,07093503000106-1-000033/2026,2026,37,020/2026,07093503000106,CONSELHO REGIONAL DE CONTABILIDADE DO CEARA,F,E,CE,Fortaleza,CONSELHO REGIONAL DE CONTABILIDADE - CE,6,Pregão - Eletrônico,Aberto-Fechado,Divulgada no PNCP,1,"O objeto da presente licitação é a seleção de propostas para o Registro de Preços visando à eventual e futura contratação de empresa(s) especializada(s) na prestação de serviços de organização, infraestrutura, suporte logístico, locação de equipamentos e suprimentos para eventos, treinamentos e capacitações, para atender às demandas da Coordenadoria de Desenvolvimento Profissional (Desenprof) e da Coordenadoria de Recursos Humanos (RH) do CRCCE. ",,617946.35,0.0,2026-09-21 14:38:25,2026-09-22T08:00:00,2026-10-08T09:00:00,https://cnetmobile.estaleiro.serpro.gov.br/comprasnet-web/public/compras/acompanhamento-compra?compra=92658205000372026,https://sei.cfc.org.br/sei/controlador.php?acao=procedimento_trabalhar&acao_origem=rel_bloco_protocolo_listar&acao_retorno=rel_bloco_protocolo_listar&id_procedimento=1515477&id_bloco=54124&infra_sistema=100000100&infra_unidade_atual=110000445&infra_hash=0ca1f2c1ef486152c3ffe0cd1d8109fdf35ec1549fd40fdab125fcf82f844f4f,"Consultoria, Treinamento & Serviços Especializados",Treinamento & Desenvolvimento Humano,desenvolvimento profissional,Outro,999.0,Fora do Raio,[FORA DAS BASES],0,pncp_intelligence/data/briefings_ia/briefing_07093503000106-1-000033_2026.txt,,2026-09
124,76290683000120-1-000085/2026,2026,42,131/2026,76290683000120,MUNICIPIO DE SAO JERONIMO DA SERRA,M,N,PR,São Jerônimo da Serra,PREFEITURA MUNICIPAL SÃO JERÔNIMO DA SERRA-PR,6,Pregão - Eletrônico,Aberto,Divulgada no PNCP,0,"CONTRATAÇÃO DE EMPRESA ESPECIALIZADA PARA PRESTAÇÃO DE SERVIÇOS DE SISTEMAS INTEGRADOS DE GESTÃO PÚBLICA EM AMBIENTE DE COMPUTAÇÃO EM NUVEM (CLOUD), COMPREENDENDO LICENCIAMENTO OU CESSÃO DE DIREITO DE USO, IMPLANTAÇÃO, CONFIGURAÇÃO, PARAMETRIZAÇÃO, MIGRAÇÃO E CONVERSÃO DE DADOS, TREINAMENTO, MANUTENÇÃO, ATUALIZAÇÃO, SUPORTE TÉCNICO, HOSPEDAGEM E DEMAIS SERVIÇOS NECESSÁRIOS AO PLENO FUNCIONAMENTO DA SOLUÇÃO, DESTINADA À PREFEITURA MUNICIPAL DE SÃO JERÔNIMO DA SERRA/PR, CÂMARA MUNICIPAL E SAMAE",,658584.0,0.0,2026-09-21 14:48:24,2026-09-29T08:00:00,2026-10-15T09:00:00,https://cnetmobile.estaleiro.serpro.gov.br/comprasnet-web/public/compras/acompanhamento-compra?compra=98786905000422026,https://saojeronimodaserra.pr.gov.br/,Tecnologia da Informação & Serviços Digitais,Cloud & Infraestrutura de TI,computacao em nuvem,Joinville/Curitiba,250.0,Estado Alvo,[VIABILIDADE: 100% REMOTO] [ESTADO ALVO: PR],0,pncp_intelligence/data/briefings_ia/briefing_76290683000120-1-000085_2026.txt,,2026-09
125,44723674000190-1-000796/2026,2026,106,1104/2026,44723674000190,MUNICIPIO DE CAPIVARI,M,N,SP,Capivari,PREFEITURA MUNICIPAL DE CAPIVARI - SP,6,Pregão - Eletrônico,Aberto,Divulgada no PNCP,0,"Abertura de Pregão visando a contratação de empresa especializada para prestação de serviços de manutenção preventiva e corretiva de elevadores, incluindo fornecimento de mão de obra, materiais e demais serviços necessários para o adequado funcionamento do equipamento.","A presente contratação justifica-se pela necessidade de assegurar o adequado funcionamento, a segurança e a conservação do elevadore instalado nas dependências do Paço Municipal, o qual é utilizado diariamente por servidores, munícipes e demais usuários do prédio público. A realização de manutenção preventiva e corretiva é indispensável para garantir a segurança dos usuários, prevenir falhas e paralisações, prolongar a vida útil dos equipamentos e manter suas condições adequadas de funcionamento. Ressalta-se, ainda, que o elevador desempenha importante função na promoção da acessibilidade e na garantia do deslocamento de pessoas nas instalações públicas. Dessa forma, a contratação mostra-se necessária e conveniente ao interesse público, visando assegurar a continuidade e a regularidade dos serviços de manutenção, bem como a segurança dos usuários e a preservação do patrimônio público municipal.",8100.0,0.0,2026-09-21 15:14:24,2026-09-22T08:00:00,2026-10-08T08:00:00,,,Tecnologia da Informação & Serviços Digitais,Cloud & Infraestrutura de TI,servidores,São Paulo/Campinas,250.0,Estado Alvo,[ESTADO ALVO: SP],0,pncp_intelligence/data/briefings_ia/briefing_44723674000190-1-000796_2026.txt,,2026-09
126,51455087000122-1-000121/2026,2026,159/2026,085/2026,51455087000122,MUNICIPIO DE VARGEM GRANDE PAULISTA,M,N,SP,Vargem Grande Paulista,PM Vargem Grande Paulista,6,Pregão - Eletrônico,Aberto,Divulgada no PNCP,0,"Contratação de empresa especializada para fornecimento de serviços de locação de Software Integrado de Gestão para a Administração Pública Municipal de Vargem Grande Paulista, incluindo a instalação de licenças, configuração e parametrização do sistema, conversão de dados pré-existentes, suporte técnico e treinamentos para os usuários, além de oferecer manutenção preventiva, corretiva e evolutiva, através da disponibilização dos serviços em nuvem",,3611972.5,0.0,2026-09-21 15:18:14,2026-09-22T09:00:00,2026-10-06T08:29:00,,,Tecnologia da Informação & Serviços Digitais,Cloud & Infraestrutura de TI,servicos em nuvem,São Paulo/Campinas,250.0,Estado Alvo,[VIABILIDADE: 100% REMOTO] [ESTADO ALVO: SP],0,pncp_intelligence/data/briefings_ia/briefing_51455087000122-1-000121_2026.txt,,2026-09
127,77926509000194-1-000043/2026,2026,6,26.0.000010080-2,77926509000194,MARINGA CAMARA MUNICIPAL,M,L,PR,Maringá,CAMARA MUNICIPAL DE MARINGA - PR,6,Pregão - Eletrônico,Aberto-Fechado,Suspensa,0,"Contratação de empresa especializada na prestação de serviços de agenciamento de viagens, compreendendo, conforme demanda da Câmara Municipal de Maringá, a pesquisa e apresentação de opções de transporte, cotação, reserva, emissão, remarcação, alteração, cancelamento, reembolso e demais providências relacionadas à aquisição de passagens aéreas nacionais e internacionais e passagens terrestres (rodoviárias), destinadas a Vereadores, servidores e colaboradores eventuais ou terceiros que necessitem","Havendo divergência entre a especificação técnica existente no Sistema de Compras do Governo Federal (www.gov.br/compras) através dos CAT/MAT ou CAT/SER e o descrito no Termo de Referência, prevalece para fins de aceitação e recebimento do objeto licitado, o descrito no Termo de Referência (Anexo I).

",152531.46,0.0,2026-09-21 15:33:24,2026-09-22T08:00:00,2026-10-07T09:00:00,https://cnetmobile.estaleiro.serpro.gov.br/comprasnet-web/public/compras/acompanhamento-compra?compra=92603105000062026,https://maringa.oxy.elotech.com.br/portaltransparencia/6/licitacoes,Tecnologia da Informação & Serviços Digitais,Cloud & Infraestrutura de TI,servidores,Joinville/Curitiba,250.0,Estado Alvo,[ESTADO ALVO: PR],0,pncp_intelligence/data/briefings_ia/briefing_77926509000194-1-000043_2026.txt,,2026-09
128,83497594000115-1-000041/2026,2026,01,01/2026,83497594000115,TIMBO CAMARA DE VEREADORES,M,L,SC,Timbó,Câmara de Vereadores de Timbó - SC,6,Pregão - Eletrônico,Aberto,Divulgada no PNCP,0,"Contratação de empresa especializada para disponibilização de Sistema de Processo
Legislativo e Administrativo Eletrônico em nuvem, na modalidade Software como Serviço
(SaaS), abrangendo a gestão do processo legislativo, sessões plenárias com votação eletrônica,
portal web e parlamento jovem, incluindo os serviços de implantação, parametrização,
migração de dados, treinamento, suporte técnico e manutenção, compreendendo os módulos
integrados, serviços, requisitos técnicos e níveis de desempenho ",conforme TERMO DE REFERÊNCIA E ETP,39406.5,0.0,2026-09-21 15:38:34,2026-09-21T09:00:00,2026-10-14T08:59:00,https://comprasbr.com.br/pregao-eletronico-detalhe/?idlicitacao=48460,,Tecnologia da Informação & Serviços Digitais,Licenciamento de Software & SaaS,"software como servico, saas",Joinville,250.0,Estado Alvo,[VIABILIDADE: 100% REMOTO] [ESTADO ALVO: SC],0,pncp_intelligence/data/briefings_ia/briefing_83497594000115-1-000041_2026.txt,,2026-09
129,13252010000166-1-000018/2026,2026,01,34/2026,13252010000166,CAMARA MUNICIPAL DE AMARGOZA,M,L,BA,Amargosa,Câmara Municipal de Amargosa,6,Pregão - Eletrônico,Aberto-Fechado,Divulgada no PNCP,0,"contratação de empresa especializada para a reestruturação da infraestrutura de rede lógica corporativa, aquisição de servidor corporativo para armazenamento de dados e implantação de sistema de segurança eletrônica (CFTV) do edifício-sede da Câmara Municipal de Amargosa, Bahia, executada em 3 (três) etapas contratuais distintas, conforme as especificações, quantitativos, condições e exigências estabelecidas neste Edital e em seus anexos.",,273448.26,0.0,2026-09-21 15:51:58,2026-09-21T15:05:00,2026-10-06T12:00:00,https://bllcompras.com/Process/ProcessView?param1=[gkz]i9X/DNdOUd7a6/eCBxJA7JXXT6xi/oN4qtvVo/eEKgHth1j6Pjqr6l/n47XvPbWC5oy_EoOB5okbT5Rc8EBO/BSbx7eGqhJPV0EsPN1kOzk=,,Tecnologia da Informação & Serviços Digitais,Cloud & Infraestrutura de TI,armazenamento de dados,Outro,999.0,Fora do Raio,[FORA DAS BASES],0,pncp_intelligence/data/briefings_ia/briefing_13252010000166-1-000018_2026.txt,,2026-09
130,13128780004431-1-000088/2026,2026,69,PE0069/2026,13128780004431,MUNICIPIO DE ARACAJU,M,E,SE,Aracaju,"SEPLOG-Secretaria Municipal do Planejamento, Orçamento e Gestão de Aracaju-SE",6,Pregão - Eletrônico,Aberto,Divulgada no PNCP,0,"CONTRATAÇÃO CENTRALIZADA DE SERVIÇOS CONTÍNUOS DE LOCAÇÃO DE VEÍCULOS TIPO VAN E PICAPE, SEM MOTORISTA E SEM COMBUSTÍVEL, PARA ATENDER ÀS NECESSIDADES DE TODOS OS ÓRGÃOS E ENTIDADES QUE COMPÕEM O MUNICÍPIO DE ARACAJU, CONFORME CONDIÇÕES, QUANTIDADES E EXIGÊNCIAS ESTABELECIDAS NESTE INSTRUMENTO, SOB A FORMA DE CONTRATO CORPORATIVO.","A PRESENTE CONTRATAÇÃO TEM POR FINALIDADE ASSEGURAR A CONTINUIDADE DA PRESTAÇÃO DOS SERVIÇOS DE LOCAÇÃO DE VEÍCULOS TIPO VAN E PICAPE, SEM MOTORISTA E SEM COMBUSTÍVEL, DESTINADOS AO ATENDIMENTO DAS ATIVIDADES INSTITUCIONAIS DESENVOLVIDAS PELOS ÓRGÃOS E ENTIDADES DA ADMINISTRAÇÃO DIRETA, AUTÁRQUICA E FUNDACIONAL DO MUNICÍPIO DE ARACAJU. 
A SECRETARIA MUNICIPAL DO PLANEJAMENTO, ORÇAMENTO E GESTÃO – SEPLOG, POR INTERMÉDIO DA CENTRAL DE COMPRAS E LICITAÇÕES – CCL E DA COORDENADORIA DE ACOMPANHAMENTO DE CONTRATOS – COAC, É O ÓRGÃO RESPONSÁVEL PELO PLANEJAMENTO, GERENCIAMENTO E EXECUÇÃO DAS CONTRATAÇÕES CENTRALIZADAS DO MUNICÍPIO, NOS TERMOS DO CAPÍTULO IV, DO DECRETO MUNICIPAL Nº 7.178/2023, CABENDO-LHE PROMOVER SOLUÇÕES QUE ASSEGUREM MAIOR EFICIÊNCIA ADMINISTRATIVA, PADRONIZAÇÃO DAS CONTRATAÇÕES, RACIONALIZAÇÃO DOS RECURSOS PÚBLICOS E FORTALECIMENTO DA GOVERNANÇA DAS AQUISIÇÕES PÚBLICAS. 
A CONTRATAÇÃO CENTRALIZADA PROPORCIONA EXPRESSIVOS GANHOS DE ESCALA, AMPLIA A COMPETITIVIDADE DO CERTAME, PROMOVE PADRONIZAÇÃO DAS ESPECIFICAÇÕES TÉCNICAS, REDUZ CUSTOS ADMINISTRATIVOS DECORRENTES DA REALIZAÇÃO DE MÚLTIPLAS LICITAÇÕES PARA OBJETOS IDÊNTICOS, FORTALECE O PLANEJAMENTO DAS CONTRATAÇÕES PÚBLICAS E FACILITA O ACOMPANHAMENTO, FISCALIZAÇÃO E GESTÃO CONTRATUAL, ATENDENDO AOS PRINCÍPIOS DA EFICIÊNCIA, ECONOMICIDADE, PLANEJAMENTO, PADRONIZAÇÃO, INTERESSE PÚBLICO E GOVERNANÇA PREVISTOS NA LEI FEDERAL Nº 14.133/2021. 
OS SERVIÇOS OBJETO DESTA CONTRATAÇÃO POSSUEM NATUREZA CONTÍNUA, POR ATENDEREM NECESSIDADES PERMANENTES DA ADMINISTRAÇÃO PÚBLICA MUNICIPAL, SENDO INDISPENSÁVEIS PARA ASSEGURAR O FUNCIONAMENTO REGULAR DAS ATIVIDADES ADMINISTRATIVAS, OPERACIONAIS, FISCALIZATÓRIAS, SOCIAIS, EDUCACIONAIS, AMBIENTAIS, DE SAÚDE E DE APOIO LOGÍSTICO DESENVOLVIDAS PELOS DIVERSOS ÓRGÃOS MUNICIPAIS. SUA INTERRUPÇÃO COMPROMETERIA DIRETAMENTE A CONTINUIDADE DA PRESTAÇÃO DOS SERVIÇOS PÚBLICOS ESSENCIAIS. 
A NECESSIDADE ADMINISTRATIVA COMPREENDE, DENTRE OUTRAS ATIVIDADES:  DESLOCAMENTO DE EQUIPES TÉCNICAS PARA VISTORIAS, INSPEÇÕES, FISCALIZAÇÕES E VISITAS INSTITUCIONAIS. APOIO ÀS AÇÕES DE SAÚDE, EDUCAÇÃO, ASSISTÊNCIA SOCIAL, MEIO AMBIENTE, ESPORTE E DEMAIS 
POLÍTICAS PÚBLICAS. TRANSPORTE DE EQUIPAMENTOS, MATERIAIS PERMANENTES, DOCUMENTOS OFICIAIS, INSUMOS E PEQUENOS VOLUMES. APOIO LOGÍSTICO A CAMPANHAS INSTITUCIONAIS, PROGRAMAS GOVERNAMENTAIS, EVENTOS OFICIAIS, MUTIRÕES E AÇÕES DESCENTRALIZADAS. 
ATENDIMENTO ÀS DEMANDAS ADMINISTRATIVAS QUE EXIGEM MOBILIDADE PERMANENTE DOS SERVIDORES MUNICIPAIS. A SOLUÇÃO ADOTADA CONSISTE NA CONTRATAÇÃO DE SERVIÇO DE LOCAÇÃO DE VEÍCULOS, SEM MOTORISTA E SEM COMBUSTÍVEL, POR APRESENTAR MAIOR VANTAJOSIDADE QUANDO COMPARADA À AQUISIÇÃO DE FROTA PRÓPRIA, CONSIDERANDO QUE TRANSFERE À CONTRATADA TODOS OS CUSTOS RELACIONADOS À DEPRECIAÇÃO DOS VEÍCULOS, MANUTENÇÃO PREVENTIVA E CORRETIVA, REPOSIÇÃO DE PEÇAS, PNEUS, SEGUROS, 
ASSISTÊNCIA TÉCNICA, SUBSTITUIÇÃO DE VEÍCULOS E DEMAIS DESPESAS INERENTES À PROPRIEDADE DA FROTA, PERMANECENDO SOB RESPONSABILIDADE DO MUNICÍPIO APENAS O ABASTECIMENTO DOS VEÍCULOS. 
ALÉM DA REDUÇÃO DOS CUSTOS ADMINISTRATIVOS, A LOCAÇÃO PROPORCIONA MAIOR FLEXIBILIDADE PARA ADEQUAÇÃO DA FROTA ÀS NECESSIDADES INSTITUCIONAIS, GARANTINDO VEÍCULOS MODERNOS, EM MELHORES CONDIÇÕES DE SEGURANÇA, MENOR INDISPONIBILIDADE OPERACIONAL E REDUÇÃO SIGNIFICATIVA DOS RISCOS DE PARALISAÇÃO DAS ATIVIDADES EM RAZÃO DE FALHAS MECÂNICAS OU OBSOLESCÊNCIA DA FROTA. 
EMBORA EXISTAM ATUALMENTE CONTRATOS CENTRALIZADOS VIGENTES PARA PARTE DA FROTA DE VEÍCULOS DO MUNICÍPIO, VERIFICOU-SE, DURANTE A FASE PREPARATÓRIA DESTA CONTRATAÇÃO, O SURGIMENTO DE DEMANDAS COMPLEMENTARES RELATIVAS AOS VEÍCULOS TIPO VAN E PICAPE VINCULADAS A CONTRATOS ADMINISTRATIVOS CELEBRADOS EM EXERCÍCIOS ANTERIORES, CUJA VIGÊNCIA SERÁ ENCERRADA AO LONGO DO EXERCÍCIO DE 2026. 
QUANDO DA INSTRUÇÃO DOS PROCESSOS LICITATÓRIOS REALIZADOS NO EXERCÍCIO DE 2025, OS ÓRGÃOS E ENTIDADES PARTICIPANTES ESTIMARAM SUAS NECESSIDADES CONSIDERANDO EXCLUSIVAMENTE O CENÁRIO EXISTENTE NAQUELE MOMENTO E AS INFORMAÇÕES ENTÃO DISPONÍVEIS, EM OBSERVÂNCIA AO PRINCÍPIO DO PLANEJAMENTO E ÀS DEMANDAS EFETIVAMENTE CONHECIDAS.  POSTERIORMENTE, VERIFICOU-SE QUE PARTE DA DEMANDA INSTITUCIONAL REFERENTE AOS VEÍCULOS TIPO VAN E PICAPE PERMANECIA VINCULADA A CONTRATOS ADMINISTRATIVOS CELEBRADOS EM EXERCÍCIOS ANTERIORES, OS QUAIS CONTINUARAM VIGENTES DURANTE DETERMINADO PERÍODO EM RAZÃO DAS PRORROGAÇÕES LEGALMENTE ADMITIDAS PELA LEGISLAÇÃO VIGENTE, CIRCUNSTÂNCIA QUE POSTERGOU A NECESSIDADE DE INCLUSÃO DESSES QUANTITATIVOS NOS CONTRATOS CELEBRADOS EM 2025. COM A APROXIMAÇÃO DO ENCERRAMENTO DA VIGÊNCIA DESSES CONTRATOS MAIS ANTIGOS E CONSIDERANDO QUE ALGUNS DELES JÁ ATINGIRAM O LIMITE MÁXIMO DE DURAÇÃO PERMITIDO, TORNOU-SE 
NECESSÁRIA A REALIZAÇÃO DA PRESENTE CONTRATAÇÃO PARA ABSORVER TAIS DEMANDAS, ASSEGURANDO A CONTINUIDADE DOS SERVIÇOS PÚBLICOS SEM SOLUÇÃO DE CONTINUIDADE. 
ASSIM, A PRESENTE CONTRATAÇÃO DECORRE DA EVOLUÇÃO NATURAL DAS NECESSIDADES ADMINISTRATIVAS AO LONGO DA EXECUÇÃO CONTRATUAL, DA DINÂMICA DA GESTÃO PÚBLICA E DA NECESSIDADE DE COMPATIBILIZAR OS QUANTITATIVOS ORIGINALMENTE PLANEJADOS CO",5328480.24,0.0,2026-09-21 16:16:08,2026-09-22T08:00:00,2026-10-08T09:00:00,https://aracajucompras.se.gov.br/publico/WKF.aspx?code=SEPLOG-PE0069/2026&validation=55945,,Tecnologia da Informação & Serviços Digitais,Cloud & Infraestrutura de TI,servidores,Outro,999.0,Fora do Raio,[FORA DAS BASES],0,pncp_intelligence/data/briefings_ia/briefing_13128780004431-1-000088_2026.txt,,2026-09
131,39691605000101-1-000011/2026,2026,56,66/2026IS,39691605000101,OSTRASPREV - RIO DAS OSTRAS PREVIDENCIA,M,E,RJ,Rio das Ostras,OSTRASPREV - RIO DAS OSTRAS PREVIDÊNCIA - RJ,6,Pregão - Eletrônico,Aberto,Anulada,0,"O objeto consiste na contratação de pessoa jurídica especializada para a realização de estudos técnicos especializados (atuariais, viabilidade e econômico-financeiros) e, de forma complementar e subseqüente, para a prestação de serviços técnicos de implantação, administração, gestão, operacionalização, atendimento e acompanhamento contínuo da carteira de crédito consignado, compreendendo o fornecimento de solução tecnológica integrada sob o modelo Software as a Service (SaaS).",,0.0,0.0,2026-09-21 16:36:26,2026-09-23T09:00:00,2026-10-09T09:00:00,https://cnetmobile.estaleiro.serpro.gov.br/comprasnet-web/public/compras/acompanhamento-compra?compra=92803405000562026,https://newsali.riodasostras.rj.gov.br/restrito/inbox-processo?a=9049,Tecnologia da Informação & Serviços Digitais,Licenciamento de Software & SaaS,saas,Remoto,999.0,Fora do Raio,[VIABILIDADE: 100% REMOTO],0,pncp_intelligence/data/briefings_ia/briefing_39691605000101-1-000011_2026.txt,,2026-09
132,29131075000193-1-000420/2026,2026,443,8726/2026,29131075000193,MUNICIPIO DE MARICA,M,N,RJ,Maricá,MRJ-PREFEITURA MUNICIPAL DE MARICA,6,Pregão - Eletrônico,Aberto,Divulgada no PNCP,0,CONTRATAÇÃO DE EXECUÇÃO DE PROGRAMA DE CAPACITAÇÃO OPERACIONAL PERMANENTE DOS SERVIDORES DA SECRETARIA DE PROTEÇÃO E DEFESA CIVIL,,933300.0,0.0,2026-09-21 16:59:05,2026-09-22T10:00:00,2026-10-06T10:00:00,https://cnetmobile.estaleiro.serpro.gov.br/comprasnet-web/public/compras/acompanhamento-compra?compra=98585305004432026,,Tecnologia da Informação & Serviços Digitais,Cloud & Infraestrutura de TI,servidores,Outro,999.0,Fora do Raio,[FORA DAS BASES],0,pncp_intelligence/data/briefings_ia/briefing_29131075000193-1-000420_2026.txt,,2026-09
133,60747318000162-1-001324/2026,2026,1413,147.00009187/2026-71,60747318000162,INSTITUTO DE ASSISTENCIA MEDICA AO SERVIDOR PUBLICO ESTADUAL,E,E,SP,São Paulo,ESP-INST. ASSIST. MEDICA SERV. PUB. ESTADUAL,6,Pregão - Eletrônico,Aberto,Divulgada no PNCP,0,"Contratação de serviços especializados de Tecnologia da Informação, envolvendo análise de negócio, requisitos, desenvolvimento implementação, suporte, sustentação e gestão de segurança da informação e LGPD de sistemas informatizados da Instituição, com execução remota e presencial, utilizando metodologia baseada em princípios ágeis e atendendo aos padrões de desempenho e qualidade definidos.",,0.0,0.0,2026-09-21 17:06:33,2026-09-22T08:00:00,2026-10-08T10:00:00,https://cnetmobile.estaleiro.serpro.gov.br/comprasnet-web/public/compras/acompanhamento-compra?compra=53210105014132026,https://sei.sp.gov.br/sei/controlador.php?acao=procedimento_trabalhar&id_procedimento=125590818,Tecnologia da Informação & Serviços Digitais,Cibersegurança & Governança de Dados,"seguranca da informacao, lgpd",São Paulo,0.0,0 km (Base Central),[BASE DIRETA: SÃO PAULO/SP],1,pncp_intelligence/data/briefings_ia/briefing_60747318000162-1-001324_2026.txt,,2026-09
134,13698766000133-1-000183/2026,2026,042,188,13698766000133,MUNICIPIO DE MONTE SANTO,M,N,BA,Monte Santo,MUNICIPIO DE MONTE SANTO,6,Pregão - Eletrônico,Aberto-Fechado,Divulgada no PNCP,0,"Contratação de empresa especializada para fornecimento de materiais didáticos bilíngues de Língua Inglesa, destinados aos estudantes e professores dos anos iniciais do Ensino Fundamental da Rede Municipal, compreendendo livros didáticos para os estudantes, materiais de apoio e aperfeiçoamento pedagógico para os professores, bem como a disponibilização de plataforma digital e aplicativo móvel de suporte ao processo de ensino e aprendizagem.",,1176002.25,0.0,2026-09-21 18:31:32,2026-09-21T08:00:00,2026-10-07T08:00:00,https://licitacoes-e2.bb.com.br/aop-inter-estatico/visualizar-processo-publico/1101116,,Tecnologia da Informação & Serviços Digitais,Desenvolvimento & Fábrica de Software,aplicativo movel,Remoto,999.0,Fora do Raio,[VIABILIDADE: 100% REMOTO],0,pncp_intelligence/data/briefings_ia/briefing_13698766000133-1-000183_2026.txt,,2026-09
135,02313673000127-1-000107/2026,2026,78,48610229640202512,02313673000127,"AGENCIA NACIONAL DO PETROLEO, GAS NATURAL E BIOCOMBUSTIVEIS",F,E,RJ,Rio de Janeiro,AGENCIA NACIONAL DO PETROLEO - ANP - RJ,6,Pregão - Eletrônico,Aberto,Divulgada no PNCP,0,"Contratação de serviços de atualização, suporte e manutenção para licenças do software CA Service Desk Manager pelo período de 12 (doze) meses, nas condições estabelecidas no Termo de Referência. ",,205600.8,0.0,2026-09-22 04:00:15,2026-09-22T08:00:00,2026-10-06T10:29:00,https://cnetmobile.estaleiro.serpro.gov.br/comprasnet-web/public/compras/acompanhamento-compra?compra=32303105000782026,https://sei.anp.gov.br/sei/controlador.php?acao=procedimento_trabalhar&acao_origem=rel_bloco_protocolo_listar&acao_retorno=rel_bloco_protocolo_listar&id_procedimento=5839923&id_bloco=1150&infra_sistema=100000100&infra_unidade_atual=110000076&infra_hash=2a89b20b8ae9e07e317dda17fab4e87d289310b25aab178bf817d0ddb0ad975f,Tecnologia da Informação & Serviços Digitais,Service Desk & Suporte Técnico,service desk,Outro,999.0,Fora do Raio,[FORA DAS BASES],0,pncp_intelligence/data/briefings_ia/briefing_02313673000127-1-000107_2026.txt,,2026-09
136,06977747000180-1-000130/2026,2026,132,48002.900822/2026-46,06977747000180,EMPRESA DE PESQUISA ENERGéTICA,F,E,RJ,Rio de Janeiro,EMPRESA DE PESQUISA ENERGÉTICA,6,Pregão - Eletrônico,Aberto,Divulgada no PNCP,0,"Prestação de serviços continuados de suporte e atendimento técnico aos usuários na área de Tecnologia da Informação e Comunicação (TIC), com central de atendimento remota e presencial na modalidade Service Desk, bem como suporte, sustentação e operação dos serviços e da infraestrutura de TIC da Empresa de Pesquisa Energética (EPE), além da execução de tarefas de demanda não rotineiras",,3370104.96,0.0,2026-09-22 04:00:16,2026-09-22T09:00:00,2026-10-06T10:00:00,https://cnetmobile.estaleiro.serpro.gov.br/comprasnet-web/public/compras/acompanhamento-compra?compra=32500105001322026,,Tecnologia da Informação & Serviços Digitais,Service Desk & Suporte Técnico,service desk,Outro,999.0,Fora do Raio,[FORA DAS BASES],0,pncp_intelligence/data/briefings_ia/briefing_06977747000180-1-000130_2026.txt,,2026-09
137,03659166002156-1-000076/2026,2026,142,02001.019900/2026-93,03659166002156,INSTITUTO BRASILEIRO DO MEIO AMBIENTE E DOS RECURSOS NATURAIS RENOVAVEIS-IBAMA,F,E,DF,Brasília,MMA-IBAMA - DEFIN/DF,6,Pregão - Eletrônico,Aberto-Fechado,Divulgada no PNCP,0,"Contratação de serviços contínuos de transporte coletivo por ônibus, para o deslocamento de funcionários em Brasília/DF.","Contratação de serviços contínuos de transporte coletivo por ônibus, destinado ao deslocamento de servidores, colaboradores e demais usuários autorizados pela Administração, no trajeto entre a Rodoviária do Plano Piloto e o IBAMA/Sede, em Brasília/DF, em ambos os sentidos, com operação regular em dias úteis  
possibilidade de utilização complementar sob demanda, conforme condições, quantidades e exigências estabelecidas no Edital e seus anexos.",585807.12,0.0,2026-09-22 04:00:20,2026-09-28T08:00:00,2026-10-13T09:00:00,https://cnetmobile.estaleiro.serpro.gov.br/comprasnet-web/public/compras/acompanhamento-compra?compra=19309905001422026,https://sei.ibama.gov.br/,Tecnologia da Informação & Serviços Digitais,Cloud & Infraestrutura de TI,servidores,Brasília,0.0,0 km (Base Central),[BASE DIRETA: BRASÍLIA/DF],1,pncp_intelligence/data/briefings_ia/briefing_03659166002156-1-000076_2026.txt,,2026-09
138,00530352000159-1-000256/2026,2026,205,1018082/2026,00530352000159,CAMARA DOS DEPUTADOS,F,L,DF,Brasília,CAMARA DOS DEPUTADOS,6,Pregão - Eletrônico,Aberto-Fechado,Divulgada no PNCP,0,"Prestação de serviços de autoagendamento de viagens aéreas na modalidade software como serviço (SaaS), incluindo implantação da solução, capacitação para usuários e, ainda, emissão de bilhete aéreo, hospedagem, suporte técnico e manutenção evolutiva sob demanda das interfaces de integração entre a solução e os sistemas corporativos da Câmara dos Deputados, pelo período de 12 (doze) meses.","Em caso de discordância existente entre as especificações descritas no ComprasNet e as especificações constantes do Edital, prevalecerão as do Edital. O Edital está disponível também no site www.camara.leg.br.",383547.68,0.0,2026-09-22 04:00:20,2026-09-22T08:00:00,2026-10-06T10:00:00,https://cnetmobile.estaleiro.serpro.gov.br/comprasnet-web/public/compras/acompanhamento-compra?compra=01000105002052026,https://www.camara.leg.br/licitacoes-e-contratos/licitacoes?search=,Tecnologia da Informação & Serviços Digitais,Licenciamento de Software & SaaS,"software como servico, saas",Brasília,0.0,0 km (Base Central),[BASE DIRETA: BRASÍLIA/DF],1,pncp_intelligence/data/briefings_ia/briefing_00530352000159-1-000256_2026.txt,,2026-09
139,00508903000188-1-001833/2026,2026,49,0038648-66.2025.4.01.8000,00508903000188,JUSTICA FEDERAL DE PRIMEIRA INSTANCIA,F,J,DF,Brasília,TRIBUNAL REGIONAL FEDERAL-SEC.1A.REG./DF,6,Pregão - Eletrônico,Aberto-Fechado,Divulgada no PNCP,0,"Contratação de empresa para prestação de serviços de avaliação técnica atuarial ao Programa de Assistência aos Magistrados e Servidores da Justiça Federal de Primeiro e Segundo Graus da Primeira Região - PRO-SOCIAL, compreendendo a realização de avaliações sobre a situação atuarial e financeira do Programa, de acordo com condições, especificações técnicas e quantidades constantes do Edital e seus Anexos","12. ESPECIFICAÇÃO DOS SERVIÇOS 12.1. DO CAMPO DE ESTUDO 12.1.1. O Programa de Assistência aos Magistrados e Servidores da Justiça Federal de Primeiro e Segundo Graus da Primeira Região – PRO-SOCIAL instituído pela Resolução 2/1989; posteriormente reestruturado pela Resolução PRESI/SECBE 6, de 04/06/2003 e pela Resolução PRESI/SECBE 6, de 30/04/2013; e, atualmente pela Resolução PRESI/SECBE, 9, de 23/04/14, é a forma de execução, em sistema de autogestão, no âmbito do Tribunal Regional Federal da 1ª Região e Seccionais vinculadas, dos recursos consignados no Orçamento Geral da União para a saúde dos magistrados e servidores. Tem por objetivo oferecer aos seus beneficiários serviços voltados à proteção, à recuperação, à manutenção da saúde física e mental e à garantia de condições compatíveis com o pleno desempenho de suas atribuições, conforme prevê o art. 230 da Lei 8.112/1990. 12.1.2. A gestão do Programa é responsabilidade da Secretaria do Bem-Estar Social – SECBE, unidade que integra a estrutura administrativa do Tribunal Regional Federal da 1ª Região e nas seções judiciárias vinculadas, pelas Seções de Bem Estar Social - SEBES (SJAP, SJAC, SJRR, SJRO, SJAM, SJMA, SJTO, SJMT e SJPI) e Núcleos de Bem Estar Social - NUBES (SJDF, SJGO, SJBA, SJPA, SJMG), com a finalidade de executar os recursos destinados à saúde do servidor consignados no Orçamento Geral da União, na ação orçamentária Assistência Médica e Odontológica ao Servidor - AMOS, de forma conjunta com os recursos próprios oriundos da participação direta dos beneficiários, mediante contribuição fixa e custeios. (Demais especificações técnicas no item 12 do Anexo I do Edital)",0.0,0.0,2026-09-22 04:00:21,2026-09-22T08:00:00,2026-10-06T14:00:00,https://cnetmobile.estaleiro.serpro.gov.br/comprasnet-web/public/compras/acompanhamento-compra?compra=09002705000492026,https://sei.trf1.jus.br/sei/controlador.php?acao=procedimento_trabalhar&acao_origem=procedimento_controlar&acao_retorno=procedimento_controlar&id_procedimento=25951604&infra_sistema=100000100&infra_unidade_atual=110002779&infra_hash=3de72a9ff5e95f86e717e7180d36503463c6b8be895f25002cd66675f4444f63,Tecnologia da Informação & Serviços Digitais,Cloud & Infraestrutura de TI,servidores,Brasília,0.0,0 km (Base Central),[BASE DIRETA: BRASÍLIA/DF],1,pncp_intelligence/data/briefings_ia/briefing_00508903000188-1-001833_2026.txt,,2026-09
140,59949362000176-1-000096/2026,2026,79,0000653-28.2026.4.03.8000,59949362000176,TRIBUNAL REGIONAL FEDERAL 3 REGIAO,F,J,SP,São Paulo,TRIBUNAL REGIONAL FEDERAL DA 3A.REGIAO,6,Pregão - Eletrônico,Aberto,Suspensa,1,Registro de Preços para a contratação de serviço de segurança da informação,,69321655.62,0.0,2026-09-22 04:00:22,2026-09-22T08:00:00,2026-10-07T10:00:00,https://cnetmobile.estaleiro.serpro.gov.br/comprasnet-web/public/compras/acompanhamento-compra?compra=09002905000792026,https://sei.trf3.jus.br/sei/controlador_externo.php?acao=usuario_externo_logar&id_orgao_acesso_externo=0,Tecnologia da Informação & Serviços Digitais,Cibersegurança & Governança de Dados,seguranca da informacao,São Paulo,0.0,0 km (Base Central),[BASE DIRETA: SÃO PAULO/SP],1,pncp_intelligence/data/briefings_ia/briefing_59949362000176-1-000096_2026.txt,,2026-09
141,44365866000171-1-000008/2026,2026,57,00261.000211/2026-19,44365866000171,AUTORIDADE NACIONAL DE PROTEÇÃO DE DADOS,F,E,DF,Brasília,AUTORIDADE NACIONAL DE PROTEÇÃO DE DADOS,6,Pregão - Eletrônico,Aberto,Divulgada no PNCP,0,"Contratação de licenciamento de suíte integrada de produtividade e colaboração em nuvem (Software como Serviço – SaaS), contemplando ferramentas de comunicação, colaboração, armazenamento, produtividade, inteligência de negócios (Business Intelligence – BI) e recursos avançados de segurança da informação, mediante licenciamento por subscrição mensal, com pagamento mensal conforme as subscrições efetivamente demandadas, disponibilizadas, aceitas e mantidas em execução no período, vigência de 36 (trinta e seis) meses, incluindo serviços agregados de suporte técnico, atualizações de versão, manutenção evolutiva e corretiva disponibilizadas pelo fabricante, administração da solução, documentação técnica e demais serviços necessários à plena utilização da plataforma.",,14169500.64,0.0,2026-09-22 04:00:23,2026-09-22T08:00:00,2026-10-06T10:30:00,https://cnetmobile.estaleiro.serpro.gov.br/comprasnet-web/public/compras/acompanhamento-compra?compra=30212205000572026,https://www.gov.br/anpd/pt-br/acesso-a-informacao/licitacoes-e-contratos/licitacoes/pregao%20ano%202026,Tecnologia da Informação & Serviços Digitais,Cibersegurança & Governança de Dados,"seguranca da informacao, business intelligence, software como servico, saas",Brasília,0.0,0 km (Base Central),[BASE DIRETA: BRASÍLIA/DF],1,pncp_intelligence/data/briefings_ia/briefing_44365866000171-1-000008_2026.txt,,2026-09
142,80880107000100-1-000097/2026,2026,PCE 54,100/2026,80880107000100,MUNICIPIO DE OURO VERDE DO OESTE,M,N,PR,Ouro Verde do Oeste,DEPARTAMENTO DE LICITAÇÃO E PATRIMÔNIO,6,Pregão - Eletrônico,Aberto,Divulgada no PNCP,0,"Contratação de empresa para locação de sistema web integrado de gestão pública municipal, em nuvem, incluindo serviços complementares, implantação, manutenção (corretiva, adaptativa e evolutiva), suporte técnico e treinamento de servidores públicos municipais, armazenamento e segurança da informação, para atendimento das necessidades do município de Ouro Verde do Oeste.",,688859.67,0.0,2026-09-22 08:32:43,2026-09-22T08:40:00,2026-10-07T08:30:00,,,Tecnologia da Informação & Serviços Digitais,Cloud & Infraestrutura de TI,"servidores, segurança da informação",Joinville/Curitiba,250.0,Estado Alvo,[VIABILIDADE: 100% REMOTO] [ESTADO ALVO: PR],0,pncp_intelligence/data/briefings_ia/briefing_80880107000100-1-000097_2026.txt,,2026-09
143,87862397000109-1-000780/2026,2026,143 | Processo 1032,143,87862397000109,MUNICIPIO DE GUAPORE,M,N,RS,Guaporé,PREFEITURA MUNICIPAL,6,Pregão - Eletrônico,Aberto,Divulgada no PNCP,1,REGISTRO DE PRECOS PARA FUTURA E EVENTUAL AQUISICAO DE UNIFORMES PARA USO DOS SERVIDORES DA SECRETARIA MUNICIPAL DE OBRAS E VIACAO., ,85339.1,0.0,2026-09-22 08:57:08,2026-09-22T11:00:00,2026-10-19T13:59:00, ,,Tecnologia da Informação & Serviços Digitais,Cloud & Infraestrutura de TI,servidores,Outro,999.0,Fora do Raio,[FORA DAS BASES],0,pncp_intelligence/data/briefings_ia/briefing_87862397000109-1-000780_2026.txt,,2026-09
144,88000922000140-1-000081/2026,2026,65,321/2026,88000922000140,MUNICIPIO DE MOSTARDAS,M,N,RS,Mostardas,Prefeitura Municipal de Mostardas,6,Pregão - Eletrônico,Aberto,Revogada,0,"[Portal de Compras Públicas] - Contratação de empresa especializada para fornecimento e execução de serviços técnicos em locação, manutenção corretiva, adaptativa e evolutiva, atualizações legais, suporte técnico, consultoria técnica e customização, de software em gestão de saúde pública para a Secretaria Municipal de Saúde conforme Memorial Descritivo e demais anexos",,0.0,0.0,2026-09-22 08:59:24,2026-09-22T09:00:00,2026-10-08T08:50:00,https://www.portaldecompraspublicas.com.br/processos/RS/Prefeitura-Municipal-de-Mostardas-2760/PE-65-2026-2026-513023,,"Consultoria, Treinamento & Governança",Consultoria & Assessoria Técnica,consultoria tecnica,Outro,999.0,Fora do Raio,[FORA DAS BASES],0,pncp_intelligence/data/briefings_ia/briefing_88000922000140-1-000081_2026.txt,,2026-09
145,00884245000129-1-000009/2026,2026,001/2026.,000253/2026,00884245000129,INSTITUTO DE PREVIDENCIA DOS SERVIDORES PUBLICOS MUNICIPAIS DE CAXIAS,M,E,MA,Caxias,INSTITUTO DE PREVIDÊNCIA DOS SERVIDORES PÚBLICOS MUNICIPAIS DE CAXIAS,6,Pregão - Eletrônico,Aberto,Divulgada no PNCP,0,Formação de Registro de Preços para futura contratação de empresa especializada em fornecimento de equipamentos e materiais de informática destinados à manutenção das atividades administrativas e operacionais do Instituto de Previdência dos Servidores Públicos Municipais de Caxias – MA – CAXIASPREV.,,134351.28,0.0,2026-09-22 09:10:07,2026-09-22T14:00:00,2026-10-06T09:00:00,,,Tecnologia da Informação & Serviços Digitais,Cloud & Infraestrutura de TI,servidores,Outro,999.0,Fora do Raio,[FORA DAS BASES],0,pncp_intelligence/data/briefings_ia/briefing_00884245000129-1-000009_2026.txt,,2026-09
146,75832170000131-1-000068/2026,2026,30,65-2026,75832170000131,MUNICIPIO DE SANTO ANTONIO DO PARAISO,M,N,PR,Santo Antônio do Paraíso,PREFEITURA MUNICIPAL DE SANTO ANTONIO DO PARAISO,6,Pregão - Eletrônico,Aberto,Divulgada no PNCP,0,"CONTRATAÇÃO DE EMPRESA PARA A PRESTAÇÃO DE SERVIÇOS CONTINUADOS DE ADMINISTRAÇÃO, GERENCIAMENTO, EMISSÃO, FORNECIMENTO E OPERACIONALIZAÇÃO DE CARTÕES ELETRÔNICOS, COM TECNOLOGIA DE CHIP E/OU APROXIMAÇÃO, DESTINADOS À CONCESSÃO DE VALE-ALIMENTAÇÃO E VALE-NATALINO AOS SERVIDORES PÚBLICOS MUNICIPAIS, MEDIANTE SISTEMA ELETRÔNICO DE GERENCIAMENTO, EM ATENDIMENTO AOS DOCUMENTOS DE FORMALIZAÇÃO DE DEMANDA – DFD’S DAS SECRETARIAS MUNICIPAIS, CONFORME AS CONDIÇÕES, QUANTIDADES E ESPECIFICAÇÕES ESTABELECI",,3333000.0,0.0,2026-09-22 09:11:15,2026-09-22T09:30:00,2026-10-08T08:30:00,https://bllcompras.com/Process/ProcessView?param1=[gkz]9E6xaHnhQvxn9E_NwxLJMUJNGcFyudC_NitaZYdKX9ZzzB3BcP32ozbx8tSgj4IMeyBCLl3GlE0gGPp3ejWFHrMcTWSoxj77yJNbEpA8hZE=,,Tecnologia da Informação & Serviços Digitais,Cloud & Infraestrutura de TI,servidores,Joinville/Curitiba,250.0,Estado Alvo,[ESTADO ALVO: PR],0,pncp_intelligence/data/briefings_ia/briefing_75832170000131-1-000068_2026.txt,,2026-09
147,07812241000184-1-000056/2026,2026,1809.02/2026-01,1809.02/2026-01,07812241000184,MUNICIPIO DE CEDRO,M,N,CE,Cedro,PREFEITURA MUNICIPAL DE CEDRO - CE,6,Pregão - Eletrônico,Aberto,Divulgada no PNCP,0,"Contratação de pessoa jurídica especializada para prestação de serviços de consultoria educacional, prestação de serviços de consultoria técnica educacional, incluindo tratamento estatístico e análise de dados, desenvolvimento de sistema informatizado para coleta e monitoramento de avaliações escolares, criação de painel digital interativo (dashboard) com indicadores de desempenho educacional e elaboração de relatórios técnicos analíticos das avaliações municipais e externas realia coleta e monitoramento de avaliações escolares, criação de painel digital interativo (dashboard) com indicadores de desempenho educacional e elaboração de relatórios técnicos analíticos das avaliações municipais e externas realizadas pela Secretaria Municipal de Educação de Cedro/CE",,199066.68,0.0,2026-09-22 09:23:24,2026-09-22T10:00:00,2026-10-06T12:00:00,http://www.licitacedroce.com.br,,"Consultoria, Treinamento & Governança",Consultoria & Assessoria Técnica,consultoria tecnica,Outro,999.0,Fora do Raio,[FORA DAS BASES],0,pncp_intelligence/data/briefings_ia/briefing_07812241000184-1-000056_2026.txt,,2026-09
148,01619104000141-1-000170/2026,2026,87,168/2026,01619104000141,MUNICIPIO DE QUARTO CENTENARIO,M,N,PR,Quarto Centenário,UNIDADE ADMINISTRATIVA,6,Pregão - Eletrônico,Aberto,Divulgada no PNCP,0,"AQUISIÇÃO DE “COOLER TÉRMICO PERSONALIZADO”, PARA DISTRIBUIÇÃO GRATUITA AOS SERVIDORES DO MUNICIPIO DE QUARTO CENTENÁRIO/PR, CONFORME LEI MUNICIPAL N° 821/2025 DE 14/03/2025.",,56205.8,0.0,2026-09-22 09:29:53,2026-09-23T08:00:00,2026-10-09T08:00:00,,,Tecnologia da Informação & Serviços Digitais,Cloud & Infraestrutura de TI,servidores,Joinville/Curitiba,250.0,Estado Alvo,[ESTADO ALVO: PR],0,pncp_intelligence/data/briefings_ia/briefing_01619104000141-1-000170_2026.txt,,2026-09
149,45331188000199-1-000290/2026,2026,71 | Processo 320,71,45331188000199,MUNICIPIO DE CONCHAL,M,N,SP,Conchal,PREFEITURA MUNICIPAL,6,Pregão - Eletrônico,Aberto,Divulgada no PNCP,0,CONTRATACAO DE EMPRESA ESPECIALIZADA PARA FORNECIMENTO DE SOLUCAO INTEGRADA DE GESTAO DA FREQUENCIA DOS SERVIDORES, ,0.0,0.0,2026-09-22 10:06:47,2026-09-22T17:00:00,2026-10-26T08:00:00, ,,Tecnologia da Informação & Serviços Digitais,Cloud & Infraestrutura de TI,servidores,São Paulo/Campinas,250.0,Estado Alvo,[ESTADO ALVO: SP],0,pncp_intelligence/data/briefings_ia/briefing_45331188000199-1-000290_2026.txt,,2026-09
150,18449132000160-1-000134/2026,2026,105,252,18449132000160,MUNICIPIO DE FRUTAL,M,N,MG,Frutal,MUNICIPIO DE FRUTAL/MG ,6,Pregão - Eletrônico,Aberto,Divulgada no PNCP,1,"[LICITANET] - Registro de preços para futura e eventual aquisição de uniformes profissionais para os Agentes Comunitários de Saúde (ACS), Agentes de Combate às Endemias (ACE) e demais servidores com atividades externas da Secretaria Municipal de Saúde de Frutal/MG, conforme as condições e especificações do Termo de Referência.",,215951.27,0.0,2026-09-22 10:14:34,2026-09-22T10:13:34,2026-10-13T09:30:00,https://licitanet.com.br/sessao/201302,,Tecnologia da Informação & Serviços Digitais,Cloud & Infraestrutura de TI,servidores,Campinas/Sul de Minas,250.0,Estado Alvo,[ESTADO ALVO: MG],0,pncp_intelligence/data/briefings_ia/briefing_18449132000160-1-000134_2026.txt,,2026-09
151,13128780004431-1-000089/2026,2026,70,PE0070/2026,13128780004431,MUNICIPIO DE ARACAJU,M,E,SE,Aracaju,"SEPLOG-Secretaria Municipal do Planejamento, Orçamento e Gestão de Aracaju-SE",6,Pregão - Eletrônico,Aberto,Divulgada no PNCP,1,"AQUISIÇÃO DE DISPOSITIVOS AUXILIARES DE SINALIZAÇÃO VIÁRIA, TIPO TACHAS, TACHÕES REFLETIVOS E COLA – ADESIVO EPÓXI, PARA ATENDER ÀS NECESSIDADES DA SUPERINTENDÊNCIA MUNICIPAL DE TRANSPORTES E TRÂNSITO - SMTT DE ARACAJU, SOB A FORMA DE REGISTRO DE PREÇOS.","A CONTRATAÇÃO DE DISPOSITIVOS AUXILIARES DE SINALIZAÇÃO VIÁRIA DO TIPO TACHA E TACHÃO JUSTIFICA-SE PELA NECESSIDADE DE GARANTIR CONDIÇÕES ADEQUADAS DE SEGURANÇA VIÁRIA, ORGANIZAÇÃO DO TRÁFEGO E ORIENTAÇÃO DOS USUÁRIOS DAS VIAS PÚBLICAS. ESSES DISPOSITIVOS EXERCEM PAPEL FUNDAMENTAL NO REFORÇO DA SINALIZAÇÃO HORIZONTAL, ESPECIALMENTE EM TRECHOS COM MAIOR FLUXO DE VEÍCULOS, ÁREAS DE RISCO, CURVAS, INTERSEÇÕES E VIAS COM HISTÓRICO DE ACIDENTES. 
COM O DESGASTE NATURAL CAUSADO PELA AÇÃO DO TEMPO, TRÁFEGO INTENSO E CONDIÇÕES CLIMÁTICAS ADVERSAS, TORNA-SE INDISPENSÁVEL A REPOSIÇÃO E MANUTENÇÃO PERIÓDICA DESSES DISPOSITIVOS, A FIM DE PRESERVAR SUA REFLETIVIDADE E FUNCIONALIDADE. A INEXISTÊNCIA OU INEFICIÊNCIA DAS TACHAS E TACHÕES COMPROMETE A VISIBILIDADE NOTURNA E EM SITUAÇÕES DE BAIXA LUMINOSIDADE, ELEVANDO O RISCO DE SINISTROS DE TRÂNSITO. 
A AQUISIÇÃO MOSTRA-SE TECNICAMENTE ADEQUADA E ECONOMICAMENTE VANTAJOSA, UMA VEZ QUE OS DISPOSITIVOS POSSUEM BAIXO CUSTO UNITÁRIO, ALTA DURABILIDADE E FACILIDADE DE INSTALAÇÃO, ALÉM DE ESTAREM AMPLAMENTE DISPONÍVEIS NO MERCADO E EM CONFORMIDADE COM AS NORMAS DO ABNT, CONTRAN E DEMAIS LEGISLAÇÕES APLICÁVEIS. DESSA FORMA, A CONTRATAÇÃO ATENDE AO INTERESSE PÚBLICO, CONTRIBUI PARA A REDUÇÃO DE ACIDENTES, PROMOVE A MOBILIDADE SEGURA E ESTÁ ALINHADA ÀS POLÍTICAS PÚBLICAS DE TRÂNSITO E AO 
PLANEJAMENTO DA ADMINISTRAÇÃO. NOS TERMOS DO ART. 47 DA LEI Nº 14.133/2021, FOI REALIZADA ANÁLISE ACERCA DA DIVISIBILIDADE DO OBJETO, CONSIDERANDO AS CARACTERÍSTICAS TÉCNICAS DOS ITENS, O MERCADO FORNECEDOR, A VIABILIDADE ECONÔMICA DA CONTRATAÇÃO, A ECONOMIA DE ESCALA, O APROVEITAMENTO DO MERCADO E A AMPLIAÇÃO DA COMPETITIVIDADE.  
VERIFICOU-SE QUE O OBJETO É TECNICAMENTE DIVISÍVEL, UMA VEZ QUE OS DISPOSITIVOS AUXILIARES DE SINALIZAÇÃO VIÁRIA (TACHAS REFLETIVAS, TACHÕES REFLETIVOS E COLA ADESIVA EPÓXI) PODEM SER FORNECIDOS DE FORMA INDEPENDENTE, SEM COMPROMETER SUA FUNCIONALIDADE OU A EXECUÇÃO DA FUTURA CONTRATAÇÃO. ALÉM DISSO, TRATA-SE DE MATERIAIS PADRONIZADOS, COM ESPECIFICAÇÕES TÉCNICAS DEFINIDAS, CUJA AQUISIÇÃO NÃO EXIGE INTERDEPENDÊNCIA ENTRE OS FORNECEDORES.  
A PESQUISA DE MERCADO DEMONSTROU QUE HÁ AMPLA OFERTA DE FORNECEDORES APTOS A COMERCIALIZAR CADA UM DOS ITENS INDIVIDUALMENTE, RAZÃO PELA QUAL O PARCELAMENTO POR ITENS FAVORECE O APROVEITAMENTO DO MERCADO E AMPLIA A COMPETITIVIDADE, POSSIBILITANDO A PARTICIPAÇÃO DE EMPRESAS ESPECIALIZADAS EM DETERMINADOS PRODUTOS E CONTRIBUINDO PARA A OBTENÇÃO DA PROPOSTA MAIS VANTAJOSA PARA A ADMINISTRAÇÃO. 
TAMBÉM SE VERIFICOU QUE O PARCELAMENTO NÃO OCASIONA PERDA DE ECONOMIA DE ESCALA NEM PREJUÍZO À GESTÃO E À FISCALIZAÇÃO CONTRATUAL, CONSIDERANDO QUE OS MATERIAIS SERÃO ADQUIRIDOS MEDIANTE CRITÉRIOS UNIFORMES DE ESPECIFICAÇÃO E FORNECIMENTO, SENDO PLENAMENTE POSSÍVEL O GERENCIAMENTO DAS AQUISIÇÕES DE FORMA EFICIENTE. DESSA FORMA, CONCLUI-SE QUE A ADOÇÃO DO CRITÉRIO DE JULGAMENTO POR ITEM ATENDE AOS PRINCÍPIOS DA COMPETITIVIDADE, DA ISONOMIA, DA ECONOMICIDADE E DA EFICIÊNCIA, MOSTRANDO-SE A SOLUÇÃO MAIS ADEQUADA PARA A PRESENTE CONTRATAÇÃO.",607196.0,0.0,2026-09-22 10:18:09,2026-09-22T14:00:00,2026-10-06T09:00:00,https://aracajucompras.se.gov.br/publico/WKF.aspx?code=SEPLOG-PE0070/2026&validation=55947,,"Consultoria, Treinamento & Serviços Especializados","Pesquisas, Avaliações & Estudos Técnicos",pesquisa de mercado,Outro,999.0,Fora do Raio,[FORA DAS BASES],0,pncp_intelligence/data/briefings_ia/briefing_13128780004431-1-000089_2026.txt,,2026-09
152,75904524000106-1-000396/2026,2026,PCE 116,447/2026,75904524000106,MUNICIPIO DE CAMPO MOURAO,M,N,PR,Campo Mourão,Gabinete do Secretário da Administração,6,Pregão - Eletrônico,Aberto-Fechado,Divulgada no PNCP,1,AQUISIÇÃO DE EQUIPAMENTOS DE PROTEÇÃO INDIVIDUAL (EPI'S) PARA FORNECER AOS SERVIDORES MUNICIPAIS - SEADM,,860081.14,0.0,2026-09-22 10:42:00,2026-09-23T00:01:00,2026-10-15T08:59:00,,,Tecnologia da Informação & Serviços Digitais,Cloud & Infraestrutura de TI,servidores,Joinville/Curitiba,250.0,Estado Alvo,[ESTADO ALVO: PR],0,pncp_intelligence/data/briefings_ia/briefing_75904524000106-1-000396_2026.txt,,2026-09
153,87897740000150-1-000165/2026,2026,RPPE127,267/2026,87897740000150,MUNICIPIO DE SANTIAGO,M,N,RS,Santiago,MUNICIPIO DE SANTIAGO - CELIC,6,Pregão - Eletrônico,Aberto,Divulgada no PNCP,1,"[Portal de Compras Públicas] - SRP - SISTEMA DE REGISTRO DE PREÇOS. AQUISIÇÃO DE UNIFORMES PROFISSIONAIS PARA OS SERVIDORES DO SETOR DE TRANSPORTE, DA ATENÇÃO PRIMÁRIA À SAÚDE E DEMAIS SERVIÇOS DA REDE MUNICIPAL DE SAÚDE.SECRETARIA MUNICIPAL DA SAÚDE.",,205662.4,0.0,2026-09-22 11:17:41,2026-09-22T12:00:00,2026-10-07T08:30:00,https://www.portaldecompraspublicas.com.br/processos/RS/Prefeitura-Municipal-de-Santiago-277/RPE-RPPE127-2026-2026-513127,,Tecnologia da Informação & Serviços Digitais,Cloud & Infraestrutura de TI,servidores,Outro,999.0,Fora do Raio,[FORA DAS BASES],0,pncp_intelligence/data/briefings_ia/briefing_87897740000150-1-000165_2026.txt,,2026-09
154,46482865000132-1-000294/2026,2026,PE074,3520400.427.00006696/2025-02,46482865000132,MUNICIPIO DE ILHABELA,M,N,SP,Ilhabela,Unidade Compradora Prefeitura de Ilhabela,6,Pregão - Eletrônico,Aberto-Fechado,Divulgada no PNCP,1,"Registro de preços para contratação de empresa especializada em soluções educacionais inovadoras com uso de inteligência artificial visando a aquisição de materiais paradidáticos contendo execução e acompanhamento contínuo do projeto “Cuidar, Sentir e Aprender”, voltado ao desenvolvimento integral dos estudantes da rede municipal de ensino de Ilhabela.",,2558120.09,0.0,2026-09-22 11:33:16,2026-09-22T12:00:00,2026-10-06T09:00:00,http://www.licitailhabela.com.br,,Tecnologia da Informação & Serviços Digitais,"Dados, IA & Business Intelligence",inteligencia artificial,São Paulo/Campinas,250.0,Estado Alvo,[ESTADO ALVO: SP],0,pncp_intelligence/data/briefings_ia/briefing_46482865000132-1-000294_2026.txt,,2026-09
155,10572022000180-1-000615/2026,2026,181,0722.2026.AC-60-PE.0455.SAD,10572022000180,SECRETARIA DE ADMINISTRACAO,E,E,PE,Recife,EPE-SECRETARIA DE ADMINISTRAÇÃO DO GOVERNO,6,Pregão - Eletrônico,Aberto-Fechado,Divulgada no PNCP,1,"Formação de Registro de Preços para contratação eventual com execusão mediante demanda de empresa especializada
de prestação de serviços de fornecimento de água potável em caminhão-pipa com capacidade de 16.000 litros (16 m³). visando atenderas necessidades do Hospital dos Servidores do Estado de Pernambuco – HSE PE.",,324172.8,0.0,2026-09-22 11:37:54,2026-09-23T08:00:00,2026-10-08T10:00:00,https://cnetmobile.estaleiro.serpro.gov.br/comprasnet-web/public/compras/acompanhamento-compra?compra=92615005001812026,https://sei.pe.gov.br/sei/modulos/pesquisa/md_pesq_processo_pesquisar.php?acao_externa=protocolo_pesquisar&acao_origem_externa=protocolo_pesquisar&id_orgao_acesso_externo=0,Tecnologia da Informação & Serviços Digitais,Cloud & Infraestrutura de TI,servidores,Recife,0.0,0 km (Base Central),[BASE DIRETA: RECIFE/PE],1,pncp_intelligence/data/briefings_ia/briefing_10572022000180-1-000615_2026.txt,,2026-09
156,83102798000100-1-000266/2026,2026,PCE 67,157/2026,83102798000100,MUNICIPIO DE INDAIAL,M,N,SC,Indaial,Departamento de Administração,6,Pregão - Eletrônico,Aberto,Divulgada no PNCP,1,"AQUISIÇÃO DE UNIFORMES PARA OS SERVIDORES DAS SECRETARIAS, FUNDOS E FUNDAÇÕES DO MUNICÍPIO DE INDAIAL.",,257683.7,0.0,2026-09-22 12:05:02,2026-09-22T08:00:00,2026-10-07T08:30:00,,,Tecnologia da Informação & Serviços Digitais,Cloud & Infraestrutura de TI,servidores,Joinville,115.0,100 a 200 km,[BASE: JOINVILLE | Indaial/SC (115km)],1,pncp_intelligence/data/briefings_ia/briefing_83102798000100-1-000266_2026.txt,,2026-09
157,13128780004431-1-000090/2026,2026,71,PE0071/2026,13128780004431,MUNICIPIO DE ARACAJU,M,E,SE,Aracaju,"SEPLOG-Secretaria Municipal do Planejamento, Orçamento e Gestão de Aracaju-SE",6,Pregão - Eletrônico,Aberto,Divulgada no PNCP,1,"AQUISIÇÃO DE MATERIAL PERMANENTE (MOBILIÁRIO), SOB A FORMA DO SISTEMA DE REGISTRO DE PREÇOS (SRP), COM A FINALIDADE DE ATENDER ÀS DEMANDAS OPERACIONAIS E ADMINISTRATIVAS DOS ÓRGÃOS E ENTIDADES DA PREFEITURA MUNICIPAL DE ARACAJU (PMA), OBSERVADAS AS CONDIÇÕES, QUANTIDADES E EXIGÊNCIAS ESTABELECIDAS NESTE TERMO DE REFERÊNCIA E SEUS ANEXOS.","A PRESENTE CONTRATAÇÃO TEM ORIGEM NO LEVANTAMENTO DE NECESSIDADES REALIZADO PELOS ÓRGÃOS E ENTIDADES INTEGRANTES DA PREFEITURA MUNICIPAL DE ARACAJU (PMA), FORMALIZADO POR MEIO DOS DOCUMENTOS DE FORMALIZAÇÃO DA DEMANDA (DFD), OS QUAIS 
EVIDENCIARAM A NECESSIDADE DE FORNECIMENTO DE MOBILIÁRIO CORPORATIVO ADEQUADO AO DESEMPENHO DAS ATIVIDADES PÚBLICAS. A CONTRATAÇÃO ENCONTRA-SE PREVISTA NO PLANO DE CONTRATAÇÃO ANUAL (PCA) DO EXERCÍCIO VIGENTE, DEVIDAMENTE PUBLICADO NO 
PORTAL NACIONAL DE CONTRATAÇÕES PÚBLICAS (PNCP), ESTANDO ALINHADA AO PLANEJAMENTO ESTRATÉGICO DA ADMINISTRAÇÃO MUNICIPAL, ESPECIALMENTE NO QUE SE REFERE À MELHORIA DA INFRAESTRUTURA ADMINISTRATIVA, ORGANIZAÇÃO DOS AMBIENTES DE TRABALHO E AUMENTO DA EFICIÊNCIA NA PRESTAÇÃO DOS SERVIÇOS PÚBLICOS. 
 A DEMANDA DECORRE DE LEVANTAMENTO TÉCNICO REALIZADO NO ÂMBITO DA ADMINISTRAÇÃO MUNICIPAL, O QUAL EVIDENCIOU A EXISTÊNCIA DE MOBILIÁRIO EM CONDIÇÕES INADEQUADAS DE USO, DECORRENTE DO DESGASTE NATURAL AO LONGO DO TEMPO, BEM COMO A INSUFICIÊNCIA DE ITENS PARA ATENDIMENTO DAS ATUAIS E FUTURAS DEMANDAS ADMINISTRATIVAS.
ADICIONALMENTE, VERIFICOU-SE A NECESSIDADE DE ADEQUAÇÃO DOS AMBIENTES DE TRABALHO SOB OS ASPECTOS DE ERGONOMIA, FUNCIONALIDADE E ORGANIZAÇÃO, DE MODO A PROPORCIONAR MELHORES CONDIÇÕES LABORAIS AOS SERVIDORES E, CONSEQUENTEMENTE, MAIOR EFICIÊNCIA NA PRESTAÇÃO DOS SERVIÇOS PÚBLICOS.
A AQUISIÇÃO DO MOBILIÁRIO TAMBÉM SE JUSTIFICA PELA NECESSIDADE DE PADRONIZAÇÃO DOS ITENS UTILIZADOS PELOS DIVERSOS ÓRGÃOS DA ADMINISTRAÇÃO PÚBLICA MUNICIPAL, VISANDO GARANTIR UNIFORMIDADE ESTÉTICA E FUNCIONAL, FACILITAR A GESTÃO PATRIMONIAL E OTIMIZAR A 
UTILIZAÇÃO DOS ESPAÇOS FÍSICOS.
NO QUE SE REFERE À FORMA DE CONTRATAÇÃO, A ADOÇÃO DO SISTEMA DE REGISTRO DE PREÇOS (SRP) MOSTRA-SE A SOLUÇÃO MAIS ADEQUADA, CONSIDERANDO: 
• A NECESSIDADE DE CONTRATAÇÕES FREQUENTES E CONTÍNUAS; 
• A POSSIBILIDADE DE AQUISIÇÕES PARCELADAS CONFORME A DEMANDA; 
• A DIFICULDADE DE DEFINIÇÃO PRÉVIA DO QUANTITATIVO EXATO A SER CONTRATADO; 
• A PROMOÇÃO DE MAIOR EFICIÊNCIA ADMINISTRATIVA E ECONOMICIDADE; 
• A REDUÇÃO DO NÚMERO DE PROCESSOS LICITATÓRIOS. 

A DIVISÃO DO OBJETO EM LOTES JUSTIFICA-SE PELA NECESSIDADE DE GARANTIR A PADRONIZAÇÃO DO MOBILIÁRIO, ASSEGURAR COMPATIBILIDADE ENTRE OS ITENS E PROPORCIONAR GANHOS DE ESCALA, SEM PREJUÍZO À COMPETITIVIDADE DO CERTAME.
DESSA FORMA, A PRESENTE CONTRATAÇÃO REVELA-SE NECESSÁRIA, ADEQUADA E ALINHADA AO INTERESSE PÚBLICO, CONTRIBUINDO DIRETAMENTE PARA A MELHORIA DAS CONDIÇÕES DE TRABALHO, ORGANIZAÇÃO DOS AMBIENTES ADMINISTRATIVOS E EFICIÊNCIA DOS SERVIÇOS PRESTA
DOS À POPULAÇÃO. 
RESSALTA-SE QUE A ADOÇÃO DO SISTEMA DE REGISTRO DE PREÇOS ESTÁ EM CONFORMIDADE COM O DECRETO MUNICIPAL Nº 7.178/2023 E SUAS ALTERAÇÕES.
JUSTIFICATIVA QUANTO A ESCOLHA DO CRITÉRIO DE JULGAMENTO – MENOR PREÇO POR LOTE: 
 PRIMEIRAMENTE, INFORMAMOS QUE O CRITÉRIO DE JULGAMENTO MENOR PREÇO POR LOTE TEM BASE LEGAL, INCLUSIVE, RECONHECIDO EM DIVERSOS JULGADOS DO TRIBUNAL DE CONTAS DA UNIÃO – TCU. VEJAMOS: 
? INFORMATIVO DE LICITAÇÕES E CONTRATOS Nº 250: O CRITÉRIO DE JULGAMENTO DE MENOR PREÇO POR LOTE SOMENTE DEVE SER ADOTADO QUANDO FOR DEMONSTRADA INVIABILIDADE DE SE PROMOVER A ADJUDICAÇÃO POR ITEM E EVIDENCIADAS RAZÕES QUE DEMONSTREM SER 
AQUELE O CRITÉRIO QUE CONDUZIRÁ A CONTRATAÇÕES ECONOMICAMENTE MAIS VANTAJOSAS. FONTE: WWW.TCU.GOV.BR
.  
? INFORMATIVO DE LICITAÇÕES E CONTRATOS Nº 216: A ADJUDICAÇÃO POR GRUPO OU LOTE NÃO É, EM PRINCÍPIO, IRREGULAR, DEVENDO A ADMINISTRAÇÃO, NESSES CASOS, JUSTIFICAR DE FORMA FUNDAMENTADA, NO RESPECTIVO PROCESSO ADMINISTRATIVO, A VANTAGEM 
DESSA OPÇÃO. FONTE: WWW.TCU.GOV.BR
.  
? INFORMATIVO DE LICITAÇÕES E CONTRATOS Nº  173: A ADJUDICAÇÃO POR GRUPO OU LOTE NÃO É, EM PRINCÍPIO, IRREGULAR. A ADMINISTRAÇÃO, DE ACORDO COM SUA CAPACIDADE E SUAS NECESSIDADES ADMINISTRATIVAS E OPERACIONAIS, DEVE SOPESAR E OPTAR, 
MOTIVADAMENTE, ACERCA DA QUANTIDADE DE CONTRATOS DECORRENTES DA LICITAÇÃO A SEREM GERENCIADOS FONTE: WWW.TCU.GOV.BR
.  
? INFORMATIVO DE LICITAÇÕES E CONTRATOS Nº 167: É LEGÍTIMA A ADOÇÃO DA LICITAÇÃO POR LOTES FORMADOS COM ELEMENTOS DE MESMA CARACTERÍSTICA, QUANDO RESTAR EVIDENCIADO QUE A LICITAÇÃO POR ITENS ISOLADOS EXIGIRÁ ELEVADO NÚMERO DE PROCESSOS 
LICITATÓRIOS, ONERANDO O TRABALHO DA ADMINISTRAÇÃO PÚBLICA, SOB O PONTO DE VISTA DO EMPREGO DE RECURSOS HUMANOS E DA DIFICULDADE DE CONTROLE, COLOCANDO EM RISCO A ECONOMIA DE ESCALA E A CELERIDADE PROCESSUAL E COMPROMETENDO A SELEÇÃO DA PROPOSTA
MAIS VANTAJOSA PARA A ADMINISTRAÇÃO. FONTE: WWW.TCU.GOV.BR.  
? INFORMATIVO DE LICITAÇÕES E CONTRATOS Nº 147: 
É LÍCITO O AGRUPAMENTO EM LOTES DE ITENS A SEREM ADQUIRIDOS POR MEIO DE PREGÃO, DESDE QUE POSSUAM MESMA NATUREZA E QUE GUARDEM RELAÇÃO ENTRE SI. FONTE: WWW.TCU.GOV.BR
COMO OS MOBILIÁRIOS EM GERAL QUE FAZEM PARTE DO OBJETO DESTE TERMO DE REFERÊNCIA IRÃO COMPOR OS NOVOS AMBIENTES DOS ÓRGÃOS E ENTIDADES PERTENCENTES À PREFEITURA MUNICIPAL DE ARACAJU (PMA), LOGO, NECESSITAMOS DE BENS QUE HARMONIZEM 
OS AMBIENTES. 

JUSTIFICATIVA PARA NÃO DIVISÃO DO LOTE DE MÓVEIS:
A PRESENTE CONTRATAÇÃO SERÁ REALIZADA POR MEIO DO AGRUPAMENTO DE ITENS EM LOTES, CONSIDERANDO QU",6065401.95,0.0,2026-09-22 12:05:20,2026-09-22T14:00:00,2026-10-08T09:00:00,https://aracajucompras.se.gov.br/publico/WKF.aspx?code=SEPLOG-PE0071/2026&validation=55952,,"Consultoria, Treinamento & Governança",Consultoria & Assessoria Técnica,planejamento estrategico,Outro,999.0,Fora do Raio,[FORA DAS BASES],0,pncp_intelligence/data/briefings_ia/briefing_13128780004431-1-000090_2026.txt,,2026-09
158,95640322000101-1-000082/2026,2026,5,80/2026,95640322000101,CONSORCIO INT DE SAUDE DA COM DOS M DA REG DE C MOURAO,N,E,PR,Campo Mourão,Unidade administrativa,6,Pregão - Eletrônico,Aberto-Fechado,Divulgada no PNCP,0,"Contratação de empresa especializada para o fornecimento de Sistema Integrado de Gestão em Saúde Pública, sob o modelo de licenciamento por assinatura (Software como Serviço), destinado a atender o Consórcio Intermunicipal de Saúde da Comunidade dos Municípios da Região de Campo Mourão - CISCOMCAM, contemplando os módulos de agendamento e regulação, prontuário eletrônico do paciente, atendimento odontológico, laboratório e diagnóstico por imagem, autorização de procedimentos ambulatoriais de alta complexidade (APAC), tratamento fora do domicílio (TFD) e transporte sanitário, painel eletrônico de chamadas, configurações de sistema, importações, exportações e integrações com sistemas do Ministério da Saúde, faturamento, programa de atenção especializada, comunicação com o paciente, certificação digital, gestão de credenciamento de prestadores e aplicativo móvel de digitalização, incluindo, sem custo adicional, os serviços de hospedagem em nuvem, migração de dados, implantação, parametrização, capacitação inicial dos usuários, suporte técnico e manutenção contínua.",,183447.24,0.0,2026-09-22 13:07:01,2026-09-22T08:29:00,2026-10-06T09:00:00,,,Tecnologia da Informação & Serviços Digitais,Desenvolvimento & Fábrica de Software,"aplicativo movel, software como servico",Joinville/Curitiba,250.0,Estado Alvo,[VIABILIDADE: 100% REMOTO] [ESTADO ALVO: PR],0,pncp_intelligence/data/briefings_ia/briefing_95640322000101-1-000082_2026.txt,,2026-09
159,04794681000168-1-000101/2026,2026,91,100.2821.000017/2025-21,04794681000168,ASSEMBLEIA LEGISLATIVA DO ESTADO DE RONDONIA,E,L,RO,Porto Velho,ASSEMBLEIA LEGISLATIVA DO ESTADO DE RONDÔNIA,6,Pregão - Eletrônico,Aberto,Divulgada no PNCP,0,"CONTRATAÇÃO DE TECNOLÓGICA INTEGRADA, DISPONIBILIZADA EM MODELO SAAS (SOFTWARE AS A SERVICE), DESTINADA À GESTÃO COMPLETA DO CICLO DE VIDA DE DIÁRIAS E PASSAGENS AÉREAS, CONTEMPLANDO DESDE A SOLICITAÇÃO ATÉ A PRESTAÇÃO DE CONTAS E O RESPECTIVO CONTROLE ADMINISTRATIVO E FINANCEIRO",,764898.1,0.0,2026-09-22 13:11:25,2026-09-23T08:00:00,2026-10-09T10:00:00,https://cnetmobile.estaleiro.serpro.gov.br/comprasnet-web/public/compras/acompanhamento-compra?compra=92691905000912026,https://transparencia.al.ro.leg.br/LicitacoesContratos/Licitacoes/,Tecnologia da Informação & Serviços Digitais,Licenciamento de Software & SaaS,saas,Remoto,999.0,Fora do Raio,[VIABILIDADE: 100% REMOTO],0,pncp_intelligence/data/briefings_ia/briefing_04794681000168-1-000101_2026.txt,,2026-09
160,63761902000160-1-000129/2026,2026,024,0000691.02.01-2026,63761902000160,MUNICIPIO DE CANDEIAS DO JAMARI,M,E,RO,Candeias do Jamari,MUNICÍPIO DE CANDEIAS DO JAMARI/RO,6,Pregão - Eletrônico,Aberto,Divulgada no PNCP,0,"[LICITANET] - Contratação de empresa para prestação de serviços de locação de software em modelo Software as a Service (SaaS), compreendendo cessão/licenciamento, hospedagem em nuvem e demais serviços correlatos, visando atender às necessidades da Prefeitura Municipal de Candeias do Jamari – PMCJ/RO e da Câmara Municipal de Candeias do Jamari – CMCJ/RO, conforme condições, quantidades e exigências estabelecidas no Termo de Referência",,1814506.16,0.0,2026-09-22 13:27:07,2026-09-22T13:26:06,2026-10-13T10:00:00,https://licitanet.com.br/sessao/202362,,Tecnologia da Informação & Serviços Digitais,Licenciamento de Software & SaaS,saas,Remoto,999.0,Fora do Raio,[VIABILIDADE: 100% REMOTO],0,pncp_intelligence/data/briefings_ia/briefing_63761902000160-1-000129_2026.txt,,2026-09
161,39248745000100-1-000009/2026,2026,002,349/2026,39248745000100,INSTITUTO DE APOSENTADORIA E PENSOES CM - IAPCM,M,E,RJ,Cachoeiras de Macacu,IAPCM-INSTITUTO DE APOSENTADORIA E PENSOES DE CACHOEIRAS DE MACACU/RJ ,6,Pregão - Eletrônico,Aberto,Suspensa,0,"[LICITANET] - Contratação de solução tecnológica especializada, disponibilizada em ambiente totalmente digital e acessível via internet, destinado à gestão previdenciária institucional, por meio de licença de uso de plataforma integrada no modelo de Software como Serviço (SaaS), contemplando um ecossistema de sistemas interligados acompanhado de serviços técnicos  indispensáveis à sua plena operacionalização (incluindo levantamento, diagnóstico, implantação assistida, migração e tratamento de base de dados, parametrizações, capacitação, suporte técnico contínuo e manutenção) para atendimento das demandas do Instituto de Aposentadoria e Pensão de Cachoeiras de Macacu.",,92926.56,0.0,2026-09-22 13:46:31,2026-09-22T13:46:27,2026-10-06T10:00:00,https://licitanet.com.br/sessao/202326,,Tecnologia da Informação & Serviços Digitais,Licenciamento de Software & SaaS,"software como servico, saas",Remoto,999.0,Fora do Raio,[VIABILIDADE: 100% REMOTO],0,pncp_intelligence/data/briefings_ia/briefing_39248745000100-1-000009_2026.txt,,2026-09
162,83009894000108-1-000143/2026,2026,PE 43,193/2026,83009894000108,MUNICIPIO DE SAO DOMINGOS,M,N,SC,São Domingos,PREFEITURA MUNICIPAL DE SAO DOMINGOS - SC,6,Pregão - Eletrônico,Aberto,Divulgada no PNCP,1,"Contratação de laboratório de análises clínicas para realização de exames toxicológicos de larga janela de detecção de substâncias psicoativas, destinados aos servidores públicos municipais quando da contratação, em conformidade com a Lei Municipal nº 1.956/2022, conforme demanda da Administração e especificações estabelecidas no Termo de Referência.",,104357.5,0.0,2026-09-22 14:05:05,2026-09-22T13:53:00,2026-10-06T08:30:00,,,Tecnologia da Informação & Serviços Digitais,Cloud & Infraestrutura de TI,servidores,Joinville,250.0,Estado Alvo,[ESTADO ALVO: SC],0,pncp_intelligence/data/briefings_ia/briefing_83009894000108-1-000143_2026.txt,,2026-09
163,45780087000103-1-000111/2026,2026,41/2026,1690/2026,45780087000103,MUNICIPIO DE VARZEA PAULISTA,M,N,SP,Várzea Paulista,Várzea Paulista,6,Pregão - Eletrônico,Aberto,Divulgada no PNCP,0,Contratação para fornecimento de Pão Francês para os servidores da Infraestrutura (PÃO FRANCÊS 50g),,104408.0,0.0,2026-09-22 14:27:27,2026-09-24T09:00:00,2026-10-08T08:59:00,,,Tecnologia da Informação & Serviços Digitais,Cloud & Infraestrutura de TI,servidores,São Paulo/Campinas,250.0,Estado Alvo,[ESTADO ALVO: SP],0,pncp_intelligence/data/briefings_ia/briefing_45780087000103-1-000111_2026.txt,,2026-09
164,04889717000197-1-000065/2026,2026,008,2026-F4WD7,04889717000197,DEPARTAMENTO DE EDIFICACOES E DE RODOVIAS DO ESTADO DO ESPIRITO SANTO - DER-ES,E,E,ES,Vitória,DEPARTAMENTO DE EDIFICACOES E DE RODOVIAS DO ESTADO DO ESPIRITO SANTO,6,Pregão - Eletrônico,Aberto,Divulgada no PNCP,0,"Aquisição de 02 (dois) servidores corporativos de alto desempenho para modernização do ambiente de virtualização do Data Center do Departamento de Edificações e de Rodovias do Estado do Espírito Santo - DER-ES, incluindo todos os componentes e acessórios necessários à instalação e operação, integração com a infraestrutura existente, montagem em rack, atualização de firmwares, configuração inicial, testes de aceitação, documentação técnica, transferência de conhecimento, garantia e suporte técnico do fabricante pelo período de 60 (sessenta) meses.",,1694222.24,0.0,2026-09-22 14:30:07,2026-09-28T08:00:00,2026-10-14T08:00:00,,,Tecnologia da Informação & Serviços Digitais,Cloud & Infraestrutura de TI,"data center, virtualizacao",Outro,999.0,Fora do Raio,[FORA DAS BASES],0,pncp_intelligence/data/briefings_ia/briefing_04889717000197-1-000065_2026.txt,,2026-09
165,83728949000130-1-000016/2026,2026,PE 5,15/2026,83728949000130,CAMARA MUNICIPAL DE CRICIUMA,M,L,SC,Criciúma,CÂMARA MUNICIPAL DE CRICIÚMA,6,Pregão - Eletrônico,Aberto,Divulgada no PNCP,0,Aquisição de equipamentos e serviços de instalação e configuração para substituição do sistema de armazenamento de dados (storage) da Câmara Municipal de Criciúma.,,509660.0,0.0,2026-09-22 14:36:45,2026-09-23T13:00:00,2026-10-07T13:30:00,,,Tecnologia da Informação & Serviços Digitais,Cloud & Infraestrutura de TI,armazenamento de dados,Joinville,250.0,Estado Alvo,[ESTADO ALVO: SC],0,pncp_intelligence/data/briefings_ia/briefing_83728949000130-1-000016_2026.txt,,2026-09
166,62577929000135-1-000044/2026,2026,13,359.00005369/2026-97,62577929000135,(UO) ESP-PRODESP-CIA.PROC DE DADOS EST. SP,E,E,SP,Taboão da Serra,ESP-CIA. PROCESSAMENTO DE DADOS ESTADO SP,6,Pregão - Eletrônico,Aberto,Divulgada no PNCP,0,"Aquisição de Cabos Ópticos e Service Cable, destinados à interligação entre switches SPINE e LEAF, no âmbito do projeto “Modernização dos Equipamentos de Rede do Backbone do Data Center da PRODESP, conforme especificações, técnicas, unidades e quantitativos constantes e estabelecidas neste Edital e do Termo de Referência que integra este edital como Anexo I, a saber:
	22	peça	33902878	SERVICE CABLE 12F OM4 MPO12-UPC(F)/MPO12-UPC(F) 0.8D3/0.8D3 40.0M UT LSZH ACQUA TIPO B
	28	peça	33902880	SERVICE CABLE 12F OM4 MPO12-UPC(F)/MPO12-UPC(F) 0.8D3/0.8D3 15.0M UTLSZH ACQUA TIPO B
	28	peça	33950058	CORDÃO ÓPTICO CONECT 12F OM4 MPO12-UPC(F)/MPO12-UPC(F) 2.0M D3 MTF - LSZH ACQUA
    1600	peça	35200919	CORDÃO ÓPTICO DUPLEX OM4 LC-UPC/LC-UPC 1.5M - LSZH ACQUA (A-B)

","Em caso de discordância entre as especificações do(s) código(s) do(s) item(ns) descrito(s) no portal de compras do Governo Federal e as especificações constantes deste Edital, prevalecerão sempre as do Edital.",0.0,0.0,2026-09-22 14:58:47,2026-09-23T08:00:00,2026-10-08T09:00:00,https://cnetmobile.estaleiro.serpro.gov.br/comprasnet-web/public/compras/acompanhamento-compra?compra=53320105000132026,https://www.compras.gov.br,Tecnologia da Informação & Serviços Digitais,Cloud & Infraestrutura de TI,data center,São Paulo,18.0,Até 50 km,[BASE: SÃO PAULO | Taboão da Serra/SP (18km)],1,pncp_intelligence/data/briefings_ia/briefing_62577929000135-1-000044_2026.txt,,2026-09
167,07954480000179-1-024575/2026,2026,289,08012.018022/2024-84,07954480000179,ESTADO DO CEARA,E,N,CE,Fortaleza,GOVERNO DO ESTADO DO CEARÁ,6,Pregão - Eletrônico,Aberto-Fechado,Divulgada no PNCP,0,"O objeto da licitação é a PRESTAÇÃO DOS SERVIÇOS CONTINUADOS DE ROTAS FIXAS DE TRANSPORTE, POR QUILÔMETRO RODADO, PARA OS SERVIDORES, COLABORADORES E DEMAIS PESSOAS QUE TRABALHAM NA SEDE DO DEPARTAMENTO ESTADUAL DE TRÂNSITO DO CEARÁ – DETRAN/CE, NO PERCURSO IDA E VOLTA DO TRABALHO, nas condições estabelecidas neste edital e seus anexos.",O edital poderá ser adquirido no site: www.portalcompras.ce.gov.br ,6195719.51,0.0,2026-09-22 15:02:55,2026-09-23T08:00:00,2026-10-07T08:30:00,https://cnetmobile.estaleiro.serpro.gov.br/comprasnet-web/public/compras/acompanhamento-compra?compra=94300105002892026,https://suite.ce.gov.br,Tecnologia da Informação & Serviços Digitais,Cloud & Infraestrutura de TI,servidores,Outro,999.0,Fora do Raio,[FORA DAS BASES],0,pncp_intelligence/data/briefings_ia/briefing_07954480000179-1-024575_2026.txt,,2026-09
168,18303214000100-1-000051/2026,2026,000032,000108/2026,18303214000100,MUNICIPIO DE MORRO DO PILAR,M,N,MG,Morro do Pilar,Unidade Única,6,Pregão - Eletrônico,Aberto,Divulgada no PNCP,0,Contratação de empresa especializada para fornecimento de uniformes personalizados destinados aos servidores das diversas Secretarias Municipais da Prefeitura de Morro do Pilar/MG.,,128246.71,0.0,2026-09-22 15:03:54,2026-09-21T08:00:00,2026-10-06T09:00:00,https://app2.licitardigital.com.br/pesquisa/114140,,Tecnologia da Informação & Serviços Digitais,Cloud & Infraestrutura de TI,servidores,Campinas/Sul de Minas,250.0,Estado Alvo,[ESTADO ALVO: MG],0,pncp_intelligence/data/briefings_ia/briefing_18303214000100-1-000051_2026.txt,,2026-09
169,13128780004431-1-000092/2026,2026,73,PE0073/2026,13128780004431,MUNICIPIO DE ARACAJU,M,E,SE,Aracaju,"SEPLOG-Secretaria Municipal do Planejamento, Orçamento e Gestão de Aracaju-SE",6,Pregão - Eletrônico,Aberto,Divulgada no PNCP,1,"AQUISIÇÃO DE EQUIPAMENTOS DE PROTEÇÃO INDIVIDUAL - EPI, PARA ATENDER ÀS NECESSIDADES DA SMTT, CONFORME CONDIÇÕES, QUANTIDADES E EXIGÊNCIAS ESTABELECIDAS NESTE INSTRUMENTO, SOB A FORMA DE REGISTRO DE PREÇO.","A PRESENTE CONTRATAÇÃO TEM POR FINALIDADE A AQUISIÇÃO DE EQUIPAMENTOS DE PROTEÇÃO INDIVIDUAL (EPIS), DESTINADOS A GARANTIR A SEGURANÇA E A INTEGRIDADE FÍSICA DOS SERVIDORES QUE DESEMPENHAM ATIVIDADES OPERACIONAIS EXTERNAS, ESPECIALMENTE AQUELES ENVOLVIDOS NOS SERVIÇOS DE MANUTENÇÃO, FISCALIZAÇÃO E APOIO ÀS AÇÕES DE MOBILIDADE URBANA.
AS ATIVIDADES DESENVOLVIDAS PELOS SERVIDORES EXPÕEM OS TRABALHADORES A DIVERSOS RISCOS OCUPACIONAIS, TAIS COMO TRÁFEGO INTENSO DE VEÍCULOS, EXPOSIÇÃO ÀS CONDIÇÕES CLIMÁTICAS ADVERSAS, RUÍDOS, IMPACTOS, ABRASÕES E DEMAIS SITUAÇÕES QUE PODEM OCASIONAR ACIDENTES DE TRABALHO OU
COMPROMETER A SAÚDE DOS PROFISSIONAIS. DESSA FORMA, TORNA-SE IMPRESCINDÍVEL O FORNECIMENTO DE EQUIPAMENTOS ADEQUADOS QUE MINIMIZEM TAIS RISCOS E ASSEGUREM CONDIÇÕES SEGURAS PARA A EXECUÇÃO DAS ATIVIDADES.
A DISPONIBILIZAÇÃO DE EQUIPAMENTOS DE PROTEÇÃO INDIVIDUAL ATENDE ÀS DETERMINAÇÕES DA NORMA REGULAMENTADORA Nº 6 (NR-6), QUE ESTABELECE A OBRIGATORIEDADE DO EMPREGADOR EM FORNECER GRATUITAMENTE AOS TRABALHADORES EPIS ADEQUADOS AO RISCO E EM PERFEITO ESTADO DE CONSERVAÇÃO E FUNCIONAMENTO, SEMPRE QUE AS MEDIDAS DE PROTEÇÃO COLETIVA NÃO FOREM SUFICIENTES PARA ELIMINAR OU REDUZIR OS RISCOS EXISTENTES NO AMBIENTE DE TRABALHO.
DESTACA-SE AINDA QUE PARTE DOS EQUIPAMENTOS SERÃO DESTINADA ÀS EQUIPES QUE REALIZAM DESLOCAMENTOS OPERACIONAIS UTILIZANDO MOTOCICLETAS, SENDO NECESSÁRIA A UTILIZAÇÃO DE ITENS ESPECÍFICOS DE PROTEÇÃO, COMO CAPACETES, LUVAS, JOELHEIRAS, COTOVELEIRAS E CAPAS DE CHUVA, COM O OBJETIVO DE REDUZIR OS RISCOS DE LESÕES EM CASO DE ACIDENTES E GARANTIR MAIOR SEGURANÇA DURANTE OS DESLOCAMENTOS EM VIAS PÚBLICAS.
RESSALTA-SE TAMBÉM QUE A AUSÊNCIA OU INSUFICIÊNCIA DESSES EQUIPAMENTOS PODE COMPROMETER A EXECUÇÃO SEGURA DAS ATIVIDADES, ALÉM DE EXPOR A ADMINISTRAÇÃO PÚBLICA A RISCOS TRABALHISTAS E OPERACIONAIS, PODENDO INCLUSIVE OCASIONAR A PARALISAÇÃO DE SERVIÇOS ESSENCIAIS RELACIONADOS À MANUTENÇÃO DA SINALIZAÇÃO E À ORGANIZAÇÃO DO TRÂNSITO.
NESSE CONTEXTO, A PRESENTE CONTRATAÇÃO ENCONTRA RESPALDO NOS PRINCÍPIOS DA EFICIÊNCIA, DA CONTINUIDADE DO SERVIÇO PÚBLICO E DA PREVENÇÃO DE RISCOS OCUPACIONAIS, PREVISTOS NA LEI Nº 14.133/2021, QUE ESTABELECE NORMAS GERAIS DE LICITAÇÕES E CONTRATAÇÕES DA ADMINISTRAÇÃO PÚBLICA.
DESSA FORMA, A AQUISIÇÃO DOS EPIS MOSTRA-SE NECESSÁRIA E ADEQUADA PARA GARANTIR A PROTEÇÃO DOS SERVIDORES, O CUMPRIMENTO DAS NORMAS DE SEGURANÇA DO TRABALHO E A CONTINUIDADE DAS ATIVIDADES OPERACIONAIS, ASSEGURANDO A PRESTAÇÃO EFICIENTE DOS SERVIÇOS PÚBLICOS À POPULAÇÃO.",441980.0,0.0,2026-09-22 15:13:25,2026-09-23T09:30:00,2026-10-07T09:00:00,https://aracajucompras.se.gov.br/publico/WKF.aspx?code=SEPLOG-PE0073/2026&validation=55954,,Tecnologia da Informação & Serviços Digitais,Cloud & Infraestrutura de TI,servidores,Outro,999.0,Fora do Raio,[FORA DAS BASES],0,pncp_intelligence/data/briefings_ia/briefing_13128780004431-1-000092_2026.txt,,2026-09
170,39691605000101-1-000012/2026,2026,57,66/2026IS,39691605000101,OSTRASPREV - RIO DAS OSTRAS PREVIDENCIA,M,E,RJ,Rio das Ostras,OSTRASPREV - RIO DAS OSTRAS PREVIDÊNCIA - RJ,6,Pregão - Eletrônico,Aberto,Divulgada no PNCP,0,"Contratação de serviços de pessoa jurídica especializada para a realização de estudos técnicos especializados, para a prestação de serviços técnicos de implantação, administração, gestão, operacionalização, atendimento e acompanhamento contínuo da carteira de crédito consignado, compreendendo o fornecimento de solução tecnológica integrada sob o modelo Software as a Service (SaaS) de suporte ao OSTRASPREV - Rio das Ostras Previdência",,0.21,0.0,2026-09-22 15:17:13,2026-09-23T09:00:00,2026-10-09T09:00:00,https://cnetmobile.estaleiro.serpro.gov.br/comprasnet-web/public/compras/acompanhamento-compra?compra=92803405000572026,https://newsali.riodasostras.rj.gov.br,Tecnologia da Informação & Serviços Digitais,Licenciamento de Software & SaaS,saas,Remoto,999.0,Fora do Raio,[VIABILIDADE: 100% REMOTO],0,pncp_intelligence/data/briefings_ia/briefing_39691605000101-1-000012_2026.txt,,2026-09
171,08866501000167-1-000064/2026,2026,32,00032/2026,08866501000167,MUNICIPIO DE MOGEIRO,M,N,PB,Mogeiro,Prefeitura Municipal de Mogeiro,6,Pregão - Eletrônico,Aberto,Divulgada no PNCP,0,"[Portal de Compras Públicas] - Aquisição de kits contendo materiais de proteção destinados aos servidores públicos, voluntários, agentes públicos e demais pessoas mobilizadas pelo Poder Público para atuação em ações de limpeza, remoção de resíduos e higienização de residências atingidas por enxurradas, alagamentos e outros eventos decorrentes de chuvas intensas",,40572.45,0.0,2026-09-22 15:58:55,2026-09-22T16:30:00,2026-10-08T09:59:00,https://www.portaldecompraspublicas.com.br/processos/PB/Prefeitura-Municipal-de-Mogeiro-2051/PE-32-2026-2026-513315,,Tecnologia da Informação & Serviços Digitais,Cloud & Infraestrutura de TI,servidores,Recife/Natal,250.0,Estado Alvo,[ESTADO ALVO: PB],0,pncp_intelligence/data/briefings_ia/briefing_08866501000167-1-000064_2026.txt,,2026-09
172,78279973000107-1-000221/2026,2026,57,5.674/2026,78279973000107,MUNICIPIO DE TURVO,M,N,PR,Turvo,PREFEITURA MUNICIPAL DE TURVO - PR,6,Pregão - Eletrônico,Aberto,Divulgada no PNCP,1,"REGISTRO DE PREÇOS PARA EVENTUAL CONTRATAÇÃO DE EMPRESA ESPECIALIZADA PARA CONFECÇÃO DE CRACHÁS DE IDENTIFICAÇÃO, ALÉM  DE UNIFORMES EM GERAL PARA SERVIDORES E PARA EVENTOS MUNICIPAIS

",,150141.53,0.0,2026-09-22 16:06:33,2026-09-23T08:00:00,2026-10-15T13:30:00,https://cnetmobile.estaleiro.serpro.gov.br/comprasnet-web/public/compras/acompanhamento-compra?compra=98845305000572026,https://turvopr.equiplano.com.br:7069/transparencia/licitacoes,Tecnologia da Informação & Serviços Digitais,Cloud & Infraestrutura de TI,servidores,Joinville/Curitiba,250.0,Estado Alvo,[ESTADO ALVO: PR],0,pncp_intelligence/data/briefings_ia/briefing_78279973000107-1-000221_2026.txt,,2026-09
173,22236517000117-1-000024/2026,2026,22,013/2026,22236517000117,PRATA CAMARA MUNICIPAL,M,L,MG,Prata,CAMARA MUNICIPAL DO PRATA - MG,6,Pregão - Eletrônico,Aberto,Divulgada no PNCP,0,Contratação de licenças do software Microsoft Office 365 Business Standard e software antivírus,,19225.0,0.0,2026-09-22 16:13:55,2026-09-23T12:00:00,2026-10-07T13:00:00,https://cnetmobile.estaleiro.serpro.gov.br/comprasnet-web/public/compras/acompanhamento-compra?compra=92962605000222026,https://sistemas.prata.mg.leg.br/portalcidadao/#ab3507a746d749745e6e2186f2abefb2be565fd44b5501b5048bfb9fcd6a5d022892edb976b9fd1d6d1506164dbff171452183777b6104a81659e196071ec8f7ceedcfafe5cf039e7de078ae62f62b1677211b654dca7d5111edd32457d7629f10283b80b58c3f64bc653760565f08054c8180ce793c41ac85fe8d6ad1c8c6e52cbdc195d50124fda567dd68511f3f39f16bb06a24244e744513e66fff62c426cfdb92897e7b58144840b640b442c033,Tecnologia da Informação & Serviços Digitais,Licenciamento de Software & SaaS,office 365,Campinas/Sul de Minas,250.0,Estado Alvo,[ESTADO ALVO: MG],0,pncp_intelligence/data/briefings_ia/briefing_22236517000117-1-000024_2026.txt,,2026-09
174,11361862000166-1-000161/2026,2026,00030,00193/2026,11361862000166,MUNICIPIO DE SURUBIM,M,N,PE,Surubim,Prefeitura Municipal de Surubim,6,Pregão - Eletrônico,Aberto,Divulgada no PNCP,1,Registro de Preços para aquisição de fardamentos a serem destinados a alunos e servidores da Secretaria Municipal de Educação e Cultura do município de Surubim – PE.,,894065.0,0.0,2026-09-22 16:33:57,2026-09-23T00:00:00,2026-10-06T09:30:00,https://bnccompras.com/Process/ProcessView?param1=[gkz]9tRayoIRalO4rf/PdYO8YrgW0YgJ0HKUvejAI8K7f4vh3zezNHpUi8P67MRz2VzrCgfo6N4w4zzQhxN2uhrA17vUwdrpOJoFG9d3gpI47a8=,,Tecnologia da Informação & Serviços Digitais,Cloud & Infraestrutura de TI,servidores,Recife,250.0,Estado Alvo,[ESTADO ALVO: PE],0,pncp_intelligence/data/briefings_ia/briefing_11361862000166-1-000161_2026.txt,,2026-09
175,46523080000160-1-000158/2026,2026,042/2026R,11841/2025,46523080000160,MUNICIPIO DE FRANCO DA ROCHA,M,N,SP,Franco da Rocha,Prefeitura Municipal de Franco da Rocha,6,Pregão - Eletrônico,Aberto,Divulgada no PNCP,0,"CONTRATAÇÃO DE EMPRESA ESPECIALIZADA PARA EXECUÇÃO DE SERVIÇOS DE CONSERVAÇÃO E LIMPEZA DE PRÓPRIOS MUNICIPAIS, LIMPEZA DE CAIXA D’ÁGUA E DEDETIZAÇÃO PARA TODAS AS SECRETARIAS MUNICIPAIS DA PREFEITURA MUNICIPAL DE FRANCO DA ROCHA, COM DISPONIBILIZAÇÃO DE MÃO DE OBRA QUALIFICADA, PRODUTOS SANEANTES DOMISSANITÁRIOS, MATERIAIS, MÁQUINAS COM APOIO TECNOLÓGICO (SOFTWARE E HARDWARE) PARA FISCALIZAÇÃO E CONTROLE DE QUALIDADE DOS SERVIÇOS EXECUTADOS, GERANDO RELATÓRIOS DE BI (BUSINESS INTELLIGENCE), SOB RESPONSABILIDADE DA CONTRATADA",,36820528.92,0.0,2026-09-22 16:58:27,2026-09-22T17:30:00,2026-10-06T10:00:00,,,Tecnologia da Informação & Serviços Digitais,"Dados, IA & Business Intelligence",business intelligence,São Paulo/Campinas,250.0,Estado Alvo,[ESTADO ALVO: SP],0,pncp_intelligence/data/briefings_ia/briefing_46523080000160-1-000158_2026.txt,,2026-09
176,17577524000142-1-000049/2026,2026,37,25.18.000003969-2,17577524000142,SECRETARIA MUNICIPAL DE ADMINISTRACAO,M,E,GO,Goiânia,SECRETARIA MUNICIPAL DE ADMINISTRAÇÃO - GO,6,Pregão - Eletrônico,Aberto,Divulgada no PNCP,0,"Contratação de empresa para fornecimento de uniformes personalizados para os servidores lotados na Secretaria Municipal de Infraestrutura Urbana – SEINFRA, nos termos das condições, quantidades e exigências estabelecidas neste Edital e em seus anexos. ",,359457.8,0.0,2026-09-22 17:18:01,2026-09-23T08:00:00,2026-10-06T09:00:00,https://cnetmobile.estaleiro.serpro.gov.br/comprasnet-web/public/compras/acompanhamento-compra?compra=92674805000372026,https://sei.goiania.go.gov.br/sei/controlador.php?acao=procedimento_trabalhar&acao_origem=procedimento_controlar&acao_retorno=procedimento_controlar&id_procedimento=8954930&infra_sistema=100000100&infra_unidade_atual=110000989&infra_hash=1867eeae3ec91b592144bd496956a752bcd874324e14f73ea6b48f2540102f3c,Tecnologia da Informação & Serviços Digitais,Cloud & Infraestrutura de TI,servidores,Goiânia,0.0,0 km (Base Central),[BASE DIRETA: GOIÂNIA/GO],1,pncp_intelligence/data/briefings_ia/briefing_17577524000142-1-000049_2026.txt,,2026-09
177,08241747000496-1-000335/2026,2026,24.050/2026,STTU 20251326925,08241747000496,MUNICIPIO DE NATAL,M,N,RN,Natal,Secretaria Municipal de Administração de Natal,6,Pregão - Eletrônico,Aberto,Divulgada no PNCP,1,"REGISTRO DE PREÇOS para futura contratação de empresa especializada em fornecer, implantar, manter e operar solução tecnológica integrada de gestão de trânsito, composta por talonário eletrônico homologado pela SENATRAN, sistemas auxiliares para registro e controle de infrações, ocorrências, medidas administrativas e sinistros (BOAT), além de plataforma web com licenciamento em modalidade SaaS (Software como Serviço).",,167637.3,0.0,2026-09-22 17:55:50,2026-09-23T08:00:00,2026-10-07T13:50:00,http://portaldecomprasnatal.com.br,,Tecnologia da Informação & Serviços Digitais,Licenciamento de Software & SaaS,"software como servico, saas",Natal,0.0,0 km (Base Central),[BASE DIRETA: NATAL/RN],1,pncp_intelligence/data/briefings_ia/briefing_08241747000496-1-000335_2026.txt,,2026-09
178,00394494000136-1-001068/2026,2026,58,08006.000703/2025-56,00394494000136,MINISTERIO DA JUSTICA E SEGURANCA PUBLICA,F,E,DF,Brasília,MJ-CGS-COORDENACAO GERAL DE LOGISTICA/DF,6,Pregão - Eletrônico,Aberto,Divulgada no PNCP,0,"Contratação de serviços de desenvolvimento, manutenção e sustentação de software para o Ministério da Justiça e Segurança Pública - MJSP, conforme condições, quantidades e exigências estabelecidas neste Edital e seus anexos.",,107412480.0,0.0,2026-09-23 07:42:05,2026-09-23T08:00:00,2026-10-07T09:00:00,https://cnetmobile.estaleiro.serpro.gov.br/comprasnet-web/public/compras/acompanhamento-compra?compra=20000505000582026,https://sei.mj.gov.br/sei/modulos/pesquisa/md_pesq_processo_exibir.php?Y8dBid4LOmA7F7ZrGjJ-H6cNen3i-MyUPMxYsZPDjQ2CqPeqb2VA573kbr2ok415wPleq4aXgB4IfaTwyt0HVggQebiJ55TEjzSxzjqg_jtM8QOdNlYUUGjHIFKgWDa4,Tecnologia da Informação & Serviços Digitais,Desenvolvimento & Fábrica de Software,sustentacao de software,Brasília,0.0,0 km (Base Central),[BASE DIRETA: BRASÍLIA/DF],1,pncp_intelligence/data/briefings_ia/briefing_00394494000136-1-001068_2026.txt,,2026-09
179,15126437000305-1-003833/2026,2026,36,23819.002207/2026-47,15126437000305,EMPRESA BRASILEIRA DE SERVICOS HOSPITALARES - EBSERH,N,N,RJ,Rio de Janeiro,HOSPITAL UNIVERSITÁRIO GAFFRÉE E GUINLE,6,Pregão - Eletrônico,Aberto,Divulgada no PNCP,1,Contratação de empresa especializada em prestação de serviço de buffet - Eventos para o Hospital Universitário dos Servidores do Estado-HUSE-UNIRIO/HUBRASIL.,,0.0,0.0,2026-09-23 07:42:14,2026-09-23T10:00:00,2026-10-15T10:00:00,https://cnetmobile.estaleiro.serpro.gov.br/comprasnet-web/public/compras/acompanhamento-compra?compra=15591105000362026,https://sei.ebserh.gov.br/sei/controlador.php?acao=procedimento_trabalhar&acao_origem=procedimento_controlar&acao_retorno=procedimento_controlar&id_procedimento=76708522&infra_sistema=100000100&infra_unidade_atual=110007271&infra_hash=4803a5afd2aff468c9ad56c5dc8429f709a628a7f85c9ba047bf46865b9f2b21,Tecnologia da Informação & Serviços Digitais,Cloud & Infraestrutura de TI,servidores,Outro,999.0,Fora do Raio,[FORA DAS BASES],0,pncp_intelligence/data/briefings_ia/briefing_15126437000305-1-003833_2026.txt,,2026-09
180,00394544000185-1-002049/2026,2026,230,25036.000378/2026-74,00394544000185,MINISTERIO DA SAUDE,F,E,AM,Tabatinga,DISTRITO SANIT.ESP.INDÍGENA - ALTO SOLIMOES,6,Pregão - Eletrônico,Aberto-Fechado,Divulgada no PNCP,0,"Serviço de Emissão de Bilhetes de Passagem Fluviais, Tipo Lancha - Ajato","O  objeto  da  presente  licitação  é  a  contratação  de  empresa  especializada  para  a  prestação  de  serviço  contínuo  de  emissão  efornecimento de bilhetes de passagens fluviais, do tipo lancha a jato, sob demanda, destinados ao deslocamento de pacientes indígenas e  seus  respectivos  acompanhantes,  entre  as  localidades  de  atendimento  e  as  cidades  que  disponham  de  unidades  de  saúde  dereferência, bem como o retorno às suas aldeias de origem. A contratação compreenderá, ainda, em caráter excepcional e mediante justificativa da necessidade, a emissão e o fornecimento de  bilhetes  de  passagens  destinados  a  colaboradores,  profissionais  de  saúde  e  demais  servidores  vinculados  ao  Distrito  Sanitário Especial  Indígena  Alto  Rio  Solimões  (DSEI/ARS),  exclusivamente  para  participação  em  ações,  atividades  e  missões  institucionais previamente autorizadas pelo Distrito. A  contratação  será  realizada  por  meio  de  Pregão  Eletrônico,  visando  atender  às  necessidades  do  Distrito  Sanitário  Especial Indígena Alto Rio Solimões – DSEI-ARS, observadas as condições, quantidades, especificações e demais exigências estabelecidas neste Edital e em seus anexos.",1709025.0,0.0,2026-09-23 07:42:20,2026-09-23T08:00:00,2026-10-08T10:00:00,https://cnetmobile.estaleiro.serpro.gov.br/comprasnet-web/public/compras/acompanhamento-compra?compra=25702505002302026,https://sei.saude.gov.br/sei/controlador.php?acao=procedimento_trabalhar&acao_origem=protocolo_pesquisa_rapida&id_protocolo=57841811&infra_sistema=100000100&infra_unidade_atual=110000329&infra_hash=54737b7876c5898d101adc1d0f279ba39f65de7df8edb6f5b95c914abff70bb9,Tecnologia da Informação & Serviços Digitais,Cloud & Infraestrutura de TI,servidores,Outro,999.0,Fora do Raio,[FORA DAS BASES],0,pncp_intelligence/data/briefings_ia/briefing_00394544000185-1-002049_2026.txt,,2026-09
181,23555196000186-1-000215/2026,2026,369,2026.09.14.1-PE,23555196000186,MUNICIPIO DE HORIZONTE,M,N,CE,Horizonte,PREFEITURA MUNICIPAL DE HORIZONTE - CE,6,Pregão - Eletrônico,Aberto,Divulgada no PNCP,0,"CONTRATAÇÃO DE EMPRESA ESPECIALIZADA EM SERVIÇOS DE ASSESSORIA, AUDITORIA E CONSULTORIA EM GESTÃO TRIBUTARIA DE INTERESSE DA SECRETARIA DE FINANÇAS DO MUNICÍPIO DE HORIZONTE/CE","Havendo discrepância entre os textos constantes do edital e seus ANEXOS, inclusive quanto a especificação dos produtos, unidades e demais detalhamentos ante aqueles constantes da plataforma COMPRAS.GOV.BR prevalecerão as informações constantes do edital e seus ANEXOS.",150000.0,0.0,2026-09-23 09:10:16,2026-09-24T08:00:00,2026-10-09T08:30:00,https://cnetmobile.estaleiro.serpro.gov.br/comprasnet-web/public/compras/acompanhamento-compra?compra=98125305003692026,https://municipios-licitacoes.tce.ce.gov.br/,"Consultoria, Treinamento & Governança",Consultoria & Assessoria Técnica,consultoria em gestao,Outro,999.0,Fora do Raio,[FORA DAS BASES],0,pncp_intelligence/data/briefings_ia/briefing_23555196000186-1-000215_2026.txt,,2026-09
182,51507085000130-1-000018/2026,2026,05,809/2026,51507085000130,TUPA CAMARA MUNICIPAL,M,L,SP,Tupã,Câmara Municipal De Tupã,6,Pregão - Eletrônico,Aberto,Divulgada no PNCP,0,"Aquisição de equipamentos de 01 (uma) Mesa de Corte Switcher, 01 (uma) Unidade Central de Processamento (CPU), 01 (um) Storage NAS (servidor de armazenamento), 01 (uma) Caixa Acústica Ativa e 01 (um) Sistema de Microfone sem Fio Duplo, conforme Anexo I – Termo de Referência do Edital",,94965.94,0.0,2026-09-23 09:15:15,2026-09-24T09:00:00,2026-10-08T09:00:00,https://bnccompras.com/Process/ProcessView?param1=[gkz]mRvvEcRDn5QBNDnB/5dI7wkEB6P98L6P4Jyri3rKxMSs9B3lN03A93hDEaNB_3e_iSyva55CaWjNA0InwupKbp5gcpsDDZtsR08U_U3hXuQ=,,Tecnologia da Informação & Serviços Digitais,Cloud & Infraestrutura de TI,storage nas,São Paulo/Campinas,250.0,Estado Alvo,[ESTADO ALVO: SP],0,pncp_intelligence/data/briefings_ia/briefing_51507085000130-1-000018_2026.txt,,2026-09
183,25523986000105-1-000001/2026,2026,003,006/2026,25523986000105,PRODAUB - PROCESSAMENTO DE DADOS DE UBERLANDIA/MG,M,E,MG,Uberlândia,PRODAUB - PROCESSAMENTO DE DADOS DE UBERLANDIA/MG,6,Pregão - Eletrônico,Fechado,Divulgada no PNCP,0,"[LICITANET] - Contratação de Empresa Especializada para Prestação de Serviços Terceirizados de Help Desk ao Projeto Zona Azul em que a PRODAUB atende os usuários do sistema desenvolvido pela PRODAUB em parceria com a Secretaria Municipal de Trânsito e Transportes com a disponibilização de profissionais qualificados para execução de atividades de suporte técnico de primeiro nível (Help Desk), visando atender os clientes externos da PRODAUB, conforme condições, quantidades e exigências estabelecidas neste Termo de Referência.",,0.0,0.0,2026-09-23 09:37:17,2026-09-18T16:54:55,2026-10-09T09:30:00,https://licitanet.com.br/sessao/202075,,Tecnologia da Informação & Serviços Digitais,Service Desk & Suporte Técnico,help desk,Campinas/Sul de Minas,250.0,Estado Alvo,[ESTADO ALVO: MG],0,pncp_intelligence/data/briefings_ia/briefing_25523986000105-1-000001_2026.txt,,2026-09
184,14109763000180-1-000252/2026,2026,171,00764.11.07.611.2026,14109763000180,MUNICIPIO DE CAMACARI,M,N,BA,Camaçari,MUNICÍPIO DE CAMAÇARI/BA,6,Pregão - Eletrônico,Aberto,Divulgada no PNCP,0,"[LICITANET] - Contratação de instituição financeira pública ou privada regulamentante autorizada a funcionar pelo Banco Central do Brasil para a prestação de serviços bancários, para o pagamento de remuneração proventos e benefícios de empregados, servidores ativos, inativos, pensionistas e não efetivos e fornecedores da Administração Pública Direta e Indireta (instituto de Seguridade do Servidor Municipal – ISSM, Empresa de Limpeza Pública de Camaçari – LIMPEC e a Superintendência de Trânsito e Transporte Público – STT do Município de Camaçari.",,30000000.0,0.0,2026-09-23 09:58:45,2026-09-18T11:12:41,2026-10-14T09:00:00,https://licitanet.com.br/sessao/201966,,Tecnologia da Informação & Serviços Digitais,Cloud & Infraestrutura de TI,servidores,Outro,999.0,Fora do Raio,[FORA DAS BASES],0,pncp_intelligence/data/briefings_ia/briefing_14109763000180-1-000252_2026.txt,,2026-09
185,82930181000110-1-000343/2026,2026,PE 35,260/2026,82930181000110,MUNICIPIO DE URUSSANGA,M,N,SC,Urussanga,PREFEITURA MUNICIPAL DE URUSSANGA - SC,6,Pregão - Eletrônico,Aberto,Divulgada no PNCP,0,"O presente procedimento licitatório tem por objetivo a Contratação de empresa especializada na prestação de serviços de acesso à Internet para o sistema de câmeras de monitoramento da Polícia Militar e demais unidades externas, com um link principal para o data center, englobando a instalação e configuração de equipamentos de enlaces de comunicação e gerenciamento proativas. Além de link redundante e acesso a um gerenciador unificado para o monitoramento de uso da banda de cada interligação, em atendimento ao município de Urussanga/SC, bem como provimento de acesso à Internet a Polícia Militar, de acordo com as exigências estabelecidas neste Edital e demais anexos.",,248940.0,0.0,2026-09-23 10:03:33,2026-09-24T08:00:00,2026-10-08T08:00:00,,,Tecnologia da Informação & Serviços Digitais,Cloud & Infraestrutura de TI,data center,Joinville,250.0,Estado Alvo,[ESTADO ALVO: SC],0,pncp_intelligence/data/briefings_ia/briefing_82930181000110-1-000343_2026.txt,,2026-09
186,14472412000139-1-000006/2026,2026,5,53.00971/2026-3,14472412000139,FUNDACAO MUNICIPAL DE ASSISTENCIA A SAUDE DOS SERVIDORES DE SAO GONCALO,M,E,RJ,São Gonçalo,FUNDAÇÃO MUN. ASSIS. SAÚDE SERV. SÃO GONÇALO,6,Pregão - Eletrônico,Aberto,Divulgada no PNCP,0,"A aquisição dos materiais especificados tem como objetivo de atender as necessidades de renovação e ampliação dos equipamentos médicos da FUNASG, com a finalidade de modernizar e aprimorar as condições de trabalho e o atendimento aos servidores usuários da FUNASG.",,65994.15,0.0,2026-09-23 10:05:39,2026-09-24T10:00:00,2026-10-06T10:00:00,https://cnetmobile.estaleiro.serpro.gov.br/comprasnet-web/public/compras/acompanhamento-compra?compra=92743005000052026,https://sei.pmsg.rj.gov.br/sei/modulos/pesquisa/md_pesq_processo_exibir.php?GHx0HHKQ4nbiM1r2gkmmVtyigONwmGTZHfom_z776g67vLXQkOsQDygngEKOE4VHXw0jCIyIyCg-16rRK2lf8NqRyv31pElqbOa8UkoKK-No7JFudtRHo0XZ5SFVAGGQ,Tecnologia da Informação & Serviços Digitais,Cloud & Infraestrutura de TI,servidores,Outro,999.0,Fora do Raio,[FORA DAS BASES],0,pncp_intelligence/data/briefings_ia/briefing_14472412000139-1-000006_2026.txt,,2026-09
187,46313714000150-1-000112/2026,2026,52,1889/2026,46313714000150,MUNICIPIO DE ITIRAPINA,M,N,SP,Itirapina,Prefeitura Municipal de Itirapina,6,Pregão - Eletrônico,Aberto,Divulgada no PNCP,0,"Contratação de empresa especializada para aquisição de notebook corporativos destinados à secretaria Municipal de Administração da Prefeitura Municipal de Itirapina, para atender às atividades administrativas, proporcionando maior mobilidade aos servidores e garantindo a continuidade dos serviços públicos. Os equipamentos serão utilizados para elaboração de documentos, planilhas, apresentações, acesso a sistemas corporativos, videoconferências e demais atividades inerentes às rotinas administrat",,0.0,0.0,2026-09-23 10:27:22,2026-09-24T08:00:00,2026-10-09T08:00:00,https://bllcompras.com/Process/ProcessView?param1=[gkz]_1gUGPVaXwtXmYLD3aObQf/emdycScoFGmfwEa1WAGk0dBPWu9HTXynrmu23zmOguAQBPX1nYyeShW_oZR4sij1NIBDqjGBp76EZENE8CAA=,,Tecnologia da Informação & Serviços Digitais,Cloud & Infraestrutura de TI,servidores,São Paulo/Campinas,250.0,Estado Alvo,[ESTADO ALVO: SP],0,pncp_intelligence/data/briefings_ia/briefing_46313714000150-1-000112_2026.txt,,2026-09
188,89971766000127-1-000025/2026,2026,18,1840,89971766000127,MUNICIPIO DE EUGENIO DE CASTRO,M,N,RS,Eugênio de Castro,PREFEITURA MUNICIPAL,6,Pregão - Eletrônico,Aberto,Divulgada no PNCP,1,[Portal de Compras Públicas] - AQUISIÇÃO DE EQUIPAMENTOS DE PROTEÇÃO INDIVIDUAL (EPIS) PARA USO DOS SERVIDORES DAS SECRETARIAS MUNICIPAIS DO MUNICÍPIO DE EUGÊNIO DE CASTRO/RS.,,0.0,0.0,2026-09-23 10:37:39,2026-09-28T08:30:00,2026-10-08T08:30:00,https://www.portaldecompraspublicas.com.br/processos/RS/Prefeitura-Municipal-de-Eugenio-de-Castro-1544/RPE-18-2026-2026-513504,,Tecnologia da Informação & Serviços Digitais,Cloud & Infraestrutura de TI,servidores,Outro,999.0,Fora do Raio,[FORA DAS BASES],0,pncp_intelligence/data/briefings_ia/briefing_89971766000127-1-000025_2026.txt,,2026-09
189,01612499000150-1-000107/2026,2026,0018,0082/2026,01612499000150,MUNICIPIO DE NOVA PORTEIRINHA,M,N,MG,Nova Porteirinha,Unidade Única,6,Pregão - Eletrônico,Aberto,Divulgada no PNCP,0,"CONTRATAÇÃO DA PRESTAÇÃO DE SERVIÇOS DE ASSESSORIA E CONSULTORIA ADMINISTRATIVA, COM FOCO NO APOIO TÉCNICO À GESTÃO MUNICIPAL, NO ACOMPANHAMENTO DOS PROCESSOS ADMINISTRATIVOS, NA ORGANIZAÇÃO E CONSOLIDAÇÃO DE INFORMAÇÕES GERENCIAIS, NO APOIO AO PLANEJAMENTO ESTRATÉGICO E ACOMPANHAMENTO DO PLANO DE METAS DAS SECRETARIAS MUNICIPAIS, BEM COMO NO SUPORTE À APLICAÇÃO CORRETA DO BRANDING INSTITUCIONAL DO MUNICÍPIO E NO APOIO TÉCNICO À ÁREA DE COMUNICAÇÃO DE NOVA PORTEIRINHA/MG.

",,84023.52,0.0,2026-09-23 11:00:43,2026-09-23T12:00:00,2026-10-08T09:00:00,https://app2.licitardigital.com.br/pesquisa/114351,,"Consultoria, Treinamento & Governança",Consultoria & Assessoria Técnica,planejamento estrategico,Campinas/Sul de Minas,250.0,Estado Alvo,[ESTADO ALVO: MG],0,pncp_intelligence/data/briefings_ia/briefing_01612499000150-1-000107_2026.txt,,2026-09
190,37753638000103-1-000090/2026,2026,40,TLB-PRO-2026/01766,37753638000103,MINISTERIO DAS COMUNICACOES,F,E,DF,Brasília,TELECOMUNICAÇÕES BRASILEIRAS S.A.,6,Pregão - Eletrônico,Aberto-Fechado,Divulgada no PNCP,1,"Contratação, por meio de Ata de Registro de Preços, de aquisição de servidores, licenciamento de software de virtualização, equipamentos de rede e prestação de serviços de suporte e garantia, para atender as necessidades da Telebras, de acordo com as especificações e quantidades estimadas constantes do Termo de Referência e seus Anexos.",As especificações do objeto detalhadas no Edital e seus Anexos prevalecem sobre aquelas cadastradas de forma genérica no sistema CATMAT/CATSER. A proposta comercial deve seguir o modelo de proposta constante no Anexo B do Edital. Obs.: O valor da proposta comercial cadastrado no sistema deverá ser o valor total da contratação.,0.0,0.0,2026-09-23 11:15:21,2026-09-24T08:00:00,2026-10-16T10:00:00,https://cnetmobile.estaleiro.serpro.gov.br/comprasnet-web/public/compras/acompanhamento-compra?compra=92515005000402026,,Tecnologia da Informação & Serviços Digitais,Cloud & Infraestrutura de TI,"virtualizacao, licenciamento de software",Brasília,0.0,0 km (Base Central),[BASE DIRETA: BRASÍLIA/DF],1,pncp_intelligence/data/briefings_ia/briefing_37753638000103-1-000090_2026.txt,,2026-09
191,08036157000189-1-000197/2026,2026,29,2025/0033034,08036157000189,DEFENSORIA PUBLICA DO ESTADO DE SAO PAULO,E,E,SP,São Paulo,ESP-FED-CGA FUNDO DE ASSISTENCIA JUDICIARIA,6,Pregão - Eletrônico,Aberto,Divulgada no PNCP,0,"Prestação de serviços de assistência técnica, com fornecimento de peças e de consumíveis, abrangendo manutenção preventiva programada, manutenção corretiva, manutenção preditiva, monitoramento remoto de alarmes e suporte técnico 24x7x365, para equipamentos e instalações pertencentes ao ambiente físico seguro, solução Sala-Cofre (data center), localizada no edifício da Rua Boa Vista, nº 200, São Paulo/SP",,1524511.0,0.0,2026-09-23 11:25:46,2026-09-24T08:00:00,2026-10-08T10:00:00,https://cnetmobile.estaleiro.serpro.gov.br/comprasnet-web/public/compras/acompanhamento-compra?compra=99003705000292026,,Tecnologia da Informação & Serviços Digitais,Cloud & Infraestrutura de TI,data center,São Paulo,0.0,0 km (Base Central),[BASE DIRETA: SÃO PAULO/SP],1,pncp_intelligence/data/briefings_ia/briefing_08036157000189-1-000197_2026.txt,,2026-09
192,76238435000130-1-000116/2026,2026,47,141,76238435000130,MUNICIPIO DE SAO JOAO DO CAIUA,M,N,PR,São João do Caiuá,Unidade administrativa,6,Pregão - Eletrônico,Aberto,Divulgada no PNCP,0,Contratação de empresa especializada no fornecimento de licenças de uso de ferramenta de tecnologia da informação com IA (Inteligência Artificial) para automação financeira da Contabilidade e Tesouraria Municipal.,,59160.0,0.0,2026-09-23 11:26:57,2026-09-21T08:00:00,2026-10-06T08:30:00,,,Tecnologia da Informação & Serviços Digitais,"Dados, IA & Business Intelligence",inteligencia artificial,Joinville/Curitiba,250.0,Estado Alvo,[ESTADO ALVO: PR],0,pncp_intelligence/data/briefings_ia/briefing_76238435000130-1-000116_2026.txt,,2026-09
193,08539710000104-1-000212/2026,2026,11,20.23.0464.0000224/2026-71,08539710000104,MINISTERIO PUBLICO DO ESTADO DO RIO GRANDE DO NORTE,E,E,RN,Natal,PROCURADORA-GERAL DE JUSTIÇA AD.EST. DO RN,6,Pregão - Eletrônico,Aberto,Divulgada no PNCP,1,"Registro de preços para eventual contratação de empresa para o fornecimento de subscrição de software de virtualização de servidores, redes e armazenamento da solução vmware cloud foundation - vcf, do fabricante broadcom/vmware, pelo período de 36 (trinta e seis) meses.","Em caso de discordância existente entre as especificações deste objeto descritas no COMPRASNET e as especificações constantes deste Edital, prevalecerão as últimas.",2049533.04,0.0,2026-09-23 11:40:22,2026-09-24T08:00:00,2026-10-09T09:00:00,https://cnetmobile.estaleiro.serpro.gov.br/comprasnet-web/public/compras/acompanhamento-compra?compra=92560305000112026,,Tecnologia da Informação & Serviços Digitais,Cloud & Infraestrutura de TI,"virtualizacao, subscricao de software",Natal,0.0,0 km (Base Central),[BASE DIRETA: NATAL/RN],1,pncp_intelligence/data/briefings_ia/briefing_08539710000104-1-000212_2026.txt,,2026-09
194,87334918000155-1-000240/2026,2026,38,38/2026,87334918000155,MUNICIPIO DE VENANCIO AIRES,M,N,RS,Venâncio Aires,PM VENANACIO AIRES,6,Pregão - Eletrônico,Aberto,Divulgada no PNCP,0,"Contratação de empresa especializada para implantação, fornecimento, configuração, operação e manutenção de infraestrutura de rede de comunicação de dados por meio de fibra óptica, contemplando a segmentação lógica por VLANs, destinada à interligação do Data Center da Prefeitura Municipal, Secretarias, unidades administrativas e demais prédios públicos. ",,118442.64,0.0,2026-09-23 11:53:16,2026-08-14T15:21:00,2026-10-09T08:59:00,,,Tecnologia da Informação & Serviços Digitais,Cloud & Infraestrutura de TI,data center,Outro,999.0,Fora do Raio,[FORA DAS BASES],0,pncp_intelligence/data/briefings_ia/briefing_87334918000155-1-000240_2026.txt,,2026-09
195,16901381000110-1-000031/2026,2026,13,65/2026,16901381000110,MUNICIPIO DE LAGOA DOS PATOS,M,N,MG,Lagoa dos Patos,Unidade Única,6,Pregão - Eletrônico,Fechado-Aberto,Divulgada no PNCP,1,"REGISTRO DE PREÇOS PARA FORNECIMENTO PARCELADO DE REFEIÇÕES PRONTAS, TIPO SELF-SERVICE, EM ESTABELECIMENTO LOCALIZADO NA CIDADE DE MONTES CLAROS/MG, PARA ATENDER SERVIDORES DA ADMINISTRAÇÃO MUNICIPAL DE LAGOA DOS PATOS/MG",,94060.0,0.0,2026-09-23 11:58:10,2026-09-23T11:00:00,2026-10-07T08:30:00,https://app2.licitardigital.com.br/pesquisa/114376,,Tecnologia da Informação & Serviços Digitais,Cloud & Infraestrutura de TI,servidores,Campinas/Sul de Minas,250.0,Estado Alvo,[ESTADO ALVO: MG],0,pncp_intelligence/data/briefings_ia/briefing_16901381000110-1-000031_2026.txt,,2026-09
196,08036157000189-1-000198/2026,2026,30,2024/0027833,08036157000189,DEFENSORIA PUBLICA DO ESTADO DE SAO PAULO,E,E,SP,São Paulo,ESP-FED-CGA FUNDO DE ASSISTENCIA JUDICIARIA,6,Pregão - Eletrônico,Aberto,Divulgada no PNCP,0,"Contratação de empresa especializada para prestação de serviços de licenciamento de software (subscrição), suporte técnico e garantia da solução Adobe Acrobat Pro (Licensing Subscription)",,96126.2,0.0,2026-09-23 12:12:22,2026-09-24T08:00:00,2026-10-09T10:00:00,https://cnetmobile.estaleiro.serpro.gov.br/comprasnet-web/public/compras/acompanhamento-compra?compra=99003705000302026,,Tecnologia da Informação & Serviços Digitais,Licenciamento de Software & SaaS,licenciamento de software,São Paulo,0.0,0 km (Base Central),[BASE DIRETA: SÃO PAULO/SP],1,pncp_intelligence/data/briefings_ia/briefing_08036157000189-1-000198_2026.txt,,2026-09
197,26119529000112-1-000015/2026,2026,002,020/2026,26119529000112,CAMARA MUNICIPAL DE PIRAUBA,M,L,MG,Piraúba,Unidade Única,6,Pregão - Eletrônico,Aberto,Divulgada no PNCP,0,"Contratação de empresa especializada para prestação de serviços de administração, gerenciamento, emissão, distribuição e fornecimento de vale-alimentação, por meio de cartão eletrônico, magnético ou tecnologia similar, equipado com microprocessador com chip eletrônico de segurança, destinado aos servidores da Câmara Municipal de Piraúba/MG",,172800.0,0.0,2026-09-23 12:49:56,2026-09-22T08:00:00,2026-10-07T14:00:00,https://app2.licitardigital.com.br/pesquisa/111805,,Tecnologia da Informação & Serviços Digitais,Cloud & Infraestrutura de TI,servidores,Campinas/Sul de Minas,250.0,Estado Alvo,[ESTADO ALVO: MG],0,pncp_intelligence/data/briefings_ia/briefing_26119529000112-1-000015_2026.txt,,2026-09
198,75476556000158-1-000158/2026,2026,PCE 72,180/2026,75476556000158,MUNICIPIO DE PARAISO DO NORTE,M,N,PR,Paraíso do Norte,"Divisão de Tributação, Fiscalização e Central de Processamento de Dados",6,Pregão - Eletrônico,Aberto,Divulgada no PNCP,0,"Contratação de empresa especializada para prestação de serviços técnicos de diagnóstico, saneamento da Base de Cadastro Imobiliário Municipal (BCI), integração ao Sistema Nacional de Gestão de Informações Territoriais - SINTER, disponibilização de interface de integração (API), capacitação de servidores municipais e suporte técnico.",,57250.0,0.0,2026-09-23 13:32:58,2026-09-24T08:00:00,2026-10-08T08:30:00,,,Tecnologia da Informação & Serviços Digitais,Cloud & Infraestrutura de TI,"servidores, capacitação de servidores",Joinville/Curitiba,250.0,Estado Alvo,[ESTADO ALVO: PR],0,pncp_intelligence/data/briefings_ia/briefing_75476556000158-1-000158_2026.txt,,2026-09
199,46522975000180-1-000082/2026,2026,50,136319/2026,46522975000180,MUNICIPIO DE RIO GRANDE DA SERRA,M,N,SP,Rio Grande da Serra,Municipio De Rio Grande Da Serra,6,Pregão - Eletrônico,Aberto,Divulgada no PNCP,1,REGISTRO DE PREÇOS PARA FORNECIMENTO DE MEDICAMENTOS E MATERIAIS ODONTOLÓGICOS.  Proc Adm 711 2026,"A presente justificativa tem finalidade demonstrar a necessidade da aquisição de medicamentos, materiais odontológicos destinados ao atendimento nas Unidades de Saúde, em consonância com o Planejamento Estratégico da Secretaria Municipal de Saúde e com as diretrizes da Atenção Primária à Saúde.",124442.06,0.0,2026-09-23 13:44:00,2026-09-23T18:00:00,2026-10-06T09:00:00,,,"Consultoria, Treinamento & Governança",Consultoria & Assessoria Técnica,planejamento estrategico,São Paulo/Campinas,250.0,Estado Alvo,[ESTADO ALVO: SP],0,pncp_intelligence/data/briefings_ia/briefing_46522975000180-1-000082_2026.txt,,2026-09
200,05805924000189-1-000040/2026,2026,24,19.21.0016.0044447/2025-49,05805924000189,PIAUI PROCURADORIA GERAL DA JUSTICA,E,J,PI,Teresina,PROCURADORIA GERAL DE JUSTIÇA DO PIAUI,6,Pregão - Eletrônico,Aberto,Divulgada no PNCP,1,"Contratação de empresa especializada para o fornecimento, via Ata de Registro de Preços, de licenciamento, serviços e expansão da plataforma hiperconvergente Nutanix atualmente em uso no Ministério Público do Estado do Piauí (MPPI), abrangendo a ampliação de capacidade computacional, a implantação de site de recuperação de desastres (DR), a integração de aplicações de inteligência artificial (IA)",,201100589.42,0.0,2026-09-23 13:45:08,2026-09-24T08:00:00,2026-10-08T09:00:00,https://cnetmobile.estaleiro.serpro.gov.br/comprasnet-web/public/compras/acompanhamento-compra?compra=92609205000242026,https://sei.mppi.mp.br/sei/controlador.php?acao=procedimento_trabalhar&id_procedimento=1402703,Tecnologia da Informação & Serviços Digitais,"Dados, IA & Business Intelligence",inteligencia artificial,Outro,999.0,Fora do Raio,[FORA DAS BASES],0,pncp_intelligence/data/briefings_ia/briefing_05805924000189-1-000040_2026.txt,,2026-09
201,45781176000166-1-000835/2026,2026,084,5153/2026,45781176000166,MUNICIPIO DE AMERICANA,M,N,SP,Americana,PREFEITURA MUNICIPAL DE AMERICANA,6,Pregão - Eletrônico,Aberto,Divulgada no PNCP,0,"CONTRATAÇÃO DE EMPRESA ESPECIALIZADA PARA PRESTAÇÃO DE SERVIÇOS DE SUPORTE TÉCNICO AVANÇADO, ACOMPANHAMENTO ESTRATÉGICO, SEGURANÇA CIBERNÉTICA, REDES E CONECTIVIDADE E LICENCIAMENTO FORTICARE PREMIUM PARA EQUIPAMENTOS FORTINET OBS: PODE HAVER DIVERGÊNCIA ENTRE O VALOR DO EDITAL DIVULGADO EM VIRTUDE DE ARREDONDAMENTO DE CASAS DECIMAIS",,440473.27,0.0,2026-09-23 14:18:36,2026-09-23T14:00:00,2026-10-08T07:30:00,,,Tecnologia da Informação & Serviços Digitais,Cibersegurança & Governança de Dados,seguranca cibernetica,Campinas,35.0,Até 50 km,[BASE: CAMPINAS | Americana/SP (35km)],1,pncp_intelligence/data/briefings_ia/briefing_45781176000166-1-000835_2026.txt,,2026-09
202,76022490000199-1-000155/2026,2026,45,100,76022490000199,MUNICIPIO DE MORRETES,M,N,PR,Morretes,Unidade administrativa,6,Pregão - Eletrônico,Aberto,Divulgada no PNCP,1,"AQUISIÇÃO DE EQUIPAMENTOS DE PROTEÇÃO INDIVIDUAL (EPIs), DESTINADOS AOS SERVIDORES DO SETOR DE ILUMINAÇÃO PÚBLICA, EM ATENDIMENTO A SECRETARIA MUNICIPAL DE INFRAESTRUTURA E OBRAS PÚBLICAS, PELO PERÍODO DE 12 (DOZE) MESES.",,197301.4,0.0,2026-09-23 14:31:38,2026-09-23T08:00:00,2026-10-19T08:30:00,,,Tecnologia da Informação & Serviços Digitais,Cloud & Infraestrutura de TI,servidores,Joinville/Curitiba,250.0,Estado Alvo,[ESTADO ALVO: PR],0,pncp_intelligence/data/briefings_ia/briefing_76022490000199-1-000155_2026.txt,,2026-09
203,00394452000103-1-020757/2026,2026,7,64492.004253/2026-98,00394452000103,COMANDO DO EXERCITO,F,E,AM,Manaus,4 DIVISAO DE LEVANTAMENTO/MEX/AM,6,Pregão - Eletrônico,Aberto-Fechado,Divulgada no PNCP,1,"Aquisição de equipamentos de Tecnologia da Informação e Comunicação (TIC), compreendendo recursos de estações de trabalho, notebook, servidor, sistema de armazenamento de dados (storage), servidor NAS, console KVM, monitores, equipamentos de comunicação de dados, impressoras, scanner e conversores de mídia, destinados à modernização, ampliação, renovação, sustentação e continuidade da infraestrutura tecnológica do 4º Centro de Geoinformação e das Organizações Militares participantes do GCALC/DSG",,2531920.87,0.0,2026-09-23 14:47:02,2026-09-24T08:00:00,2026-10-06T08:00:00,https://cnetmobile.estaleiro.serpro.gov.br/comprasnet-web/public/compras/acompanhamento-compra?compra=16001105000072026,,Tecnologia da Informação & Serviços Digitais,Cloud & Infraestrutura de TI,armazenamento de dados,Outro,999.0,Fora do Raio,[FORA DAS BASES],0,pncp_intelligence/data/briefings_ia/briefing_00394452000103-1-020757_2026.txt,,2026-09
204,06877670000177-1-000017/2026,2026,001,08766/26,06877670000177,INSTITUTO DE PLANEJAMENTO E DESENVOLVIMENTO SUSTENTAVEL DE ARAXA,M,E,MG,Araxá,INSTITUTO DE PLANEJAMENTO E DESENVOLVIMENTO SUSTENTÁVEL DE ARAXÁ - IPDSA/MG,6,Pregão - Eletrônico,Aberto,Divulgada no PNCP,0,"[LICITANET] - Contratação de empresa especializada para prestação de serviços de administração, gerenciamento, emissão e fornecimento de cartões eletrônicos destinados à concessão do auxílio-alimentação aos servidores do Instituto de Planejamento e Desenvolvimento Sustentável de Araxá – IPDSA, mediante disponibilização de solução tecnológica para operacionalização dos créditos, gerenciamento eletrônico do benefício, aplicativo aos beneficiários, sistema informatizado de gestão, canais de atendimento, suporte técnico e demais serviços correlatos, conforme especificações constantes do Estudo Técnico Preliminar e do futuro Termo de Referência.",,0.0,0.0,2026-09-23 14:50:55,2026-09-23T14:42:49,2026-10-16T09:30:00,https://licitanet.com.br/sessao/202568,,Tecnologia da Informação & Serviços Digitais,Cloud & Infraestrutura de TI,servidores,Campinas/Sul de Minas,250.0,Estado Alvo,[ESTADO ALVO: MG],0,pncp_intelligence/data/briefings_ia/briefing_06877670000177-1-000017_2026.txt,,2026-09
205,23535271000147-1-000050/2026,2026,52,52/2026,23535271000147,SERVICO AUTONOMO DE AGUA E ESGOTO,M,E,MG,Pirapora,Serviço Autônomo de Água e Esgoto de Pirapora,6,Pregão - Eletrônico,Aberto,Divulgada no PNCP,0,"Contratação de empresa especializada para fornecimento de Solução GIS Integrada voltada ao setor de saneamento, com Gestão de cadastro georreferenciado de redes, usuários, hidrômetros, e demais componentes do cadastro técnico, bem como gestão de ordens de serviço online. Será adotada a modalidade de contratação de Software como Serviço (Saas), contemplando todos os serviços referentes à migração, integração, hospedagem, configuração do software, comprovação e manutenção de sua consistência, suporte a usuários, gestão da base de dados, e rotinas de backup, conforme especificações e exigências deste Termo de Referência",,122587.99,0.0,2026-09-23 15:07:17,2026-09-23T09:00:00,2026-10-19T08:59:00,,,Tecnologia da Informação & Serviços Digitais,Licenciamento de Software & SaaS,"software como servico, saas",Campinas/Sul de Minas,250.0,Estado Alvo,[VIABILIDADE: 100% REMOTO] [ESTADO ALVO: MG],0,pncp_intelligence/data/briefings_ia/briefing_23535271000147-1-000050_2026.txt,,2026-09
206,45781176000166-1-000838/2026,2026,084/2026,5.153/2026,45781176000166,MUNICIPIO DE AMERICANA,M,N,SP,Americana,Americana,6,Pregão - Eletrônico,Aberto,Divulgada no PNCP,0,"CONTRATAÇÃO DE EMPRESA ESPECIALIZADA PARA PRESTAÇÃO DE SERVIÇOS DE SUPORTE TÉCNICO AVANÇADO, ACOMPANHAMENTO ESTRATÉGICO, SEGURANÇA CIBERNÉTICA, REDES E CONECTIVIDADE E LICENCIAMENTO FORTICARE PREMIUM PARA EQUIPAMENTOS FORTINET

OBS: PODE HAVER DIVERGÊNCIA ENTRE O VALOR DO EDITAL DIVULGADO EM VIRTUDE DE ARREDONDAMENTO DE CASAS DECIMAIS",,0.0,0.0,2026-09-23 15:20:28,2026-09-23T15:30:00,2026-10-08T07:30:00,,,Tecnologia da Informação & Serviços Digitais,Cibersegurança & Governança de Dados,seguranca cibernetica,Campinas,35.0,Até 50 km,[BASE: CAMPINAS | Americana/SP (35km)],1,pncp_intelligence/data/briefings_ia/briefing_45781176000166-1-000838_2026.txt,,2026-09
207,78640489000153-1-000801/2026,2026,128,26.363.773-9,78640489000153,UNIVERSIDADE ESTADUAL DE LONDRINA,E,E,PR,Londrina,EPR - UNIVERSIDADE ESTADUAL DE LONDRINA,6,Pregão - Eletrônico,Aberto-Fechado,Divulgada no PNCP,0,"Aquisição de desktops, kit de desenvolvimento para inteligência artificial, kit módulo didático de telecomunicação e impressora (3D profissional e multifucional tanque de tinta).",,178663.23,0.0,2026-09-23 15:47:22,2026-09-24T10:00:00,2026-10-15T09:00:00,https://cnetmobile.estaleiro.serpro.gov.br/comprasnet-web/public/compras/acompanhamento-compra?compra=92676905001282026,https://portal.uel.br//,Tecnologia da Informação & Serviços Digitais,"Dados, IA & Business Intelligence",inteligencia artificial,Joinville/Curitiba,250.0,Estado Alvo,[ESTADO ALVO: PR],0,pncp_intelligence/data/briefings_ia/briefing_78640489000153-1-000801_2026.txt,,2026-09
208,18314625000193-1-000037/2026,2026,045,130/2026,18314625000193,MUNICIPIO DE PRUDENTE DE MORAIS,M,N,MG,Prudente de Morais,Unidade Unica,6,Pregão - Eletrônico,Aberto,Divulgada no PNCP,0,"Cestas de Natal destinadas aos servidores da Prefeitura Municipal de
Prudente de Morais/MG",,377164.6,0.0,2026-09-23 16:04:37,2026-09-23T15:00:00,2026-10-06T09:00:00,https://app2.licitardigital.com.br/pesquisa/114438,,Tecnologia da Informação & Serviços Digitais,Cloud & Infraestrutura de TI,servidores,Campinas/Sul de Minas,250.0,Estado Alvo,[ESTADO ALVO: MG],0,pncp_intelligence/data/briefings_ia/briefing_18314625000193-1-000037_2026.txt,,2026-09
209,43976166000150-1-000080/2026,2026,PCE 24,84/2026,43976166000150,MUNICIPIO DE AMERICO BRASILIENSE,M,N,SP,Américo Brasiliense,DEPARTAMENTO DE SERVIÇOS URBANOS,6,Pregão - Eletrônico,Aberto-Fechado,Divulgada no PNCP,1,"Registro de Preços para futura e eventual aquisição de uniformes destinados aos servidores e trabalhadores vinculados às atividades do Departamento de Serviços Urbanos, inclusive aqueles disponibilizados no âmbito do ajuste mantido com a FUNAP, conforme especificações, quantitativos, condições de fornecimento, padrões de qualidade e demais exigências estabelecidas no Termo de Referência.",,54138.4,0.0,2026-09-23 16:24:48,2026-09-25T09:00:00,2026-10-09T13:30:00,,,Tecnologia da Informação & Serviços Digitais,Cloud & Infraestrutura de TI,servidores,São Paulo/Campinas,250.0,Estado Alvo,[ESTADO ALVO: SP],0,pncp_intelligence/data/briefings_ia/briefing_43976166000150-1-000080_2026.txt,,2026-09
210,56024581000156-1-000412/2026,2026,246,066772/2026,56024581000156,MUNICIPIO DE RIBEIRAO PRETO,M,N,SP,Ribeirão Preto,PREFEITURA MUNICIPAL DE RIBEIRAO PRETO - SP,6,Pregão - Eletrônico,Aberto-Fechado,Divulgada no PNCP,0,"Contratação de empresa especializada para o fornecimento de licenças anuais da ferramenta de Business Intelligence (BI), desenvolvido pela Microsoft, Power BI Premium por usuário (PPU), para a Secretaria Municipal da Saúde, conforme edital e seus anexos.","Em caso de discordância existente entre as especificações deste objeto descritas no Portal de Compras do Governo Federal e as especificações constantes no Edital, prevalecerão as últimas.",267327.5,0.0,2026-09-23 16:35:37,2026-09-24T08:00:00,2026-10-09T09:00:00,https://cnetmobile.estaleiro.serpro.gov.br/comprasnet-web/public/compras/acompanhamento-compra?compra=98696905002462026,https://processodigital.ribeiraopreto.sp.gov.br/atendimento/inicio,Tecnologia da Informação & Serviços Digitais,"Dados, IA & Business Intelligence",business intelligence,São Paulo/Campinas,250.0,Estado Alvo,[ESTADO ALVO: SP],0,pncp_intelligence/data/briefings_ia/briefing_56024581000156-1-000412_2026.txt,,2026-09
211,75789552000120-1-000082/2026,2026,31,76/2026,75789552000120,MUNICIPIO DE JUSSARA,M,N,PR,Jussara,Unidade administrativa,6,Pregão - Eletrônico,Aberto,Divulgada no PNCP,1,"FUTURA E EVENTUAL CONTRATAÇÃO DE EMPRESA ESPECIALIZADA NA PRESTAÇÃO DE SERVIÇOS DE DISPONIBILIZAÇÃO, IMPLANTAÇÃO, CONFIGURAÇÃO, TREINAMENTO, SUPORTE TÉCNICO, MANUTENÇÃO, ATUALIZAÇÃO E LICENCIAMENTO DE USO DE SOLUÇÃO TECNOLÓGICA INTEGRADA PARA GESTÃO DA FROTA MUNICIPAL, DISPONIBILIZADA NA MODALIDADE SOFTWARE COMO SERVIÇO – SAAS (SOFTWARE AS A SERVICE), HOSPEDADA EM AMBIENTE DE COMPUTAÇÃO EM NUVEM, INCLUINDO O FORNECIMENTO, INSTALAÇÃO, CONFIGURAÇÃO, SUBSTITUIÇÃO E MANUTENÇÃO DOS DISPOSITIVOS ELETRÔNICOS EMBARCADOS (IOT), DESTINADOS À COLETA, TRANSMISSÃO, PROCESSAMENTO E GERENCIAMENTO DAS INFORMAÇÕES OPERACIONAIS DOS VEÍCULOS PERTENCENTES OU UTILIZADOS PELA ADMINISTRAÇÃO MUNICIPAL, CONFORME CONDIÇÕES, QUANTIDADES E EXIGÊNCIAS ESTABELECIDAS NO TERMO DE REFERÊNCIA.",,159799.96,0.0,2026-09-23 16:52:02,2026-09-24T08:30:00,2026-10-08T08:30:00,,,Tecnologia da Informação & Serviços Digitais,Cloud & Infraestrutura de TI,"computacao em nuvem, software como servico, saas",Joinville/Curitiba,250.0,Estado Alvo,[VIABILIDADE: 100% REMOTO] [ESTADO ALVO: PR],0,pncp_intelligence/data/briefings_ia/briefing_75789552000120-1-000082_2026.txt,,2026-09
212,46377222000129-1-000342/2026,2026,400,017.00237555/2025-47,46377222000129,SECRETARIA DA FAZENDA E PLANEJAMENTO,E,E,SP,São Paulo,"ESP-DIR DE ADMIN, SUP E INFRAESTRUTURA - DASI",6,Pregão - Eletrônico,Aberto,Divulgada no PNCP,0,"Contratação de Serviços de suporte técnico, manutenção e atualização da solução de proteção de servidores (antivírus)",,2747999.59,0.0,2026-09-23 16:53:39,2026-09-25T09:00:00,2026-10-13T08:59:00,https://cnetmobile.estaleiro.serpro.gov.br/comprasnet-web/public/compras/acompanhamento-compra?compra=93301105004002026,https://sei.sp.gov.br/sei/controlador.php?acao=procedimento_trabalhar&acao_origem=procedimento_controlar&acao_retorno=procedimento_controlar&id_procedimento=108510361&infra_sistema=100000100&infra_unidade_atual=110018524&infra_hash=eefe9c4f0aa87cc2a1b26301d6408eb2294e8f1f525567e18d8cd41ebf48ecb6,Tecnologia da Informação & Serviços Digitais,Cloud & Infraestrutura de TI,servidores,São Paulo,0.0,0 km (Base Central),[BASE DIRETA: SÃO PAULO/SP],1,pncp_intelligence/data/briefings_ia/briefing_46377222000129-1-000342_2026.txt,,2026-09
213,78680337000184-1-000333/2026,2026,1411,1411/2026,78680337000184,UNIVERSIDADE ESTADUAL DO OESTE DO PARANA,E,E,PR,Cascavel,UNIOESTE REITOR - Universidade Estadual do Oeste do Paraná - Reitoria,6,Pregão - Eletrônico,Aberto,Divulgada no PNCP,0,Contratação desenvolvimento de software PE Juventude,(L1):Pe Juventude,150000.0,0.0,2026-09-23 17:00:09,2026-09-25T08:00:00,2026-10-14T08:30:00,www.transparencia.pr.gov.br/pte/compras/licitacoes/pesquisar-param?numprocesso=1411&ano=2026&codmodalidade=68,,Tecnologia da Informação & Serviços Digitais,Desenvolvimento & Fábrica de Software,desenvolvimento de software,Joinville/Curitiba,250.0,Estado Alvo,[ESTADO ALVO: PR],0,pncp_intelligence/data/briefings_ia/briefing_78680337000184-1-000333_2026.txt,,2026-09
214,10121515000101-1-000049/2026,2026,034,068/2026,10121515000101,MUNICIPIO DE BONITO,M,N,PE,Bonito,Prefeitura Municipal de Bonito,6,Pregão - Eletrônico,Aberto,Divulgada no PNCP,0,"Contratação de pessoas jurídicas especializadas para a prestação de serviços contínuos de transporte terrestre escolar e funcional, mediante frota indireta, destinado ao deslocamento diário de estudantes regularmente matriculados na Rede Pública Municipal/Estadual de Educação do Município de Bonito/PE, bem como de servidores e professores em rotas de transporte funcional, residentes em áreas urbanas, rurais e periurbanas, mediante locação de veículos automotores com motorista...",,12518011.88,0.0,2026-09-23 17:36:34,2026-09-24T09:00:00,2026-10-15T09:00:00,https://bnccompras.com/Process/ProcessView?param1=[gkz]Zb1coWcQIKgV_QUeAFdG9fSiGsRarcJN7jbeMBCIoiRjUoeFnoU_aHzldrK9pIpUMPbKBFkLLTtRdLlqpOGs02WeoEO6vI6hND6ZJb9nx2E=,,Tecnologia da Informação & Serviços Digitais,Cloud & Infraestrutura de TI,servidores,Recife,250.0,Estado Alvo,[ESTADO ALVO: PE],0,pncp_intelligence/data/briefings_ia/briefing_10121515000101-1-000049_2026.txt,,2026-09
215,11958828000173-1-000004/2026,2026,4,926351,11958828000173,PMSP - SAO PAULO OBRAS,M,E,SP,São Paulo,PMSP - SAO PAULO OBRAS,6,Pregão - Eletrônico,Aberto,Divulgada no PNCP,0,"Contratação de empresa especializada para contratação de solução corporativa de backup em nuvem privada (saas), incluindo armazenamento, licenciamento, implantação, suporte, manutenção e garantia, conforme especificações constantes do Anexo I – Termo de Referência","PREGÃO ELETRÔNICO n.º 04/2026
PROCESSO SEI n.º 7910.2026/0001380-0
OBJETO: Contratação de empresa especializada para contratação de solução corporativa de backup em nuvem privada (saas), incluindo armazenamento, licenciamento, implantação, suporte, manutenção e garantia, conforme especificações constantes do Anexo I – Termo de Referência, deste Edital.
TIPO: MENOR VALOR MENSAL
MODO DE DISPUTA: ABERTA
UASG: 926351
LOCAL DA SESSÃO: Portal Compras Governamentais: http://comprasnet.gov.br
DATA E HORA DA ABERTURA DA SESSÃO PÚBLICA: 13/10/2026 às 9:30hs
PREFERÊNCIA ME/EPP/EQUIPARADAS: (NÃO)
Os trabalhos serão conduzidos por Pregoeiro da SPObras, mediante a inserção e monitoramento de dados gerados ou transferidos para o aplicativo constante da página eletrônica https://www.gov.br/compras
Encaminhamento das Propostas: deverão ser encaminhadas, exclusivamente, por meio eletrônico para o seguinte endereço: https://www.gov.br/compras

Divulgação/Disponibilidade: A partir de 25/10/2026 o Edital e seus anexos estarão disponíveis no Processo SEI nº 7910.2026/0001380-0, Doc. Sei nº 165690729, LINK   https://sei.prefeitura.sp.gov.br/sei/controlador.php?acao=procedimento_trabalhar&id_procedimento=160922527&id_documento=166292688

Encaminhamento das Propostas: deverão ser encaminhadas, exclusivamente, por meio eletrônico para o seguinte endereço: https://www.gov.br/compras
",0.0,0.0,2026-09-23 17:44:35,2026-09-28T08:00:00,2026-10-13T09:25:00,https://cnetmobile.estaleiro.serpro.gov.br/comprasnet-web/public/compras/acompanhamento-compra?compra=92635105000042026,https://sei.prefeitura.sp.gov.br,Tecnologia da Informação & Serviços Digitais,Licenciamento de Software & SaaS,saas,São Paulo,0.0,0 km (Base Central),[BASE DIRETA: SÃO PAULO/SP],1,pncp_intelligence/data/briefings_ia/briefing_11958828000173-1-000004_2026.txt,,2026-09
216,18443577000133-1-000028/2026,2026,025/2026,032.08.2026,18443577000133,CONSORCIO INTERMUNICIPAL BRASIL CENTRAL/GO,N,E,GO,Goiânia,CONSORCIO INTERFEDERATIVO AUTARQUICO BRASIL CENTRAL (CIABC/GO),6,Pregão - Eletrônico,Aberto,Divulgada no PNCP,1,"Registro de Preços para a futura e eventual contratação de empresa especializada na prestação de solução tecnológica, em regime de software como serviço (SaaS), de apoio à gestão dos fatores de risco psicossocial relacionados ao trabalho (FRPRT), integrada ao Gerenciamento de Riscos Ocupacionais (GRO) e ao Programa de Gerenciamento de Riscos (PGR), para atendimento das demandas dos municípios vinculados ao CIABC/GO",,0.0,0.0,2026-09-23 20:02:21,2026-09-23T20:30:00,2026-10-07T12:50:00,,,Tecnologia da Informação & Serviços Digitais,Licenciamento de Software & SaaS,"software como servico, saas",Goiânia,0.0,0 km (Base Central),[BASE DIRETA: GOIÂNIA/GO],1,pncp_intelligence/data/briefings_ia/briefing_18443577000133-1-000028_2026.txt,,2026-09
217,06554943000142-1-000070/2026,2026,036/2026,116/2026,06554943000142,MUNICIPIO DE REGENERACAO,M,N,PI,Regeneração,PREFEITURA MUNICIPAL DE REGENERAÇÃO,6,Pregão - Eletrônico,Aberto,Divulgada no PNCP,1,"Contratação de instituição de ensino superior credenciada pelo Ministério da Educação (MEC), especializada na prestação de serviços educacionais para oferta de curso e capacitação em Educação Especial Inclusiva, voltados à qualificação profissional dos professores e demais servidores da Secretaria Municipal de Educação do Município de Regeneração/PI",,2242500.0,0.0,2026-09-23 23:47:34,2026-09-24T08:00:00,2026-10-07T08:00:00,http://www.portaldecomprasregeneracao.com.br,,Tecnologia da Informação & Serviços Digitais,Cloud & Infraestrutura de TI,servidores,Outro,999.0,Fora do Raio,[FORA DAS BASES],0,pncp_intelligence/data/briefings_ia/briefing_06554943000142-1-000070_2026.txt,,2026-09
218,02313673000127-1-000109/2026,2026,117,48610.201345/2026-74,02313673000127,"AGENCIA NACIONAL DO PETROLEO, GAS NATURAL E BIOCOMBUSTIVEIS",F,E,RJ,Rio de Janeiro,AGENCIA NACIONAL DO PETROLEO - ANP - RJ,6,Pregão - Eletrônico,Aberto,Suspensa,0,"Aquisição de solução integrada de segurança e conectividade, composta pela implantação de firewall corporativo e solução de rede sem fio (Wi‑Fi), incluindo fornecimento dos equipamentos, serviços de instalação, suporte técnico especializado, subscrição de licenças, atualizações, manutenção e garantia",,7825942.09,0.0,2026-09-24 04:00:54,2026-09-24T08:00:00,2026-10-06T10:30:00,https://cnetmobile.estaleiro.serpro.gov.br/comprasnet-web/public/compras/acompanhamento-compra?compra=32303105001172026,https://www.gov.br/anp/pt-br/servicos/processo-eletronico-sei,Tecnologia da Informação & Serviços Digitais,Cibersegurança & Governança de Dados,firewall,Outro,999.0,Fora do Raio,[FORA DAS BASES],0,pncp_intelligence/data/briefings_ia/briefing_02313673000127-1-000109_2026.txt,,2026-09
219,00509018000113-1-002235/2026,2026,151,0005918-42.2026.6.21.8000,00509018000113,TRIBUNAL SUPERIOR ELEITORAL,F,J,RS,Porto Alegre,TRIBUNAL REGIONAL ELEITORAL DO RIO G.DO SUL,6,Pregão - Eletrônico,Aberto-Fechado,Divulgada no PNCP,0,"Aquisição de solução de firewall para interligação segura dos cartórios eleitorais, depósito de urnas e de atendimento da Justiça Eleitoral Presente, através de VPN (Virtual Private Network, rede privada virtual criptografada) à rede corporativa do TRE-RS",O edital também está disponível no sítio www.tre-rs.jus.br,1532171.01,0.0,2026-09-24 04:08:57,2026-09-24T08:00:00,2026-10-09T14:00:00,https://cnetmobile.estaleiro.serpro.gov.br/comprasnet-web/public/compras/acompanhamento-compra?compra=07002105001512026,,Tecnologia da Informação & Serviços Digitais,Cibersegurança & Governança de Dados,firewall,Outro,999.0,Fora do Raio,[FORA DAS BASES],0,pncp_intelligence/data/briefings_ia/briefing_00509018000113-1-002235_2026.txt,,2026-09
220,00059311000126-1-000344/2026,2026,18,15013.000152/2026-88,00059311000126,FUNDACAO NACIONAL DO INDIO,F,E,MA,São Luís,COORDENAÇÃO REGIONAL DE SUPORTE SÃO LUÍS,6,Pregão - Eletrônico,Aberto-Fechado,Divulgada no PNCP,0,"Contratação de empresa para prestação de serviços continuados de limpeza, asseio e conservação predial, com dedicação exclusiva de mão de obra, para a sede compartilhada da CFPE AWA e da CRSup/SLZ, garantindo salubridade, preservação patrimonial e ambiente adequado para servidores e atendimento ao público.",,186361.8,0.0,2026-09-24 04:11:24,2026-09-24T08:00:00,2026-10-08T09:00:00,https://cnetmobile.estaleiro.serpro.gov.br/comprasnet-web/public/compras/acompanhamento-compra?compra=19401405000182026,https://sei.funai.gov.br/sei/#15013.000152/2026-88,Tecnologia da Informação & Serviços Digitais,Cloud & Infraestrutura de TI,servidores,Outro,999.0,Fora do Raio,[FORA DAS BASES],0,pncp_intelligence/data/briefings_ia/briefing_00059311000126-1-000344_2026.txt,,2026-09
221,04039532000193-1-000012/2026,2026,143,00100.002198/2025-02,04039532000193,INSTITUTO NACIONAL DE TECNOLOGIA DA INFORMACAO,F,E,DF,Brasília,INSTITUTO NAC. DE TECNOLOGIA DA INFORMAçãO,6,Pregão - Eletrônico,Aberto-Fechado,Divulgada no PNCP,0,"Contratação de Serviços técnicos especializados de sustentação de infraestrutura de Tecnologia da Informação e Comunicação (TIC), com remuneração mensal fixa, condicionada ao cumprimento dos Níveis Mínimos de Serviço (NMS) estabelecidos, conforme quantidades e perfis profissionais mínimos previstos em ordens de serviço, no âmbito do Instituto Nacional de Tecnologia da Informação (ITI),","O serviço é enquadrado como continuado tendo em vista que busca assegurar a continuidade ininterrupta das atividades essenciais e rotineiras dos Serviços Negociais do Instituto Nacional de Tecnologia da Informação, incluído Autoridade Certificadora Raiz (AC Raiz) da Infraestrutura de Chaves Públicas do Brasil (ICP-Brasil), sendo a vigência plurianual mais vantajosa considerando a complexidade técnica e logística envolvida na contratação, nos termos do item 9.3.5 da Portaria SGD/MGI nº 1.070, de 1º de junho de 2023, alterada pelas Portarias SGD/MGI Nº 6.680, de 4 de outubro de 2024 e SGD/MGI Nº 6.055, de 26 de agosto de 2025.",15558938.16,0.0,2026-09-24 04:11:57,2026-09-24T08:00:00,2026-10-08T09:00:00,https://cnetmobile.estaleiro.serpro.gov.br/comprasnet-web/public/compras/acompanhamento-compra?compra=24300105001432026,https://sei.iti.gov.br/sei/controlador.php?acao=procedimento_trabalhar&id_procedimento=781342,Tecnologia da Informação & Serviços Digitais,Service Desk & Suporte Técnico,sustentação de infraestrutura,Brasília,0.0,0 km (Base Central),[BASE DIRETA: BRASÍLIA/DF],1,pncp_intelligence/data/briefings_ia/briefing_04039532000193-1-000012_2026.txt,,2026-09
222,09680315000100-1-000029/2026,2026,00012,00096/2026,09680315000100,MUNICIPIO DE ILHA DE ITAMARACA,M,N,PE,Ilha de Itamaracá,PREFEITURA MUNICIPAL DA ILHA DE ITAMARACÁ,6,Pregão - Eletrônico,Aberto,Divulgada no PNCP,1,"REGISTRO DE PREÇOS VISANDO AQUISIÇÃO DE ELETRODOMÉSTICOS DA LINHA BRANCA, NOVOS E DE PRIMEIRO USO, DESTINADOS ÀS DIVERSAS SECRETARIAS MUNICIPAIS DA ILHA DE ITAMARACÁ/PE, OBJETIVANDO ATENDER ÀS NECESSIDADES DE DOS ÓRGÃOS PÚBLICOS MUNICIPAIS, PROPORCIONANDO MELHORES CONDIÇÕES DE TRABALHO AOS SERVIDORES, SUPORTE ÀS ATIVIDADES ADMINISTRATIVAS E OPERACIONAIS",,313719.07,0.0,2026-09-24 08:14:18,2026-09-24T08:00:00,2026-10-07T08:00:00,https://bnccompras.com/Process/ProcessView?param1=[gkz]lgumBpgEonG_43DeY/YxKBLRQrNrsZ4iab8lPJxbTkbPvv9_FWmaofAU7ETDKIwUM8PhNnWBrDsAkZTewXDz/QWuNgtJEkUyLJp5LOq2fh8=,,Tecnologia da Informação & Serviços Digitais,Cloud & Infraestrutura de TI,servidores,Recife,250.0,Estado Alvo,[ESTADO ALVO: PE],0,pncp_intelligence/data/briefings_ia/briefing_09680315000100-1-000029_2026.txt,,2026-09
223,76175934000126-1-000055/2026,2026,70,196/2026,76175934000126,MUNICIPIO DE IPIRANGA,M,N,PR,Ipiranga,PREFEITURA MUNICIPAL DE IPIRANGA - PR,6,Pregão - Eletrônico,Aberto,Divulgada no PNCP,0,"Seleção e contratação de empresa que se enquadre como MEI, ME e EPP conforme Lei Complementar nº.123/2006 e Lei Complementar 147/2014, para prestação de serviços técnicos especializados de apoio, orientação, consultoria, capacitação e treinamento aos servidores públicos municipais, abrangendo as áreas de Planejamento, Contabilidade, Tesouraria, Tributação, Licitação e Contratos, Recursos Humanos, E-Social, Patrimônio, Controle de Frotas, Obras e Convênios, bem como orientação quanto à utilização",,63000.0,0.0,2026-09-24 08:28:43,2026-09-24T08:30:00,2026-10-09T08:00:00,https://bllcompras.com/Process/ProcessView?param1=[gkz]7KGCpFEx5tykjgnqzjmw1Qjew/P7JqX6WKGxn3_KorMq1qfdhhPImWyceX/5tMjN_T4pd9x_nxYdD1na0tRsTf4tNee2N1_oZVzE9eZJLwI=,,Tecnologia da Informação & Serviços Digitais,Cloud & Infraestrutura de TI,servidores,Joinville/Curitiba,250.0,Estado Alvo,[ESTADO ALVO: PR],0,pncp_intelligence/data/briefings_ia/briefing_76175934000126-1-000055_2026.txt,,2026-09
224,07954605000160-1-000982/2026,2026,72/2026,72/2026,07954605000160,MUNICIPIO DE FORTALEZA,M,N,CE,Fortaleza,Secretaria Municipal da Infraestrutura,6,Pregão - Eletrônico,Aberto-Fechado,Divulgada no PNCP,0,"CONTRATAÇÃO DE EMPRESA ESPECIALIZADA NO FORNECIMENTO DE LICENÇAS PARA SOLUÇÃO ANTIVÍRUS ENDPOINT DETECTION AND RESPONSE (EDR), COM SUPORTE",,85582.5,0.0,2026-09-24 08:34:16,2026-09-25T08:00:00,2026-10-13T09:00:00,https://compras.sepog.fortaleza.ce.gov.br/,,Tecnologia da Informação & Serviços Digitais,Cibersegurança & Governança de Dados,edr,Outro,999.0,Fora do Raio,[FORA DAS BASES],0,pncp_intelligence/data/briefings_ia/briefing_07954605000160-1-000982_2026.txt,,2026-09
225,88594999000195-1-001452/2026,2026,98,4084/2026,88594999000195,MUNICIPIO DE GARIBALDI,M,N,RS,Garibaldi,Município de Garibaldi,6,Pregão - Eletrônico,Aberto,Divulgada no PNCP,0,PRESTAÇÃO DE SERVIÇOS,"CONTRATAÇÃO DE EMPRESA PARA A PRESTAÇÃO DE SERVIÇO DE LOCAÇÃO DE ""APPLIANCE DE FIREWALL NEXT GENERATION"" - NGFW",110195.39,0.0,2026-09-24 08:55:54,2026-09-25T08:30:00,2026-10-08T08:29:00,,,Tecnologia da Informação & Serviços Digitais,Cibersegurança & Governança de Dados,firewall,Outro,999.0,Fora do Raio,[FORA DAS BASES],0,pncp_intelligence/data/briefings_ia/briefing_88594999000195-1-001452_2026.txt,,2026-09
226,18025981000197-1-000102/2026,2026,000025,000084/2026,18025981000197,MUNICIPIO DE PIRANGUCU,M,N,MG,Piranguçu,Departamento de Administração,6,Pregão - Eletrônico,Aberto,Divulgada no PNCP,0,"Contratação de empresa especializada na prestação de serviços de aerolevantamento fotogramétrico, mapeamento móvel 360° LiDAR, atualização do cadastro imobiliário, planta de valores genéricos e implantação de plataforma de geoprocessamento na modalidade SaaS, incluindo serviços de suporte técnico, treinamento e hospedagem de dados georreferenciados para o Município de Piranguçu - MG.",,615393.51,0.0,2026-09-24 09:05:03,2026-09-24T09:10:00,2026-10-15T08:59:00,https://bllcompras.com/Process/ProcessView?param1=[gkz]jdZig2mBNlEgjctbgPNKqk0UyyW7bTqXgZA5amt3YPVRTbwHoDv2ZcCi7//eT6JZ_XOgigtEBv7KEeGSQ_vHu1tW5vIMdrX34FHxhoIdhvM=,,Tecnologia da Informação & Serviços Digitais,Licenciamento de Software & SaaS,saas,Campinas/Sul de Minas,250.0,Estado Alvo,[VIABILIDADE: 100% REMOTO] [ESTADO ALVO: MG],0,pncp_intelligence/data/briefings_ia/briefing_18025981000197-1-000102_2026.txt,,2026-09
227,88594999000195-1-001454/2026,2026,0098,098,88594999000195,MUNICIPIO DE GARIBALDI,M,N,RS,Garibaldi,PREFEITURA MUNICIPAL DE GARIBALDI,6,Pregão - Eletrônico,Aberto,Divulgada no PNCP,0,CONTRATAÇÃO DE EMPRESA PARA A PRESTAÇÃO DE SERVIÇO DE LOCAÇÃO DE “APPLIANCE DE FIREWALL NEXT GENERATION” - NGFW,,110195.39,0.0,2026-09-24 09:11:07,2026-09-25T08:30:00,2026-10-08T08:30:00,https://pregaobanrisul.com.br/editais/0098_2026/357237,,Tecnologia da Informação & Serviços Digitais,Cibersegurança & Governança de Dados,firewall,Outro,999.0,Fora do Raio,[FORA DAS BASES],0,pncp_intelligence/data/briefings_ia/briefing_88594999000195-1-001454_2026.txt,,2026-09
228,43052497000102-1-000496/2026,2026,751,139.00098379/2025-44,43052497000102,DEPARTAMENTO DE ESTRADAS DE RODAGEM,E,E,SP,São Paulo,ESP - DEPTO. ESTRADAS DE RODAGEM-DER,6,Pregão - Eletrônico,Aberto,Divulgada no PNCP,1,"Aquisição por meio ATA para obter licenças da Microsoft para servidores e banco de dados, destinadas à operação, segurança e disponibilidade da infraestrutura de TI do data center institucional.",,1343472.65,0.0,2026-09-24 09:18:49,2026-09-25T08:00:00,2026-10-08T10:00:00,https://cnetmobile.estaleiro.serpro.gov.br/comprasnet-web/public/compras/acompanhamento-compra?compra=26220105007512026,https://www.portal.sei.sp.gov.br/sei,Tecnologia da Informação & Serviços Digitais,Cloud & Infraestrutura de TI,"data center, infraestrutura de ti",São Paulo,0.0,0 km (Base Central),[BASE DIRETA: SÃO PAULO/SP],1,pncp_intelligence/data/briefings_ia/briefing_43052497000102-1-000496_2026.txt,,2026-09
229,05277173000175-1-000030/2026,2026,004,2026008/2026,05277173000175,MUNICIPIO DE PASTOS BONS,M,N,MA,Pastos Bons,Prefeitura Municipal de Pastos Bons,6,Pregão - Eletrônico,Aberto-Fechado,Divulgada no PNCP,1,"Registro de Preços para contratação de empresa especializada na implantação de solução educacional integrada para implantação do Projeto Educacional de Letramento Digital e Científico, contemplando materiais didático-pedagógicos físicos e digitais, infraestrutura para ambientes de experimentação, equipamentos pedagógicos e tecnológicos, kits para aulas práticas e automação educacional, formação continuada de professores, acesso à plataforma educacional e utilização de software livre de programação visual, alinhada à BNCC, BNCC Computação, Política Nacional de Educação Digital (Lei nº 14.533/2023), Resolução CNE/CEB nº 2/2025 e Plano Nacional de Educação, na rede municipal de ensino de Pastos Bons (MA).",,10583490.49,0.0,2026-09-24 09:41:20,2026-09-24T10:00:00,2026-10-09T08:00:00,http://www.compraspastosbonsma.com.br,,EduMonitor: Copiloto IDEB & Gestão por Evidências,"BNCC Computação, Robótica & Cultura Digital","bncc computacao, letramento digital, formacao continuada",Outro,999.0,Fora do Raio,[FORA DAS BASES],0,pncp_intelligence/data/briefings_ia/briefing_05277173000175-1-000030_2026.txt,,2026-09
230,51637593000132-1-000080/2026,2026,15,137/2026,51637593000132,FUNDACAO CX BENEF SERVIDORES UNIVERSIDADE DE TAUBATE,M,E,SP,Taubaté,Fundação Beneficente dos Servidores da Univ. de Taubaté - SP,6,Pregão - Eletrônico,Aberto,Divulgada no PNCP,0,"Registro de preços para eventual aquisição de alimentos não perecíveis, destinados ao atendimento de formações pedagógicas realizadas em cumprimento e execução do Convênio Nº 24.480/2025, bem como para servidores da UNITAU.",,177577.0,0.0,2026-09-24 09:49:19,2026-09-25T09:00:00,2026-10-07T09:00:00,https://bllcompras.com/Process/ProcessView?param1=[gkz]Zk3IgNpgcVzoXVM3pqVHMQ33VM/LXj_FRny8vrrocoZ6Cg66QSB1PWiP4/YHnhL_TzGttOE8EZhUrJgF6AJksZURAPWFzFMjOLF/EBtsdKY=,,Tecnologia da Informação & Serviços Digitais,Cloud & Infraestrutura de TI,servidores,São Paulo,130.0,100 a 200 km,[BASE: SÃO PAULO | Taubaté/SP (130km)],1,pncp_intelligence/data/briefings_ia/briefing_51637593000132-1-000080_2026.txt,,2026-09
231,87613535000116-1-000523/2026,2026,PCE 41,516/2026,87613535000116,MUNICIPIO DE CARAZINHO,M,N,RS,Carazinho,ENCARGOS GERAIS,6,Pregão - Eletrônico,Aberto,Divulgada no PNCP,0,"Contratação de pessoa jurídica prestadora de serviços de censo previdenciário paraaprimoramento da gestão previdenciária de dados cadastrais, funcionais e financeiros dos servidores públicos municipais ativos, inativos, pensionistas e dependentes, vinculados ao Regime Próprio de Previdência Social - RPPS de Carazinho, incluindo o fornecimento de mão de obra, equipamentos e materiais necessários, para a construção de um banco de dados através do fornecimento de licença de solução web, com serviços de instalação, migração de dados, treinamento, suporte técnico, gerenciamento e manutenção de banco de dados, backups, integração com outros sistemas do Município. ",,62347.5,0.0,2026-09-24 10:16:28,2026-09-24T08:15:00,2026-10-13T08:30:00,,,Tecnologia da Informação & Serviços Digitais,Cloud & Infraestrutura de TI,"servidores, censo",Outro,999.0,Fora do Raio,[FORA DAS BASES],0,pncp_intelligence/data/briefings_ia/briefing_87613535000116-1-000523_2026.txt,,2026-09
232,04696490000163-1-000130/2026,2026,130,0030.000941/2024-71,04696490000163,SUP. EST. DE LICITACAO,E,E,RO,Porto Velho,SUPERINTEND.ESTAD.DE COMPRAS E LICITAÇÕES-RO,6,Pregão - Eletrônico,Aberto,Divulgada no PNCP,1,"Registro de preços para contratação futura e eventual de empresa especializada no fornecimento de repositório de armazenamento de Dados de Backup e Proteção de Dados para armazenamento de cópias dos dados do ambiente de máquinas virtuais de produção e dados de aplicações e usuários, incluindo todos os Estágios de Implementação, abrangendo Assistência Técnica, Repasse de Conhecimento além dos serviços de garantia, manutenção e suporte técnico da solução proposta, para atender a Gerência de Tecnologia da Informação e Comunicação da Secretaria de Estado de Finanças de Rondônia - SEFIN/RO, conforme especificações e condições constantes deste Termo de Referência, pelo período de 12 meses.","Maiores informações e esclarecimentos sobre o certame serão prestados nas dependências da Superintendência Estadual de Licitações, sito a Av. Farquar, 2986, bairro: Pedrinhas, Complexo Rio Madeira, Ed. Pacaás Novos, 2º andar, em Porto Velho/RO - CEP: 76.801-470.",12549203.7,0.0,2026-09-24 10:19:30,2026-09-24T10:30:00,2026-10-09T09:59:00,https://cnetmobile.estaleiro.serpro.gov.br/comprasnet-web/public/compras/acompanhamento-compra?compra=92537305001302026,https://sei.ro.gov.br/,Tecnologia da Informação & Serviços Digitais,Cloud & Infraestrutura de TI,armazenamento de dados,Outro,999.0,Fora do Raio,[FORA DAS BASES],0,pncp_intelligence/data/briefings_ia/briefing_04696490000163-1-000130_2026.txt,,2026-09
233,04217437000132-1-000166/2026,2026,PCE 22,148/2026,04217437000132,MUNICIPIO DE ACEGUA,M,N,RS,Aceguá,SMAF - UNIDADE FUNDO MUNICIPAL DE HABITAÇÃO,6,Pregão - Eletrônico,Aberto,Divulgada no PNCP,0,SERVIÇOS DE TRANSPORTE DE SERVIDORES,,528000.0,0.0,2026-09-24 10:33:10,2026-09-24T10:00:00,2026-10-09T09:30:00,,,Tecnologia da Informação & Serviços Digitais,Cloud & Infraestrutura de TI,servidores,Outro,999.0,Fora do Raio,[FORA DAS BASES],0,pncp_intelligence/data/briefings_ia/briefing_04217437000132-1-000166_2026.txt,,2026-09
234,04217437000132-1-000167/2026,2026,22,148,04217437000132,MUNICIPIO DE ACEGUA,M,N,RS,Aceguá,Setor de Compras e Licitações,6,Pregão - Eletrônico,Aberto,Divulgada no PNCP,0,[Portal de Compras Públicas] - CONTRATAÇÃO DE EMPRESA PARA TRANSPORTE DE SERVIDORES,,528000.0,0.0,2026-09-24 10:52:09,2026-09-24T11:00:00,2026-10-09T09:30:00,https://www.portaldecompraspublicas.com.br/processos/RS/Prefeitura-Municipal-de-Acegua-131/PE-22-2026-2026-513846,,Tecnologia da Informação & Serviços Digitais,Cloud & Infraestrutura de TI,servidores,Outro,999.0,Fora do Raio,[FORA DAS BASES],0,pncp_intelligence/data/briefings_ia/briefing_04217437000132-1-000167_2026.txt,,2026-09
235,00001727000193-1-000025/2026,2026,38,00000.002839.2026-20,00001727000193,GOIANIA CAMARA MUNICIPAL DE GOIANIA,M,L,GO,Goiânia,CÂMARA MUNICIPAL DE GOIÂNIA/GO,6,Pregão - Eletrônico,Aberto,Divulgada no PNCP,0,"Contratação de empresa para fornecimento de renovação de subscrição, garantia e suporte para solução de segurança em Firewall Fortinet FortiGate 200F, para ativação de recursos de proteção contra ataques cibernéticos ao sistema de informática da Câmara Municipal de Goiânia, conforme condições, quantidades e especificações estabelecidas neste Edital e seus Anexos.",,0.0,0.0,2026-09-24 11:04:25,2026-09-25T08:00:00,2026-10-14T09:00:00,https://cnetmobile.estaleiro.serpro.gov.br/comprasnet-web/public/compras/acompanhamento-compra?compra=92672605000382026,https://suap.camaragyn.go.gov.br/processo_eletronico/processo/76836/,Tecnologia da Informação & Serviços Digitais,Cibersegurança & Governança de Dados,firewall,Goiânia,0.0,0 km (Base Central),[BASE DIRETA: GOIÂNIA/GO],1,pncp_intelligence/data/briefings_ia/briefing_00001727000193-1-000025_2026.txt,,2026-09
236,46377222000129-1-000346/2026,2026,399,017.00017311/2026-21,46377222000129,SECRETARIA DA FAZENDA E PLANEJAMENTO,E,E,SP,São Paulo,"ESP-DIR DE ADMIN, SUP E INFRAESTRUTURA - DASI",6,Pregão - Eletrônico,Aberto,Divulgada no PNCP,0," Contratação de licenças de software em caráter de subscrição que proveem solução de gerenciamento e operacionalização de ambientes virtualizados VMWare VVF, bem como direitos de atualização para as licenças supramencionadas, utilizadas em nossa infraestrutura de máquinas virtuais e clusters de servidores virtuais da Secretaria da Fazenda e Planejamento de São Paulo",,15782046.17,0.0,2026-09-24 11:07:23,2026-09-25T08:00:00,2026-10-19T09:00:00,https://cnetmobile.estaleiro.serpro.gov.br/comprasnet-web/public/compras/acompanhamento-compra?compra=93301105003992026,https://sei.sp.gov.br/sei/controlador.php?acao=procedimento_trabalhar&acao_origem=procedimento_controlar&acao_retorno=procedimento_controlar&id_procedimento=113013893&infra_sistema=100000100&infra_unidade_atual=110018524&infra_hash=a45f975dd9f9237e679bbb356374ddb0d6d3216ab72bcfd446da9fe2c5657a2f,Tecnologia da Informação & Serviços Digitais,Cloud & Infraestrutura de TI,servidores,São Paulo,0.0,0 km (Base Central),[BASE DIRETA: SÃO PAULO/SP],1,pncp_intelligence/data/briefings_ia/briefing_46377222000129-1-000346_2026.txt,,2026-09
237,04322541000197-1-000027/2026,2026,28,2759784/2026,04322541000197,CONSELHO REGIONAL DE ENGENHARIA E AGRONOMIA DO ESTADO DO AMAZONAS,F,E,AM,Manaus,CONSELHO REG. DE ENGENHARIA E AGRONOMIA DO AM,6,Pregão - Eletrônico,Aberto-Fechado,Divulgada no PNCP,0,"Contratação de empresa especializada na prestação de serviços contínuos de agenciamento de viagens, compreendendo a pesquisa, cotação, reserva, emissão, marcação, remarcação, cancelamento e reembolso de bilhetes de passagens aéreas nacionais e internacionais, passagens rodoviárias intermunicipais e interestaduais e passagens fluviais intermunicipais e interestaduais, destinadas ao deslocamento de conselheiros, servidores, empregados e colaboradores do CREA-AM.",Atender os requisitos do edital e seus anexos.,1299385.66,0.0,2026-09-24 11:08:50,2026-09-25T08:00:00,2026-10-09T11:00:00,https://cnetmobile.estaleiro.serpro.gov.br/comprasnet-web/public/compras/acompanhamento-compra?compra=38942805000282026,,Tecnologia da Informação & Serviços Digitais,Cloud & Infraestrutura de TI,servidores,Outro,999.0,Fora do Raio,[FORA DAS BASES],0,pncp_intelligence/data/briefings_ia/briefing_04322541000197-1-000027_2026.txt,,2026-09
238,06981344000105-1-000128/2026,2026,99,26.0.000077613-0,06981344000105,TRIBUNAL DE JUSTICA DO ESTADO DO PIAUI,E,J,PI,Teresina,TRIBUNAL DE JUSTIÇA DO ESTADO DO PIAUI,6,Pregão - Eletrônico,Aberto-Fechado,Divulgada no PNCP,1,"Formação de registro de preços, via Pregão Eletrônico, para contratação de uma empresa especializada para fornecimento de alimentação preparada e semipreparada, compreendendo refeições do tipo almoço/jantar, quentinhas executivas, lanches in natura - frutas e polpas de frutas a serem servidas aos magistrados, servidores, e demais participantes dos diversos eventos, sessões, reuniões prolongadas, e projetos a serem realizados pelo TJPI, EJUD-PI e outras unidades judiciárias e administrativas.",,0.0,0.0,2026-09-24 11:30:19,2026-09-25T08:00:00,2026-10-09T08:59:00,https://cnetmobile.estaleiro.serpro.gov.br/comprasnet-web/public/compras/acompanhamento-compra?compra=92645405000992026,https://www.tjpi.jus.br/transparencia/licitacoes/1356,Tecnologia da Informação & Serviços Digitais,Cloud & Infraestrutura de TI,servidores,Outro,999.0,Fora do Raio,[FORA DAS BASES],0,pncp_intelligence/data/briefings_ia/briefing_06981344000105-1-000128_2026.txt,,2026-09
239,55021455000185-1-000163/2026,2026,26,9933/2026,55021455000185,MUNICIPIO DE POA,M,N,SP,Poá,PREFEITURA MUNICIPAL DE POA - SP,6,Pregão - Eletrônico,Aberto,Divulgada no PNCP,0,"Contratação de instituição financeira, banco múltiplo, com carteira comercial, para prestação de serviços de processamento, gerenciamento e pagamento de créditos provenientes de folha de pessoal dos servidores ativos, inativos e pensionistas vinculados a Prefeitura da Estância Hidromineral de Poá, em caráter de exclusividade, bem como dos créditos decorrentes de ordens judiciais, conforme solicitação da Secretaria Municipal de Administração.","Esclarece-se que o critério de julgamento adotado no presente certame é o de MAIOR OFERTA. Considerando que, atualmente, o sistema Compras.gov.br (Comprasnet) não disponibiliza, em sua configuração, a opção específica correspondente ao critério “Maior Oferta”, foi selecionada, exclusivamente para fins de operacionalização do certame na plataforma, a opção disponível no sistema que permite o processamento da disputa.

Ressalta-se que a seleção dessa opção no sistema não altera o critério de julgamento estabelecido no Edital, que permanece sendo o de MAIOR OFERTA, conforme expressamente previsto no instrumento convocatório.
Ou seja, CRITÉRIO DE JULGAMENTO É ""MAIOR OFERTA"" !",4574593.48,0.0,2026-09-24 11:40:40,2026-09-25T10:00:00,2026-10-13T10:00:00,https://cnetmobile.estaleiro.serpro.gov.br/comprasnet-web/public/compras/acompanhamento-compra?compra=45333005000262026,,Tecnologia da Informação & Serviços Digitais,Cloud & Infraestrutura de TI,servidores,São Paulo/Campinas,250.0,Estado Alvo,[ESTADO ALVO: SP],0,pncp_intelligence/data/briefings_ia/briefing_55021455000185-1-000163_2026.txt,,2026-09
240,17694878000177-1-000016/2026,2026,12,89,17694878000177,MUNICIPIO DE JOAQUIM FELICIO,M,N,MG,Joaquim Felício,Município de Joaquim Felício,6,Pregão - Eletrônico,Aberto,Divulgada no PNCP,0,[Portal de Compras Públicas] - Aquisição de Equipamentos de Proteção Individual (EPI) para atender às necessidades dos servidores das Secretarias do Município;,,143019.06,0.0,2026-09-24 11:41:58,2026-09-24T11:30:00,2026-10-06T08:00:00,https://www.portaldecompraspublicas.com.br/processos/MG/Municipio-de-Joaquim-Felicio-4278/PE-12-2026-2026-513869,,Tecnologia da Informação & Serviços Digitais,Cloud & Infraestrutura de TI,servidores,Campinas/Sul de Minas,250.0,Estado Alvo,[ESTADO ALVO: MG],0,pncp_intelligence/data/briefings_ia/briefing_17694878000177-1-000016_2026.txt,,2026-09
241,01786078000146-1-000066/2026,2026,282,19.30.1036.0001582/2026-69,01786078000146,TOCANTINS PROCURADORIA GERAL DA JUSTICA,E,J,TO,Palmas,ETO-PROCURADORIA GERAL DA JUSTIÇA TOCANTINS,6,Pregão - Eletrônico,Aberto-Fechado,Divulgada no PNCP,0,"Aquisição de 1 (um) Sistema de Nobreak (UPS) de grande porte com capacidade de no mínimo 80 kVA / 80 kW, incluindo o fornecimento de equipamentos novos, banco de baterias de chumbo-ácido reguladas por válvula (VRLA), Serviços Especializados de Instalação, Configuração, Comissionamento, Garantia Integral e Suporte Técnico on-site por 60 (sessenta) meses, destinado à proteção da infraestrutura crítica do Data Center da Sede do Ministério Público do Estado do Tocantins (MPTO) em Palmas-TO.","Em caso de discordância existente entre as especificações do objeto descritas no CATMAT/CATSER e as constantes deste edital, prevalecerão as últimas.",184815.33,0.0,2026-09-24 11:56:53,2026-09-24T15:00:00,2026-10-09T09:59:00,https://cnetmobile.estaleiro.serpro.gov.br/comprasnet-web/public/compras/acompanhamento-compra?compra=92589205002822026,https://sei.mpto.mp.br,Tecnologia da Informação & Serviços Digitais,Cloud & Infraestrutura de TI,data center,Outro,999.0,Fora do Raio,[FORA DAS BASES],0,pncp_intelligence/data/briefings_ia/briefing_01786078000146-1-000066_2026.txt,,2026-09
242,45358249000101-1-001010/2026,2026,66,830/2026,45358249000101,MUNICIPIO DE SAO CARLOS,M,N,SP,São Carlos,PREFEITURA MUNICIPAL DE SÃO CARLOS,6,Pregão - Eletrônico,Aberto,Divulgada no PNCP,0,"Contratação de empresa especializada para a gestão operacional e técnica do Sistema de Restaurantes Populares “Nosso Prato”, compreendendo o fornecimento contínuo de refeições prontas individuais, do tipo almoço, jantar e café da manhã destinadas à população em situação de vulnerabilidade social, assim como, fornecimento de café da manhã aos servidores públicos municipais (em conformidade com Acordo Coletivo) no Município de São Carlos/SP, sob a responsabilidade da Secretaria Municipal de Desenvolvimento Rural. ","A presente contratação é necessária para assegurar a continuidade, regularidade e qualidade da operação do Sistema de Restaurantes Populares “Nosso Prato”, serviço de natureza contínua e essencial destinado ao fornecimento de refeições à população em situação de vulnerabilidade social e alimentar, bem como de café da manhã aos servidores públicos municipais, em conformidade com o Acordo Coletivo vigente.",21158280.0,0.0,2026-09-24 12:28:18,2026-09-24T17:30:00,2026-10-09T09:30:00,,,Tecnologia da Informação & Serviços Digitais,Cloud & Infraestrutura de TI,servidores,Campinas,140.0,100 a 200 km,[BASE: CAMPINAS | São Carlos/SP (140km)],1,pncp_intelligence/data/briefings_ia/briefing_45358249000101-1-001010_2026.txt,,2026-09
243,88604897000103-1-000056/2026,2026,48,030.114,88604897000103,MUNICIPIO DE CACEQUI,M,N,RS,Cacequi,Prefeitura Municipal de Cacequi,6,Pregão - Eletrônico,Aberto,Divulgada no PNCP,1,"[Portal de Compras Públicas] - Contratação de empresa especializada em segurança e medicina do trabalho para formação de REGISTRO DE PREÇO para a prestação de serviços de perícia médica singular, perícia por junta médica e elaboração/atualização do laudo técnico de insalubridade e periculosidade dos servidores públicos municipais.",,103940.2,0.0,2026-09-24 13:18:30,2026-09-25T10:00:00,2026-10-13T09:30:00,https://www.portaldecompraspublicas.com.br/processos/RS/Prefeitura-Municipal-de-Cacequi-1082/RPE-48-2026-2026-513864,,Tecnologia da Informação & Serviços Digitais,Cloud & Infraestrutura de TI,servidores,Outro,999.0,Fora do Raio,[FORA DAS BASES],0,pncp_intelligence/data/briefings_ia/briefing_88604897000103-1-000056_2026.txt,,2026-09
244,27165638000139-1-000290/2026,2026,000183,016799/2026,27165638000139,MUNICIPIO DE CASTELO,M,N,ES,Castelo,PREFEITURA MUNICIPAL DE CASTELO,6,Pregão - Eletrônico,Aberto,Divulgada no PNCP,0,"A contratação justifica-se pela necessidade de assegurar a continuidade, regularidade, segurança e eficiência do processamento e pagamento da folha de pagamento do Município de Castelo/ES, garantindo a disponibilização tempestiva dos valores aos servidores e demais beneficiários abrangidos pela folha municipal, especialmente diante do encerramento da contratação atualmente vigente em janeiro de 2027.A contratação será realizada sem ônus financeiro para o Município, não havendo pagamento de valores pela Administração à instituição financeira pela prestação dos serviços, sendo prevista contrapartida financeira (outorga onerosa) a ser paga pela instituição financeira vencedora ao Município, conforme condições estabelecidas no edital e no instrumento contratual.","A contratação justifica-se pela necessidade de assegurar a continuidade, regularidade, segurança e eficiência do processamento e pagamento da folha de pagamento do Município de Castelo/ES, garantindo a disponibilização tempestiva dos valores aos servidore",1019705.07,0.0,2026-09-24 13:48:21,2026-10-20T09:30:00,2026-10-20T09:30:00,,,Tecnologia da Informação & Serviços Digitais,Cloud & Infraestrutura de TI,servidores,Outro,999.0,Fora do Raio,[FORA DAS BASES],0,pncp_intelligence/data/briefings_ia/briefing_27165638000139-1-000290_2026.txt,,2026-09
245,29115466000114-1-000146/2026,2026,056,5.037/2026,29115466000114,MUNICIPIO DE CONCEICAO DE MACABU,M,N,RJ,Conceição de Macabu,Fundo Municipal de Saude,6,Pregão - Eletrônico,Aberto,Divulgada no PNCP,0,"[Portal de Compras Públicas] - Contratação de empresa especializada para fornecimento de solução tecnológica integrada para gestão da saúde pública municipal, compreendendo licenciamento de uso de software em ambiente cloud (SaaS), implantação, migração de dados, treinamento de usuários, suporte técnico e manutenção corretiva e evolutiva, para atender as necessidades da Secretaria Municipal de Saúde de Conceição de Macabu.",,226666.7,0.0,2026-09-24 13:51:50,2026-09-25T10:00:00,2026-10-09T10:00:00,https://www.portaldecompraspublicas.com.br/processos/RJ/Prefeitura-Municipal-de-Conceicao-de-Macabu-2900/PE-056-2026-2026-513924,,Tecnologia da Informação & Serviços Digitais,Licenciamento de Software & SaaS,saas,Remoto,999.0,Fora do Raio,[VIABILIDADE: 100% REMOTO],0,pncp_intelligence/data/briefings_ia/briefing_29115466000114-1-000146_2026.txt,,2026-09
246,07954605000160-1-000987/2026,2026,72,P204663/2026,07954605000160,MUNICIPIO DE FORTALEZA,M,N,CE,Fortaleza,CENTRAL DE LICITACOES DA PREF. DE FORTALEZA,6,Pregão - Eletrônico,Aberto-Fechado,Divulgada no PNCP,0,"CONTRATAÇÃO DE EMPRESA ESPECIALIZADA NO FORNECIMENTO DE LICENÇAS PARA SOLUÇÃO ANTIVÍRUS ENDPOINT DETECTION AND RESPONSE (EDR), COM SUPORTE E GARANTIA PELO PERÍODO DE 36 (TRINTA E SEIS) MESES, VISANDO ATENDER ÀS DEMANDAS DA SECRETARIA MUNICIPAL DE INFRAESTRUTURA DE FORTALEZA/CE.","O edital e seus anexos estão disponíveis, na íntegra, no Portal Nacional de Contratações Públicas – PNCP (https://www.gov.br/pncp/pt-br), bem como nos sítios eletrônicos compras.fortaleza.ce.gov.br e www.compras.gov.br.",85582.5,0.0,2026-09-24 14:03:16,2026-09-25T08:00:00,2026-10-13T09:00:00,https://cnetmobile.estaleiro.serpro.gov.br/comprasnet-web/public/compras/acompanhamento-compra?compra=92774405000722026,,Tecnologia da Informação & Serviços Digitais,Cibersegurança & Governança de Dados,edr,Outro,999.0,Fora do Raio,[FORA DAS BASES],0,pncp_intelligence/data/briefings_ia/briefing_07954605000160-1-000987_2026.txt,,2026-09
247,14662467000101-1-000029/2026,2026,0011,031,14662467000101,CONSORCIO INTERMUNICIPAL DE DESENVOLVIMENTO SUSTENTAVEL DA SERRA GAUCHA - CISGA,N,E,RS,Garibaldi,CONSÓRCIO INTERMUNICIPAL DE DESENVOLVIMENTO SUSTENTÁVEL DA SERRA GAÚCHA,6,Pregão - Eletrônico,Aberto,Divulgada no PNCP,1,"Contratação de soluções de adequação à lei geral de proteção de dados (LGPD), serviços gerenciados de segurança cibernética, backup em nuvem e suporte técnico especializado, para atender às necessidades demandadas pelos municípios consorciados ao CP – CISGA.",,0.0,0.0,2026-09-24 14:11:21,2026-09-25T08:00:00,2026-10-09T08:00:00,https://pregaobanrisul.com.br/editais/0011_2026/357159,,Tecnologia da Informação & Serviços Digitais,Cibersegurança & Governança de Dados,"seguranca cibernetica, lgpd",Remoto,999.0,Fora do Raio,[VIABILIDADE: 100% REMOTO],0,pncp_intelligence/data/briefings_ia/briefing_14662467000101-1-000029_2026.txt,,2026-09
248,43465459000173-1-001258/2026,2026,PL-1032,PL-1032/2026 - 21 - 94,43465459000173,MUNICIPIO DE AMPARO,M,N,SP,Amparo,PREFEITURA MUNICIPAL DE AMPARO,6,Pregão - Eletrônico,Aberto,Divulgada no PNCP,1,"Constituição de sistema de registro de preços para eventual aquisição futura de fornecimento de uniformes e equipamentos de proteção individual para atender a demanda dos servidores da Secretaria Municipal de Zeladoria Pública e Manutenção de Vias Urbanas e Rurais, pelo perío-do de 12 (doze) meses, conforme Edital e Anexos",,0.0,0.0,2026-09-24 14:27:09,2026-09-24T09:00:00,2026-10-14T09:00:00,,,Tecnologia da Informação & Serviços Digitais,Cloud & Infraestrutura de TI,servidores,São Paulo/Campinas,250.0,Estado Alvo,[ESTADO ALVO: SP],0,pncp_intelligence/data/briefings_ia/briefing_43465459000173-1-001258_2026.txt,,2026-09
249,46189726000115-1-000052/2026,2026,36,36,46189726000115,MUNICIPIO DE ITAPUI,M,N,SP,Itapuí,PREFEITURA MUNICIPAL DE ITAPUÍ - SP,6,Pregão - Eletrônico,Aberto-Fechado,Divulgada no PNCP,1,SERVIDORES DE ARQUIVOS (NAS),,94923.7,0.0,2026-09-24 14:45:05,2026-09-24T15:00:00,2026-10-07T08:00:00,http://itapui.ddns.net:8079/comprasedital/,,Tecnologia da Informação & Serviços Digitais,Cloud & Infraestrutura de TI,servidores,São Paulo/Campinas,250.0,Estado Alvo,[ESTADO ALVO: SP],0,pncp_intelligence/data/briefings_ia/briefing_46189726000115-1-000052_2026.txt,,2026-09
250,18303214000100-1-000052/2026,2026,033,109/2026,18303214000100,MUNICIPIO DE MORRO DO PILAR,M,N,MG,Morro do Pilar,Unidade Única,6,Pregão - Eletrônico,Aberto,Anulada,0,"Contratação de empresa especializada para administração, gerenciamento e operacionalização do benefício de auxílio-alimentação concedido aos servidores públicos do Município de Morro do Pilar/MG.",,1411263.36,0.0,2026-09-24 14:59:57,2026-09-23T09:00:00,2026-10-07T09:00:00,https://app2.licitardigital.com.br/pesquisa/114281,,Tecnologia da Informação & Serviços Digitais,Cloud & Infraestrutura de TI,servidores,Campinas/Sul de Minas,250.0,Estado Alvo,[ESTADO ALVO: MG],0,pncp_intelligence/data/briefings_ia/briefing_18303214000100-1-000052_2026.txt,,2026-09
251,43465459000173-1-001263/2026,2026,094/2026,01032/2026,43465459000173,MUNICIPIO DE AMPARO,M,N,SP,Amparo,Amparo,6,Pregão - Eletrônico,Aberto,Divulgada no PNCP,1,"Constituição de sistema de registro de preços para eventual aquisição futura de fornecimento de uniformes e equipamentos de proteção individual para atender a demanda dos servidores da Secretaria Municipal de Zeladoria Pública e Manutenção de Vias Urbanas e Rurais, pelo período de 12 (doze) meses, conforme Edital e Anexos.",,0.0,0.0,2026-09-24 15:09:15,2026-09-24T17:00:00,2026-10-14T08:59:00,,,Tecnologia da Informação & Serviços Digitais,Cloud & Infraestrutura de TI,servidores,São Paulo/Campinas,250.0,Estado Alvo,[ESTADO ALVO: SP],0,pncp_intelligence/data/briefings_ia/briefing_43465459000173-1-001263_2026.txt,,2026-09
252,83102814000164-1-000145/2026,2026,PCE 23,99/2026,83102814000164,MUNICIPIO DE RODEIO,M,N,SC,Rodeio,SAF - Secretaria Administração e Finanças,6,Pregão - Eletrônico,Aberto,Divulgada no PNCP,0,"Contratação de serviços de assessoria e consultoria técnica e operacional para gerenciamento, execução e prestação de contas de convênios, elaboração de projetos e captação de recursos",,126399.96,0.0,2026-09-24 15:10:21,2026-09-24T00:00:00,2026-10-13T08:00:00,,,"Consultoria, Treinamento & Governança",Consultoria & Assessoria Técnica,consultoria tecnica,Joinville,250.0,Estado Alvo,[ESTADO ALVO: SC],0,pncp_intelligence/data/briefings_ia/briefing_83102814000164-1-000145_2026.txt,,2026-09
253,83102814000164-1-000146/2026,2026,23,99/2026,83102814000164,MUNICIPIO DE RODEIO,M,N,SC,Rodeio,Prefeitura Municipal de Rodeio - SC,6,Pregão - Eletrônico,Aberto,Divulgada no PNCP,0,"Contratação de serviços de assessoria e consultoria técnica e operacional para gerenciamento, execução e prestação de contas de convênios, elaboração de projetos e captação de recursos.",,126399.96,0.0,2026-09-24 15:29:05,2026-09-24T00:00:00,2026-10-13T08:00:00,https://comprasbr.com.br/pregao-eletronico-detalhe/?idlicitacao=48556,,"Consultoria, Treinamento & Governança",Consultoria & Assessoria Técnica,consultoria tecnica,Joinville,250.0,Estado Alvo,[ESTADO ALVO: SC],0,pncp_intelligence/data/briefings_ia/briefing_83102814000164-1-000146_2026.txt,,2026-09
254,10091536000113-1-000224/2026,2026,178,314/2026,10091536000113,MUNICIPIO DE CARUARU,M,N,PE,Caruaru,PREFEITURA MUNICIPAL DE CARUARU - PE,6,Pregão - Eletrônico,Aberto,Divulgada no PNCP,1,"Registro de Preços visando à eventual e futura contratação de empresa(s) especializada(s) no fornecimento de equipamentos e insumos de infraestrutura de tecnologia da informação (TI), compreendendo o fornecimento de servidores de alta performace para processamento geográfico (SIG/WEB GIS) e de  rede coprporativa, ativos e passivos da rede, sistema de proteção de energia ( nobreaks) e rack de servidor, destinados à modernização e ampliação da infraestrutura tecnológica da Autarquia de Urbanização",,2192310.66,0.0,2026-09-24 15:29:25,2026-09-25T08:00:00,2026-10-08T10:00:00,https://cnetmobile.estaleiro.serpro.gov.br/comprasnet-web/public/compras/acompanhamento-compra?compra=98238105001782026,,Tecnologia da Informação & Serviços Digitais,Cloud & Infraestrutura de TI,servidores,Recife,135.0,100 a 200 km,[BASE: RECIFE | Caruaru/PE (135km)],1,pncp_intelligence/data/briefings_ia/briefing_10091536000113-1-000224_2026.txt,,2026-09
255,17504325000104-1-000001/2026,2026,27/2026,27/2026,17504325000104,CENTRAIS DE ABASTECIMENTO DE MINAS GERAIS,F,E,MG,Contagem,CONTAGEM-MG,6,Pregão - Eletrônico,Aberto,Divulgada no PNCP,0,"Contratação de empresa especializada para execução de serviços técnicos de consultoria, adequação, implementação e conformidade à Lei n.º 13.709/2018 (Lei Geral de Proteção de Dados Pessoais - LGPD).",,0.0,0.0,2026-09-24 15:30:57,2026-09-24T17:00:00,2026-10-19T09:30:00,https://licitacoes-e2.bb.com.br/aop-inter-estatico/visualizar-processo-publico/1101453,,Tecnologia da Informação & Serviços Digitais,Cibersegurança & Governança de Dados,lgpd,Campinas/Sul de Minas,250.0,Estado Alvo,[ESTADO ALVO: MG],0,pncp_intelligence/data/briefings_ia/briefing_17504325000104-1-000001_2026.txt,,2026-09
256,01616039000109-1-000015/2026,2026,PE 7,36/2026,01616039000109,MUNICIPIO DE FREI ROGERIO,M,N,SC,Frei Rogério,MUNICÍPIO DE FREI ROGÉRIO,6,Pregão - Eletrônico,Aberto,Divulgada no PNCP,0,"GERENCIAMENTO, EMISSÃO E FORNECIMENTO DE CARTÃO VALE ALIMENTAÇÃO/REFEIÇÃO, MAGNÉTICO/ELETRÔNICO COM CHIP, COM SENHA PESSOAL, PARA RECARGAS MENSAIS, SOLICITADOS CONFORME DEMANDA, DESTINADO AOS SERVIDORES PÚBLICOS DO MUNICÍPIO DE FREI ROGÉRIO, EM ATENDIMENTO A LEI MUNICIPAL Nº 119, DE 27 DE AGOSTO DE 2025.",,1079730.0,0.0,2026-09-24 16:17:03,2026-09-25T08:00:00,2026-10-13T09:00:00,,,Tecnologia da Informação & Serviços Digitais,Cloud & Infraestrutura de TI,servidores,Joinville,250.0,Estado Alvo,[ESTADO ALVO: SC],0,pncp_intelligence/data/briefings_ia/briefing_01616039000109-1-000015_2026.txt,,2026-09
257,76290709000130-1-000283/2026,2026,97,97/2026,76290709000130,MUNICIPIO DE ASSAI,M,N,PR,Assaí,PREFEITURA MUNICIPAL DE ASSAI - SEDE,6,Pregão - Eletrônico,Aberto,Divulgada no PNCP,1,"O objeto da presente licitação é a escolha da proposta mais vantajosa para O REGISTRO DE PREÇOS PARA EVENTUAL AQUISIÇÃO PARCELADA DE EQUIPAMENTOS DE TECNOLOGIA DA INFORMAÇÃO, ESTAÇÕES DE TRABALHO DE ALTO DESEMPENHO VOLTADAS PARA INTELIGÊNCIA ARTIFICIAL, ATIVOS E SUPRIMENTOS DE REDE DE DADOS, PERIFÉRICOS, SOLUÇÕES AUDIOVISUAIS, APARELHOS DE CLIMATIZAÇÃO E SUPORTE DE INFRAESTRUTURA FÍSICA, conforme condições, quantidades e exigências estabelecidas neste Edital e seus anexos.",,1899652.37,0.0,2026-09-24 16:35:13,2026-09-25T08:00:00,2026-10-08T09:30:00,https://bllcompras.com/Process/ProcessView?param1=[gkz]d_7iHCNW1k44GjABCGGKMsvlcL6Fp9YMo7p_RPVy6S88z5LzwgR_IP4nfaseAT1FZCkoHs0PHWJbIrvP5YPO/xwhx8GXxFHHQ8dPLayruVk=,,Tecnologia da Informação & Serviços Digitais,"Dados, IA & Business Intelligence",inteligencia artificial,Joinville/Curitiba,250.0,Estado Alvo,[ESTADO ALVO: PR],0,pncp_intelligence/data/briefings_ia/briefing_76290709000130-1-000283_2026.txt,,2026-09
258,17058108000138-1-000111/2026,2026,000021,000095/2026,17058108000138,DEPARTAMENTO MUNICIPAL DE AGUAS E ESGOTOS,M,E,MG,João Monlevade,Unidade Única,6,Pregão - Eletrônico,Aberto-Fechado,Divulgada no PNCP,0,"CONTRATAÇÃO DE EMPRESA ESPECIALIZADA PARA A PRESTAÇÃO CONTINUADA E INTEGRADA DE SERVIÇOS DE SEGURANÇA E SAÚDE NO TRABALHO – SST E SAÚDE OCUPACIONAL, COMPREENDENDO ASSESSORIA TÉCNICA ESPECIALIZADA; ELABORAÇÃO, IMPLANTAÇÃO, REVISÃO, ATUALIZAÇÃO E ACOMPANHAMENTO DO PGR, PCMSO, LTCAT, LTIP, AET, PPP E DEMAIS DOCUMENTOS OCUPACIONAIS; GERENCIAMENTO DE RISCOS OCUPACIONAIS, INCLUSIVE FATORES DE RISCOS PSICOSSOCIAIS RELACIONADOS AO TRABALHO; GESTÃO E TRANSMISSÃO DOS EVENTOS DE SST AO ESOCIAL; REALIZAÇÃO DE EXAMES MÉDICOS OCUPACIONAIS, CLÍNICOS, LABORATORIAIS, COMPLEMENTARES E DE IMAGEM, COM EMISSÃO DE ATESTADOS DE SAÚDE OCUPACIONAL – ASO; AVALIAÇÕES AMBIENTAIS E OCUPACIONAIS; AÇÕES DE ACOMPANHAMENTO E PROMOÇÃO DA SAÚDE; GINÁSTICA LABORAL; CAPACITAÇÕES E TREINAMENTOS EM SEGURANÇA E SAÚDE NO TRABALHO; E DEMAIS SERVIÇOS CORRELATOS PREVISTOS NO TERMO DE REFERÊNCIA E NO MEMORIAL DESCRITIVO, DESTINADOS AOS TRABALHADORES DO DAE DE JOÃO MONLEVADE/MG, CONFORME CONDIÇÕES, ESPECIFICAÇÕES, QUANTITATIVOS ESTIMADOS E DEMAIS EXIGÊNCIAS ESTABELECIDAS NO EDITAL E SEUS ANEXOS",,0.0,0.0,2026-09-24 16:43:07,2026-09-25T07:00:00,2026-10-15T08:05:00,https://app2.ammlicita.org.br/pesquisa/114120,,"Consultoria, Treinamento & Governança",Consultoria & Assessoria Técnica,assessoria tecnica especializada,Campinas/Sul de Minas,250.0,Estado Alvo,[ESTADO ALVO: MG],0,pncp_intelligence/data/briefings_ia/briefing_17058108000138-1-000111_2026.txt,,2026-09
259,46377800000127-1-004140/2026,2026,75,057.00265968/2026-53,46377800000127,SAO PAULO SECRETARIA DA SEGURANCA PUBLICA,E,E,SP,São Paulo,ESP-CORREGEDORIA DA POLICIA MILITAR,6,Pregão - Eletrônico,Aberto,Divulgada no PNCP,0,AQUISIÇÃO DE UNIDADE DE ARMANEZAMENTO (HDs) PARA SERVIDORES,,233216.0,0.0,2026-09-24 16:51:44,2026-09-28T09:00:00,2026-10-08T09:00:00,https://cnetmobile.estaleiro.serpro.gov.br/comprasnet-web/public/compras/acompanhamento-compra?compra=18018405000752026,https://sei.sp.gov.br/sei/controlador.php?acao=procedimento_trabalhar&acao_origem=protocolo_pesquisa_rapida&id_protocolo=128037734&infra_sistema=100000100&infra_unidade_atual=110022825&infra_hash=f796f778a7433f32e6bd84e66c8f2612bfd807d7bbb6b14d71c18c2af3ac3901,Tecnologia da Informação & Serviços Digitais,Cloud & Infraestrutura de TI,servidores,São Paulo,0.0,0 km (Base Central),[BASE DIRETA: SÃO PAULO/SP],1,pncp_intelligence/data/briefings_ia/briefing_46377800000127-1-004140_2026.txt,,2026-09
260,46522975000180-1-000085/2026,2026,51,136320/2026,46522975000180,MUNICIPIO DE RIO GRANDE DA SERRA,M,N,SP,Rio Grande da Serra,Municipio De Rio Grande Da Serra,6,Pregão - Eletrônico,Aberto,Divulgada no PNCP,0,"Contratação de empresa especializada para aquisição de solução integrada para gerenciamento de frequencia e assiduidade dos servidores da Prefeitura de Rio Grande da Serra, incluindo fornecimento e manutenção de equipamentos de registro eletrônico de ponto, implantação, configuração, treinamento e suporte técnico, bem como licenciamento de software especializado para gestão das informações de jornada, com atualizações, manutenção e suporte necessários ao pleno funcionamento da solução.  Processo Administrativo 948/2026.","A presente demanda justificativa-se pela necessidade de aprimoramento do controle de frequencia e assiduidade dos servidores da Prefeitura Municipal de Rio Grande da Serra, em razão das limitações apresentadas pelo modelo atualmente utilizado para registro e gerenciamento da jornada de trabalho.",172533.48,0.0,2026-09-24 17:08:06,2026-09-24T18:00:00,2026-10-09T09:00:00,,,Tecnologia da Informação & Serviços Digitais,Licenciamento de Software & SaaS,licenciamento de software,São Paulo/Campinas,250.0,Estado Alvo,[ESTADO ALVO: SP],0,pncp_intelligence/data/briefings_ia/briefing_46522975000180-1-000085_2026.txt,,2026-09
261,29115474000160-1-000643/2026,2026,635,SEI-002631/2025,29115474000160,MUNICIPIO DE MACAE,M,N,RJ,Macaé,PREFEITURA MUNICIPAL DE MACAE - RJ,6,Pregão - Eletrônico,Aberto,Divulgada no PNCP,1,"contratação de empresa especializada, devidamente autorizada pela Polícia Federal e pelo Exército Brasileiro, para prestação de serviços de apoio técnico, operacional, logístico, infraestrutural e especializado destinados à realização do curso de capacitação e avaliação em manuseio de arma de fogo dos integrantes da Guarda Municipal de Macaé, sob a supervisão técnica e pedagógica da Coordenação Pedagógica da Guarda Municipal de Macaé",,9267709.21,0.0,2026-09-24 17:09:20,2026-09-24T17:15:00,2026-10-09T09:00:00,https://cnetmobile.estaleiro.serpro.gov.br/comprasnet-web/public/compras/acompanhamento-compra?compra=98584705006352026,https://www.macae.rj.gov.br/sei/conteudo/titulo/principal,"Consultoria, Treinamento & Governança",Capacitação & Educação Corporativa,curso de capacitacao,Outro,999.0,Fora do Raio,[FORA DAS BASES],0,pncp_intelligence/data/briefings_ia/briefing_29115474000160-1-000643_2026.txt,,2026-09
262,06553671000166-1-000074/2026,2026,027,1089/2026,06553671000166,MUNICIPIO DE SOCORRO DO PIAUI,M,N,PI,Socorro do Piauí,Prefeitura Municipal de Socorro do Piauí- PI,6,Pregão - Eletrônico,Aberto,Divulgada no PNCP,0," aquisição de uniformes profissionais e camisas personalizadas, destinados aos servidores e colaboradores e às ações, campanhas e eventos institucionais das Secretarias Municipais de Administração, Educação, Saúde (incluindo Hospital Municipal/SAMU) e Assistência Social de Socorro do Piauí/PI",,523466.8,0.0,2026-09-24 17:43:35,2026-09-24T20:00:00,2026-10-07T07:00:00,https://comprasbr.com.br/pregao-eletronico-detalhe/?idlicitacao=48578,,Tecnologia da Informação & Serviços Digitais,Cloud & Infraestrutura de TI,servidores,Outro,999.0,Fora do Raio,[FORA DAS BASES],0,pncp_intelligence/data/briefings_ia/briefing_06553671000166-1-000074_2026.txt,,2026-09
263,58987629000157-1-000307/2026,2026,10,27/2026,58987629000157,MUNICIPIO DE ALUMINIO,M,N,SP,Alumínio,PREFEITURA MUNICIPAL DE ALUMÍNIO,6,Pregão - Eletrônico,Aberto,Divulgada no PNCP,0,"Contratação de empresa especializada para o fornecimento de cestas básicas destinadas aos servidores da Prefeitura Municipal de Alumínio/SP, compreendendo aquisição, montagem, acondicionamento e entrega, conforme condições, quantidades e especificações constantes do Termo de Referência.",,6180030.0,0.0,2026-09-24 17:44:27,2026-09-24T18:15:00,2026-10-08T09:30:00,,,Tecnologia da Informação & Serviços Digitais,Cloud & Infraestrutura de TI,servidores,São Paulo/Campinas,250.0,Estado Alvo,[ESTADO ALVO: SP],0,pncp_intelligence/data/briefings_ia/briefing_58987629000157-1-000307_2026.txt,,2026-09
264,18307389000188-1-000036/2026,2026,024/2026,056/2026,18307389000188,MUNICIPIO DE BRAUNAS,M,N,MG,Braúnas,Prefeitura Municipal de Braúnas,6,Pregão - Eletrônico,Aberto,Divulgada no PNCP,0,"Registro de Preços para futuro e eventual fornecimento de refeições prontas, nas modalidades self-service por quilo e marmitex, destinadas aos servidores públicos das diversas Secretarias da Prefeitura Municipal de Braúnas/MG, sendo o self-service (item 01) servido em estabelecimento localizado no Município de Braúnas/MG e os marmitex (itens 02 e 03) entregues nos locais indicados pelas Secretarias, a ser custeado com recursos próprios e/ou vinculados, conforme especificações constantes do Termo de Referência.",,170145.0,0.0,2026-09-24 20:10:27,2026-09-24T14:00:00,2026-10-13T08:00:00,,,Tecnologia da Informação & Serviços Digitais,Cloud & Infraestrutura de TI,servidores,Campinas/Sul de Minas,250.0,Estado Alvo,[ESTADO ALVO: MG],0,pncp_intelligence/data/briefings_ia/briefing_18307389000188-1-000036_2026.txt,,2026-09
265,06554737000132-1-000044/2026,2026,026,081/2026,06554737000132,MUNICIPIO DE VALENCA DO PIAUI,M,N,PI,Valença do Piauí,Prefeitura Muncipal de Valença do Piauí,6,Pregão - Eletrônico,Aberto,Divulgada no PNCP,0,"[Portal de Compras Públicas] - Contratação de empresa especializada para a prestação de serviços de formação continuada em Educação Especial e Inclusão Escolar, na modalidade predominantemente a distância (EAD), destinada aos profissionais da educação do Município de Valença do Piauí-PI, visando atender as necessidades do referido município.",,2104996.55,0.0,2026-09-24 23:20:44,2026-09-25T07:00:00,2026-10-09T07:00:00,https://www.portaldecompraspublicas.com.br/processos/PI/Prefeitura-Municipal-de-Valenca-do-Piaui-2228/PE-026-2026-2026-514091,,"Consultoria, Treinamento & Governança",Capacitação & Educação Corporativa,formacao continuada,Outro,999.0,Fora do Raio,[FORA DAS BASES],0,pncp_intelligence/data/briefings_ia/briefing_06554737000132-1-000044_2026.txt,,2026-09
266,18362730000106-1-000016/2026,2026,5,5,18362730000106,CONSORCIO INTERMUNICIPAL DE SANEAMENTO BASICO E AMBIENTAL NORDESTE GOIANO - CISBAN - GO,N,E,GO,Buritinópolis,CONSORCIO INTERMUNICIPAL DE SANEAMENTO BASICO E AMBIENTAL NORDESTE GOIANO - CISBAN,6,Pregão - Eletrônico,Aberto,Divulgada no PNCP,1,"REGISTRO DE PREÇOS PARA FUTURA E EVENTUAL CONTRATAÇÃO DE EMPRESA ESPECIALIZADA PARA O FORNECIMENTO 
CONTINUADO E PARCELADO DE REFEIÇÕES PRONTAS DO TIPO MARMITA HOSPITALAR, PRODUZIDAS EM ESTABELECIMENTO EXTERNO 
DA CONTRATADA, COMPREENDENDO PREPARO, PORCIONAMENTO, ACONDICIONAMENTO INDIVIDUAL, IDENTIFICAÇÃO, 
TRANSPORTE E ENTREGA NAS UNIDADES DE SAÚDE, DESTINADAS A PACIENTES, ACOMPANHANTES E SERVIDORES DOS MUNICÍPIOS 
CONSORCIADOS AO CISBAN-GO, CONFORME TERMO DE REFERÊNCIA E ANEXOS. ","Registro de Preços para futura e eventual contratação de empresa especializada para o fornecimento 
continuado e parcelado de refeições prontas do tipo marmita hospitalar, produzidas em estabelecimento externo 
da CONTRATADA, compreendendo preparo, porcionamento, acondicionamento individual, identificação, 
transporte e entrega nas unidades de saúde, destinadas a pacientes, acompanhantes e servidores dos Municípios 
consorciados ao CISBAN-GO, conforme Termo de Referência e anexos. ",0.0,0.0,2026-09-25 00:02:26,2026-09-24T23:00:34,2026-10-07T08:59:00,,,Tecnologia da Informação & Serviços Digitais,Cloud & Infraestrutura de TI,servidores,Goiânia,250.0,Estado Alvo,[ESTADO ALVO: GO],0,pncp_intelligence/data/briefings_ia/briefing_18362730000106-1-000016_2026.txt,,2026-09
267,18385088000172-1-000166/2026,2026,62,14065/2026,18385088000172,MUNICIPIO DE MANHUACU,M,N,MG,Manhuaçu,PREFEITURA MUNICIPAL DE MANHUAÇU - MG,6,Pregão - Eletrônico,Aberto,Divulgada no PNCP,1,"Aquisição futura de equipamentos eletrônicos, tecnológicos, de informática, comunicação,
infraestrutura de TI e ferramentas elétricas portáteis, destinados ao atendimento das necessidades das Secretarias Municipais da Prefeitura de Manhuaçu/MG, para garantir a continuidade e disponibilidade dos serviços.",,0.0,0.0,2026-09-25 07:39:08,2026-09-25T08:00:00,2026-10-16T08:00:00,https://bllcompras.com/Process/ProcessView?param1=[gkz]lsBqnnIUUxOxMmlHA2hFVIVjcbUJltqjUW911G0zNouoeoVYwwYsS2yhxs3nGOzbUOnrr6v4czMKukX3XcQzbEyXd0zWD6FSDveuLqRs8yk=,,Tecnologia da Informação & Serviços Digitais,Cloud & Infraestrutura de TI,infraestrutura de ti,Campinas/Sul de Minas,250.0,Estado Alvo,[ESTADO ALVO: MG],0,pncp_intelligence/data/briefings_ia/briefing_18385088000172-1-000166_2026.txt,,2026-09
268,24857096000177-1-000021/2026,2026,(8356) | 17-0,6224/2026,24857096000177,MUNICIPIO DE BONFINOPOLIS,M,N,GO,Bonfinópolis,PREFEITURA MUNICIPAL DE BONFINOPOLIS,6,Pregão - Eletrônico,Aberto,Divulgada no PNCP,1,"REGISTRO DE PREÇOS PARA EVENTUAL E FUTURA AQUISIÇÃO DE UNIFORMES, DESTINADOS AO ATENDIMENTO DAS DEMANDAS DOS SERVIDORES E COLABORADORES DAS SECRETARIAS MUNICIPAIS DA PREFEITURA MUNICIPAL DE BONFINÓPOLIS – GO, CONFORME ESPECIFICAÇÕES CONSTANTES NO TERMO DE REFERÊNCIA ANEXO I DESTE EDITAL.",,910688.04,0.0,2026-09-25 07:52:45,2026-09-25T08:00:00,2026-10-08T07:59:00,,,Tecnologia da Informação & Serviços Digitais,Cloud & Infraestrutura de TI,servidores,Goiânia,250.0,Estado Alvo,[ESTADO ALVO: GO],0,pncp_intelligence/data/briefings_ia/briefing_24857096000177-1-000021_2026.txt,,2026-09
269,76205806000188-1-000213/2026,2026,82,10877,76205806000188,MUNICIPIO DE TOLEDO,M,N,PR,Toledo,MUNICÍPIO DE TOLEDO,6,Pregão - Eletrônico,Aberto,Divulgada no PNCP,1,"REGISTRO DE PREÇOS por um período de 12 (doze) meses, para aquisição de uniformes e mochilas para uso dos servidores, além de camisetas a serem utilizadas em atividades, eventos e/ou campanhas.",Inexistente,1278911.21,0.0,2026-09-25 08:31:25,2026-09-25T17:00:00,2026-10-09T08:00:00,,,Tecnologia da Informação & Serviços Digitais,Cloud & Infraestrutura de TI,servidores,Joinville/Curitiba,250.0,Estado Alvo,[ESTADO ALVO: PR],0,pncp_intelligence/data/briefings_ia/briefing_76205806000188-1-000213_2026.txt,,2026-09
270,83102277000152-1-000562/2026,2026,PE 170,PE 170/2026,83102277000152,MUNICIPIO DE ITAJAI,M,N,SC,Itajaí,PREFEITURA MUNICIPAL DE ITAJAÍ - SC,6,Pregão - Eletrônico,Aberto-Fechado,Divulgada no PNCP,0,"Prestação de serviços especializados de assessoria técnica e capacitação em gestão condominial e patrimonial para os síndicos e moradores do Loteamento São Francisco, localizado na Rua Euclides Alberto Melies e Rua Bruno Vicente da Luz, Santa Regina Itajaí- SC",,9600.0,0.0,2026-09-25 08:36:41,2026-09-25T09:00:01,2026-10-16T14:00:01,,,"Consultoria, Treinamento & Serviços Especializados",Consultoria & Assessoria Técnica,assessoria técnica,Joinville,90.0,50 a 100 km,[BASE: JOINVILLE | Itajaí/SC (90km)],1,pncp_intelligence/data/briefings_ia/briefing_83102277000152-1-000562_2026.txt,,2026-09
271,92454800000109-1-001215/2026,2026,26,558/2026,92454800000109,MUNICIPIO DE PROGRESSO,M,N,RS,Progresso,Município de Progresso,6,Pregão - Eletrônico,Aberto,Divulgada no PNCP,0,PLANO DE SAÚDE,"Contratação de empresa operadora de plano de saúde para a prestação de serviços de assistência à Saúde aos servidores públicos municipais e agentes políticos, e seus dependentes legais, do Poder Executivo e Poder Legislativo, com preço mensal pré-estabelecido, por usuário inscrito, observada a idade do ""Beneficiário"", com taxas de coparticipação, envolvendo a prestação de serviços médicos, de diagnósticos e exames complementares, consultas médicas em consultórios particulares em horário normal de expediente ou no sistema de plantão ""24 horas"", com profissionais credenciados ou cooperados, e tratamentos complementares, urgências e emergências a nível nacional, nas modalidades AMBULATORIAL REGIONAL e AMBULATORIAL HOSPITALAR REGIONAL SEMI PRIVATIVO, de abrangência mínima em todos os municípios nas regiões do Vale do Taquari e Vale do Rio Pardo, e seguro de vida, na forma da legislação vigente.",798175.8,0.0,2026-09-25 09:14:51,2026-09-25T08:00:00,2026-10-09T07:59:00,,,Tecnologia da Informação & Serviços Digitais,Cloud & Infraestrutura de TI,servidores,Outro,999.0,Fora do Raio,[FORA DAS BASES],0,pncp_intelligence/data/briefings_ia/briefing_92454800000109-1-001215_2026.txt,,2026-09
272,15330178000178-1-000023/2026,2026,25,26.16.000004588-0,15330178000178,CONSELHO REGIONAL DE MEDICINA DO ESTADO DO PARA,F,E,PA,Belém,CONSELHO REGIONAL DE MEDICINA - PA,6,Pregão - Eletrônico,Aberto,Divulgada no PNCP,0," Serviços de Agenciamento de viagens, sob demanda, compreendendo as atividades de pesquisa e cotação de preços, reserva, emissão, marcação, remarcação, reembolso, cancelamento e endosso de bilhetes de passagens aéreas, terrestres e fluviais, no âmbito nacional, destinados a conselheiros, servidores, colaboradores e convidados do Conselho Regional de Medicina do Estado do Pará – CRM-PA,",,350000.01,0.0,2026-09-25 09:48:25,2026-09-29T08:00:00,2026-10-14T10:00:00,https://cnetmobile.estaleiro.serpro.gov.br/comprasnet-web/public/compras/acompanhamento-compra?compra=38917305000252026,https://sei.cfm.org.br/sei/controlador.php?acao=procedimento_trabalhar&acao_origem=procedimento_controlar&acao_retorno=procedimento_controlar&id_procedimento=5334951&infra_sistema=100000100&infra_unidade_atual=110002000&infra_hash=d6d607dff3aedcf05ddb1292f0a28f019947db4b4596bc2c2c57a842212b87e1,Tecnologia da Informação & Serviços Digitais,Cloud & Infraestrutura de TI,"servidores, crm",Outro,999.0,Fora do Raio,[FORA DAS BASES],0,pncp_intelligence/data/briefings_ia/briefing_15330178000178-1-000023_2026.txt,,2026-09
273,04217786000154-1-000094/2026,2026,000024,125991/2026,04217786000154,MUNICIPIO DE GOVERNADOR LINDENBERG,M,N,ES,Governador Lindenberg,PREFEITURA MUNICIPAL DE GOVERNADOR LINDENBERG,6,Pregão - Eletrônico,Aberto,Divulgada no PNCP,0,"Contratação de empresa especializada para prestação de serviços de buffet, alimentação e apoio operacional, destinados à realização de evento comemorativo em homenagem ao Dia do Professor e aos Servidores da Educação, promovido pela Secretaria Municipal de Educação da Prefeitura Municipal de Governador Lindenberg.","Realizar evento comemorativo alusivo ao Dia do Professor e aos Servidores da Educação, como forma de reconhecimento e valorização dos profissionais que atuam na Rede Municipal de Ensino.",24999.0,0.0,2026-09-25 10:20:36,2026-10-13T12:00:00,2026-10-13T12:00:00,,,Tecnologia da Informação & Serviços Digitais,Cloud & Infraestrutura de TI,servidores,Outro,999.0,Fora do Raio,[FORA DAS BASES],0,pncp_intelligence/data/briefings_ia/briefing_04217786000154-1-000094_2026.txt,,2026-09
274,45195823000158-1-000063/2026,2026,034,1304/2026,45195823000158,MUNICIPIO DE SAO BENTO DO SAPUCAI,M,N,SP,São Bento do Sapucaí,PREFEITURA MUNICIPAL DE SÃO BENTO DO SAPUCAÍ - SP,6,Pregão - Eletrônico,Aberto,Divulgada no PNCP,0," CONTRATAÇÃO DE EMPRESA ESPECIALIZADA EM MEDICINA E SEGURANÇA DO TRABALHO PARA REALIZAÇÃO DE EXAMES ADMISSIONAIS, DEMISSIONAIS E PERIÓDICOS DOS SERVIDORES MUNICIPAIS",,67554.55,0.0,2026-09-25 10:21:40,2026-09-29T09:00:00,2026-10-13T09:00:00,https://bllcompras.com/Process/ProcessView?param1=[gkz]6LQ8H2ixhAGdB9fG/tbf1ODheVfLD6Aj_B5nG8LYXyVt1AL7x2UPxi7bZ9EBqPGsCsuq1NpsoqaEE1tBYKpxwEwv4z9wvnH_XDqWZQ9949Y=,,Tecnologia da Informação & Serviços Digitais,Cloud & Infraestrutura de TI,servidores,São Paulo/Campinas,250.0,Estado Alvo,[ESTADO ALVO: SP],0,pncp_intelligence/data/briefings_ia/briefing_45195823000158-1-000063_2026.txt,,2026-09
275,94726320000177-1-000131/2026,2026,39,107,94726320000177,MUNICIPIO DE TIRADENTES DO SUL,M,N,RS,Tiradentes do Sul,MUNICIPIO DE TIRADENTES DO SUL/RS,6,Pregão - Eletrônico,Aberto,Divulgada no PNCP,1,"Camisetas personalizadas para o Programa Educacional de Resistência às Drogas e à Violência – PROERD, bem como jalecos, toucas descartáveis e coletes personalizados destinados aos servidores da Secretaria Municipal de Educação e da Secretaria Municipal de Saúde",,25548.21,0.0,2026-09-25 10:30:29,2026-09-25T13:00:00,2026-10-08T08:55:00,jornal,,Tecnologia da Informação & Serviços Digitais,Cloud & Infraestrutura de TI,servidores,Outro,999.0,Fora do Raio,[FORA DAS BASES],0,pncp_intelligence/data/briefings_ia/briefing_94726320000177-1-000131_2026.txt,,2026-09
276,05648696000180-1-000088/2026,2026,24,202603120037,05648696000180,MUNICIPIO DE ITAPECURU MIRIM,M,N,MA,Itapecuru Mirim,MUNICÍPIO DE ITAPECURU MIRIM/MA,6,Pregão - Eletrônico,Aberto,Divulgada no PNCP,0,"[LICITANET] - Contratação de instituição financeira pública ou privada, para a prestação de serviços de gerenciamento de créditos provenientes da folha de pagamento dos servidores públicos da Prefeitura Municipal de Itapecuru Mirim/MA.

",,2936081.3,0.0,2026-09-25 10:51:51,2026-09-25T10:51:45,2026-10-22T09:00:00,https://licitanet.com.br/sessao/202837,,Tecnologia da Informação & Serviços Digitais,Cloud & Infraestrutura de TI,servidores,Outro,999.0,Fora do Raio,[FORA DAS BASES],0,pncp_intelligence/data/briefings_ia/briefing_05648696000180-1-000088_2026.txt,,2026-09
277,18306662000150-1-000129/2026,2026,56 | Processo 136,56,18306662000150,MUNICIPIO DE ARCOS,M,N,MG,Arcos,PREFEITURA MUNICIPAL,6,Pregão - Eletrônico,Aberto,Divulgada no PNCP,0,Locacao de equipamentos  prestacao de servicos e instalacao e manutencao mensal inclusa licenca do software  contendo suporte tecnico  para monitoramento de Calha Parshall e ainda  disponibilizar opcoes presentes como  armazenamento de dados  graficos e impressoes de relatorios. Ambos para afericao da vazao de entrada de efluente e criacao de banco de dados digitalizado das informacoes oriundas desse objeto , ,32400.0,0.0,2026-09-25 11:01:02,2026-09-28T07:00:00,2026-10-14T13:30:00, ,,Tecnologia da Informação & Serviços Digitais,Cloud & Infraestrutura de TI,armazenamento de dados,Campinas/Sul de Minas,250.0,Estado Alvo,[ESTADO ALVO: MG],0,pncp_intelligence/data/briefings_ia/briefing_18306662000150-1-000129_2026.txt,,2026-09
278,18677625000158-1-000115/2026,2026,201,118/2026,18677625000158,MUNICIPIO DE ITAPEVA,M,N,MG,Itapeva,Município de Itapeva / MG,6,Pregão - Eletrônico,Aberto,Divulgada no PNCP,0,"[Portal de Compras Públicas] - Aquisição de até 670 cestas natalinas compostas de kits com aves natalinas e de peças de carne suínas acondicionadas em bolsa térmica e de kits com panetone ou chocotone, caixa de bombons sortidos e refrigerantes (2 l) destinados aos servidores ativos municipais em cumprimento à Lei Municipal 1.643 de 11 de outubro de 2023.",,173456.3,0.0,2026-09-25 11:07:40,2026-09-25T17:00:00,2026-10-07T08:59:00,https://www.portaldecompraspublicas.com.br/processos/MG/Municipio-de-Itapeva-2122/PE-201-2026-2026-513886,,Tecnologia da Informação & Serviços Digitais,Cloud & Infraestrutura de TI,servidores,Campinas/Sul de Minas,250.0,Estado Alvo,[ESTADO ALVO: MG],0,pncp_intelligence/data/briefings_ia/briefing_18677625000158-1-000115_2026.txt,,2026-09
279,76105600000186-1-000292/2026,2026,94,215/2026,76105600000186,MUNICIPIO DE CAMPINA GRANDE DO SUL,M,N,PR,Campina Grande do Sul,Prefeitura Municipal de Campina Grande do Sul - PR,6,Pregão - Eletrônico,Aberto,Divulgada no PNCP,0,"AQUISIÇÃO DE UMA LICENÇA DO SOFTWARE MICROSOFT WINDOWS SERVER 2022 DATACENTER EDITION, PARA ATENDER AS NECESSIDADES DA SECRETARIA MUNICIPAL DA TECNOLOGIA, INOVAÇÃO E TRANSFORMAÇÃO DIGITAL, CONFORME DESCRITIVO E QUANTITATIVO CONSTANTES NO EDITAL E SEUS ANEXOS.",,24639.49,0.0,2026-09-25 11:13:06,2026-09-25T12:00:00,2026-10-16T08:59:00,https://comprasbr.com.br/pregao-eletronico-detalhe/?idlicitacao=48596,,Tecnologia da Informação & Serviços Digitais,Cloud & Infraestrutura de TI,datacenter,Joinville/Curitiba,250.0,Estado Alvo,[ESTADO ALVO: PR],0,pncp_intelligence/data/briefings_ia/briefing_76105600000186-1-000292_2026.txt,,2026-09
280,42422253000101-1-000060/2026,2026,20,44129.003860/2026-71,42422253000101,EMPRESA DE TECNOLOGIA E INFORMACOES DA PREVIDENCIA S.A. - DATAPREV,N,N,RJ,Rio de Janeiro,EMPRESA DE TEC. E INFORMAÇOES DA PREVID. S.A.,6,Pregão - Eletrônico,Aberto-Fechado,Divulgada no PNCP,1,"Contratação de empresa especializada em desenvolvimento, manutenção, evolução e sustentação de software, por alocação de profissionais de TI sem dedicação exclusiva de mão de obra, vinculada ao alcance de resultados, conforme diretrizes da Portaria SGD/MGI nº 750, de 20 de março de 2023, em sua versão vigente e consolidada, incluindo as alterações posteriores aplicáveis ao modelo de contratação de serviços de desenvolvimento, manutenção e sustentação de software, no que couber ao regime jurídico",,0.0,0.0,2026-09-25 11:55:22,2026-09-28T08:00:00,2026-10-14T10:00:00,https://cnetmobile.estaleiro.serpro.gov.br/comprasnet-web/public/compras/acompanhamento-compra?compra=23801405000202026,https://portalcompras.dataprev.gov.br/aviso_licitacao2.asp,Tecnologia da Informação & Serviços Digitais,Desenvolvimento & Fábrica de Software,sustentacao de software,Outro,999.0,Fora do Raio,[FORA DAS BASES],0,pncp_intelligence/data/briefings_ia/briefing_42422253000101-1-000060_2026.txt,,2026-09
281,78640489000153-1-000817/2026,2026,1255,1255/2026,78640489000153,UNIVERSIDADE ESTADUAL DE LONDRINA,E,E,PR,Londrina,UEL - Universidade Estadual de Londrina,6,Pregão - Eletrônico,Aberto-Fechado,Divulgada no PNCP,0,"AQUISIÇÃO DE DESKTOPS, KIT DE DESENVOLVIMENTO PARA INTELIGÊNCIA ARTIFICIAL, KIT MÓDULO DIDÁTICO DE TELECOMUNICAÇÃO E IMPRESSORAS - 3D PROFISSIONAL E MULTIFUNCIONAL TANQUE DE TINTA.","(L1):PRINCIPAL,(L2):RESERVADO,(L3):EXCLUSIVA ME,(L4):EXCLUSIVA ME,(L5):EXCLUSIVA ME,(L6):EXCLUSIVA ME",178663.23,0.0,2026-09-25 12:00:12,2026-09-25T10:10:00,2026-10-15T09:00:00,www.transparencia.pr.gov.br/pte/compras/licitacoes/pesquisar-param?numprocesso=1255&ano=2026&codmodalidade=68,,Tecnologia da Informação & Serviços Digitais,"Dados, IA & Business Intelligence",inteligencia artificial,Joinville/Curitiba,250.0,Estado Alvo,[ESTADO ALVO: PR],0,pncp_intelligence/data/briefings_ia/briefing_78640489000153-1-000817_2026.txt,,2026-09
282,11251832000105-1-000129/2026,2026,038,148/2026,11251832000105,MUNICIPIO DE SAO LOURENCO DA MATA,M,N,PE,São Lourenço da Mata,PREFEITURA MUNICIPAL DE SÃO LOURENÇO DA MATA,6,Pregão - Eletrônico,Aberto,Suspensa,0,"Contratação de solução informatizada (SaaS) de gestão de compras e contratações públicas, em conformidade com a Lel nº 14.133/2021, contemplando planejamento (PCA, DFD, ETP, TR), pesquisa de preços, gestão de editais, contratos, ordens de fornecimento/serviço, processos administrativos, portal do fornecedor e integrações com PNCP e TCE-PE, incluindo implantação, treinamento e suporte técnico.",,218112.36,0.0,2026-09-25 12:06:51,2026-09-28T09:00:00,2026-10-14T09:00:00,https://bnccompras.com/Process/ProcessView?param1=[gkz]Bp6qsyf5ZoUxYyNHVaqo01JmoEVKohzitM9M/vqMrmWr/FDsvZ4VyqYhD4ly2c_rBFGWSDt5SleAmrSrC/qFfyJr6GJBhVXmvr7iojO8GTU=,,Tecnologia da Informação & Serviços Digitais,Licenciamento de Software & SaaS,saas,Recife,25.0,Até 50 km,[BASE: RECIFE | São Lourenço da Mata/PE (25km)],1,pncp_intelligence/data/briefings_ia/briefing_11251832000105-1-000129_2026.txt,,2026-09
283,46522983000127-1-000355/2026,2026,172,260703065383300/2026,46522983000127,MUNICIPIO DE SANTANA DE PARNAIBA,M,N,SP,Santana de Parnaíba,Secretaria Municipal de Compras e Licitações,6,Pregão - Eletrônico,Aberto,Divulgada no PNCP,0,"[Portal de Compras Públicas] - Contratação de empresa especializada para fornecimento, em regime de LOCAÇÃO DE LICENÇAS DE USO, DE PLATAFORMA VIRTUAL DE APRENDIZAGEM DE MÚLTIPLOS IDIOMAS, disponibilizada em modelo de distribuição SaaS (Software como Serviço), composta por portal web e aplicativos móveis, com acesso gratuito para até 50.000 (cinquenta mil) usuários, em, no mínimo, 5 (cinco) idiomas  inglês, espanhol, francês, italiano e alemão  com recursos de personalização de aprendizagem suportados por inteligência artificial (IA), destinada a apoiar a continuidade e o aprimoramento da política pública Parnaíba Idiomas, pelo período de 12 (doze) meses, incluindo hospedagem, manutenção, suporte técnico e serviços correlatos, em atendimento a Secretaria Municipal da Casa Civil.",,850000.0,0.0,2026-09-25 12:07:44,2026-09-25T18:00:00,2026-10-13T09:30:00,https://www.portaldecompraspublicas.com.br/processos/SP/Prefeitura-Municipal-de-Santana-de-Parnaiba-1139/PE-172-2026-2026-514224,,Tecnologia da Informação & Serviços Digitais,"Dados, IA & Business Intelligence","inteligencia artificial, software como servico, saas",São Paulo,35.0,Até 50 km,[BASE: SÃO PAULO | Santana de Parnaíba/SP (35km)],1,pncp_intelligence/data/briefings_ia/briefing_46522983000127-1-000355_2026.txt,,2026-09
284,34812669000108-1-000080/2026,2026,17,0004872-93.2026.8.23.8000,34812669000108,TRIBUNAL DE JUSTICA DO ESTADO DE RORAIMA,E,J,RR,Boa Vista,TRIBUNAL DE JUSTIÇA DO ESTADO DE RORAIMA,6,Pregão - Eletrônico,Aberto,Divulgada no PNCP,1,"Formação de registro de preços para eventual contratação de solução de infraestrutura computacional com armazenamento distribuído por software, incluindo recursos de processamento, memória e virtualização, bem como serviços de implantação, migração de dados, suporte técnico especializado e garantia de hardware, destinada à modernização do Site de Recuperação de Desastres (Site DR) do Tribunal de Justiça de Roraima, conforme Termo de Referência - Anexo I do Edital.",,26310910.94,0.0,2026-09-25 12:13:26,2026-09-28T08:00:00,2026-10-15T10:00:00,https://cnetmobile.estaleiro.serpro.gov.br/comprasnet-web/public/compras/acompanhamento-compra?compra=92548005000172026,https://tamandua.tjrr.jus.br/tamandua/pages/licitacao.xhtml?wmode=transparent,Tecnologia da Informação & Serviços Digitais,Cloud & Infraestrutura de TI,virtualizacao,Outro,999.0,Fora do Raio,[FORA DAS BASES],0,pncp_intelligence/data/briefings_ia/briefing_34812669000108-1-000080_2026.txt,,2026-09
285,25043514000155-1-000053/2026,2026,900033/PE/SEFAZ,2025/25000/000912,25043514000155,SECRETARIA DA FAZENDA,E,E,TO,Palmas, Secretaria da Fazenda ,6,Pregão - Eletrônico,Aberto,Divulgada no PNCP,0,"Aquisição de licenças de uso dos softwares Canva, Adobe Creative Cloud, CapCut Pro, Windows 11 Pro, Grafana Enterprise, Windows Server 2025 Datacenter, Zoho Assist Remote Support-Enterprise e Zoho Assist Unattended Access Professional.",,0.0,0.0,2026-09-25 12:22:54,2026-09-25T08:00:00,2026-10-06T08:58:59,,,Tecnologia da Informação & Serviços Digitais,Cloud & Infraestrutura de TI,datacenter,Remoto,999.0,Fora do Raio,[VIABILIDADE: 100% REMOTO],0,pncp_intelligence/data/briefings_ia/briefing_25043514000155-1-000053_2026.txt,,2026-09
286,27174150000178-1-000100/2026,2026,026,2325/2026,27174150000178,MUNICIPIO DE PANCAS,M,N,ES,Pancas,Prefeitura Municipal de Pancas,6,Pregão - Eletrônico,Aberto,Divulgada no PNCP,0,"[Portal de Compras Públicas] - Pregão Eletrônico, por meio do Sistema de Registro de Preços, visando à futura e eventual aquisição de Equipamentos de Proteção Individual - EPI e ferramentas de manuseio operacional para proteção dos servidores lotados nas Secretarias de Agricultura, Secretaria de Obras e Secretaria de Saúde, conforme as especificações, quantidades e condições constantes no Termo de Referência, anexo I deste edital.",,583790.7,0.0,2026-09-25 12:25:56,2026-09-25T12:14:00,2026-10-07T07:00:00,https://www.portaldecompraspublicas.com.br/processos/ES/Prefeitura-Municipal-de-Pancas-3304/PE-026-2026-2026-514187,,Tecnologia da Informação & Serviços Digitais,Cloud & Infraestrutura de TI,servidores,Outro,999.0,Fora do Raio,[FORA DAS BASES],0,pncp_intelligence/data/briefings_ia/briefing_27174150000178-1-000100_2026.txt,,2026-09
287,04801221000110-1-000054/2026,2026,75,000030/2026,04801221000110,TRIBUNAL DE CONTAS DO ESTADO DE RONDONIA,E,L,RO,Porto Velho,TRIBUNAL DE CONTAS DO ESTADO DE RONDONIA,6,Pregão - Eletrônico,Aberto,Divulgada no PNCP,0,"Contratação de empresa para a renovação e upgrade de licenças de Softwares dos sistemas de Virtualização, Plataforma de produtividade e colaboração e gerenciamento e suporte a usuários e dispositivos, para atender às necessidades do Tribunal de Contas do Estado de Rondônia, conforme especificações constantes no Termo de Referência.",,10482388.25,0.0,2026-09-25 13:23:29,2026-09-29T08:00:00,2026-10-14T09:30:00,https://cnetmobile.estaleiro.serpro.gov.br/comprasnet-web/public/compras/acompanhamento-compra?compra=93500205000752026,,Tecnologia da Informação & Serviços Digitais,Cloud & Infraestrutura de TI,virtualizacao,Outro,999.0,Fora do Raio,[FORA DAS BASES],0,pncp_intelligence/data/briefings_ia/briefing_04801221000110-1-000054_2026.txt,,2026-09
288,76282672000107-1-000072/2026,2026,40,114/2026,76282672000107,MUNICIPIO DE OURIZONA,M,N,PR,Ourizona,PREFEITURA MUNICIPAL DE OURIZONA - PR,6,Pregão - Eletrônico,Aberto-Fechado,Divulgada no PNCP,1,"AQUISIÇÃO DE UNIFORMES PARA OS SERVIDORES DA SECRETARIA DE SAÚDE.
",Seguir a descrição dos itens do edital. ,66932.36,0.0,2026-09-25 14:05:44,2026-09-28T08:00:00,2026-10-08T09:00:00,https://cnetmobile.estaleiro.serpro.gov.br/comprasnet-web/public/compras/acompanhamento-compra?compra=98772905000402026,https://www.ourizona.pr.gov.br/,Tecnologia da Informação & Serviços Digitais,Cloud & Infraestrutura de TI,servidores,Joinville/Curitiba,250.0,Estado Alvo,[ESTADO ALVO: PR],0,pncp_intelligence/data/briefings_ia/briefing_76282672000107-1-000072_2026.txt,,2026-09
289,27167436000126-1-000095/2026,2026,000015,006565/2026,27167436000126,MUNICIPIO DE BOA ESPERANCA,M,N,ES,Boa Esperança,MUNICIPIO DE BOA ESPERANCA,6,Pregão - Eletrônico,Aberto-Fechado,Divulgada no PNCP,0,"[Portal de Compras Públicas] - Aquisição de 01 (um) kit completo de drone para pulverização e distribuição agrícola, com entrega de solução operacional pronta para uso, incluindo treinamento básico de operação e entrega técnica aos servidores designados pela Administração, bem como o fornecimento de 01 (uma) maquina recolhedora de café conilon, destinados ao atendimento das demandas da Secretaria Municipal de Desenvolvimento Rural do Município de Boa Esperança/ES.",,417095.0,0.0,2026-09-25 14:28:15,2026-09-28T08:00:00,2026-10-08T08:00:00,https://www.portaldecompraspublicas.com.br/processos/ES/Prefeitura-Municipal-de-Boa-Esperanca-4174/PE-000015-2026-2026-514175,,Tecnologia da Informação & Serviços Digitais,Cloud & Infraestrutura de TI,servidores,Outro,999.0,Fora do Raio,[FORA DAS BASES],0,pncp_intelligence/data/briefings_ia/briefing_27167436000126-1-000095_2026.txt,,2026-09
290,18668376000134-1-000130/2026,2026,59,113,18668376000134,MUNICIPIO DE MONTE BELO,M,N,MG,Monte Belo,SECRETARIA MUNICIPAL DE ADMINISTRACAO,6,Pregão - Eletrônico,Aberto,Divulgada no PNCP,1,"FORMAÇÃO DE ATA DE REGISTRO DE PREÇOS, POR UM PERÍODO DE 12 MESES, PARA FUTURA E EVENTUAL CONTRATAÇÃO DE EMPRESA ESPECIALIZADA NO FORNECIMENTO DE TONERS, CARTUCHOS E REFIS DE TINTA PARA IMPRESSORAS, EM ATENDIMENTO ÀS NECESSIDADES DAS SECRETARIAS MUNICIPAIS DE ADMINISTRAÇÃO, DESENVOLVIMENTO ECONÔMICO E TURISMO, DESENVOLVIMENTO SOCIAL, EDUCAÇÃO, ESPORTE, CULTURA E LAZER, FINANÇAS E PLANEJAMENTO, GABINETE DO PREFEITO, OBRAS E SERVIÇOS PÚBLICOS, SAÚDE E INSTITUTO DE PREVIDÊNCIA DOS SERVIDORES DE MONTE BELO.","JUSTIFICA-SE A NECESSIDADE DE FUTURAS AQUISIÇÕES DE TONERS, CARTUCHOS E REFIS DE TINTA PARA IMPRESSORAS E COMPONENTES PARA MELHORAR A EFICIÊNCIA OPERACIONAL PARA ATENDER A SECRETARIA DE ADMINISTRAÇÃO.",149950.44,0.0,2026-09-25 15:08:01,2026-09-25T17:00:00,2026-10-08T09:00:00,https://app2.ammlicita.org.br/pesquisa/114729,,Tecnologia da Informação & Serviços Digitais,Cloud & Infraestrutura de TI,servidores,Campinas/Sul de Minas,250.0,Estado Alvo,[ESTADO ALVO: MG],0,pncp_intelligence/data/briefings_ia/briefing_18668376000134-1-000130_2026.txt,,2026-09
291,27907518000160-1-000010/2026,2026,4,2026400108,27907518000160,CONSELHO REGIONAL DE ADMINISTRACAO DO RIO DE JANEIRO,F,E,RJ,Rio de Janeiro,CONSELHO REGIONAL DE ADMINISTRACAO DO RJ,6,Pregão - Eletrônico,Aberto,Divulgada no PNCP,1,"Registro de Preços visando à aquisição de computadores do tipo desktop, workstation, servidor de data center e notebook, bem como monitores de 24 e 34 polegadas, destinados ao CRA-RJ, na qualidade de Órgão Gerenciador, e aos Órgãos Participantes, conforme especificações, condições, quantidades e exigências estabelecidas no Edital e seus anexos.",Outras informações podem ser obtidas por meio do e-mail licitacao@cra-rj.org.br,54899677.41,0.0,2026-09-25 15:37:25,2026-09-28T10:00:00,2026-10-20T10:00:00,https://cnetmobile.estaleiro.serpro.gov.br/comprasnet-web/public/compras/acompanhamento-compra?compra=38915105000042026,,Tecnologia da Informação & Serviços Digitais,Cloud & Infraestrutura de TI,data center,Outro,999.0,Fora do Raio,[FORA DAS BASES],0,pncp_intelligence/data/briefings_ia/briefing_27907518000160-1-000010_2026.txt,,2026-09
292,76639384000159-1-000229/2026,2026,202,017.000751/2026-94,76639384000159,CONSELHO REGIONAL DE ENGENHARIA E AGRONOMIA DO PARANA,F,E,PR,Curitiba,CONSELHO REG.DE ENGENHARIA E AGRONOMIA DO PR,6,Pregão - Eletrônico,Aberto-Fechado,Divulgada no PNCP,0,"Prestação de serviços de segurança da informação, mediante o fornecimento de solução integrada contemplando a renovação de licenças, subscrições, suporte, garantia e atualizações do ambiente Fortinet existente no Crea-PR, o fornecimento, a implantação e o suporte de solução Zero Trust Network Access (ZTNA), serviços gerenciados de segurança, gestão contínua de vulnerabilidades, testes de invasão, treinamento e disponibilização de serviços técnicos especializados.",,3020645.13,0.0,2026-09-25 15:53:12,2026-09-28T08:00:00,2026-10-15T08:00:00,https://cnetmobile.estaleiro.serpro.gov.br/comprasnet-web/public/compras/acompanhamento-compra?compra=38908805002022026,https://creapr-sei.crea-pr.org.br/sei/controlador.php?acao=procedimento_trabalhar&acao_origem=procedimento_controlar&acao_retorno=procedimento_controlar&id_procedimento=2594565&infra_sistema=100000100&infra_unidade_atual=110000055&infra_hash=c74f083fc652e64219c4e8438325dce08a8fe516b4995074405da5e3f36c1396,Tecnologia da Informação & Serviços Digitais,Cibersegurança & Governança de Dados,seguranca da informacao,Joinville,130.0,100 a 200 km,[BASE: JOINVILLE | Curitiba/PR (130km)],1,pncp_intelligence/data/briefings_ia/briefing_76639384000159-1-000229_2026.txt,,2026-09
293,18668624000147-1-000079/2026,2026,000031,000098/2026,18668624000147,MUNICIPIO DE MUZAMBINHO,M,N,MG,Muzambinho,PREFEITURA MUNICIPAL DE MUZAMBINHO,6,Pregão - Eletrônico,Aberto,Divulgada no PNCP,0,"CONTRATAÇÃO DE INSTITUIÇÃO FINANCEIRA, AUTORIZADA PELO BANCO CENTRAL DO BRASIL, PARA OPERAR OS SERVIÇOS DE PROCESSAMENTO E GERENCIAMENTO DE CRÉDITOS PROVENIENTES DA FOLHA DE PAGAMENTO DOS SERVIDORES DA PREFEITURA MUNICIPAL DE MUZAMBINHO/MG E DO IPREM - INSTITUTO DE PREVIDÊNCIA DOS SERVIDORES PÚBLICOS DO MUNICÍPIO DE MUZAMBINHO/MG, sem ônus para a contratante, conforme especificações constantes no Edital e seus anexos.",,1500000.0,0.0,2026-09-25 16:08:54,2026-09-25T17:00:00,2026-10-13T09:00:00,,,Tecnologia da Informação & Serviços Digitais,Cloud & Infraestrutura de TI,servidores,Campinas/Sul de Minas,250.0,Estado Alvo,[ESTADO ALVO: MG],0,pncp_intelligence/data/briefings_ia/briefing_18668624000147-1-000079_2026.txt,,2026-09
294,36507127000149-1-000205/2026,2026,067/2026,721/2026,36507127000149,FUNDO MUNICIPAL DE SAUDE,M,E,RJ,Barra Mansa,FMS Barra Mansa,6,Pregão - Eletrônico,Aberto,Divulgada no PNCP,1,"REGISTRO DE PREÇOS PARA EVENTUAL CONTRATAÇÃO DE EMPRESA ESPECIALIZADA EM FORNECIMENTO, INSTALAÇÃO E CONFIGURAÇÃO DE CÂMERAS DE VIDEOMONITORAMENTO COM INTELIGÊNCIA ARTIFICIAL, CÂMERAS CONVENCIONAIS E CATRACAS DE CONTROLE DE ACESSO, INCLUINDO EQUIPAMENTOS, SOFTWARES E LICENÇAS",,2426064.0,0.0,2026-09-25 16:29:13,2026-09-29T17:30:00,2026-10-15T09:00:00,,,Tecnologia da Informação & Serviços Digitais,"Dados, IA & Business Intelligence",inteligencia artificial,Outro,999.0,Fora do Raio,[FORA DAS BASES],0,pncp_intelligence/data/briefings_ia/briefing_36507127000149-1-000205_2026.txt,,2026-09
295,88254875000160-1-000466/2026,2026,PCE 105,551/2026,88254875000160,MUNICIPIO DE NOVO HAMBURGO,M,N,RS,Novo Hamburgo,Diretoria de Gestão Documental,6,Pregão - Eletrônico,Aberto-Fechado,Divulgada no PNCP,0,PREGÃO ELETRÔNICO PARA CONTRATAÇÃO DE CONSULTORIA TÉCNICA ESPECIALIZADA PARA O ARQUIVO GERAL DO MUNICÍPIO DE NOVO HAMBURGO.,,116404.29,0.0,2026-09-25 16:29:53,2026-09-25T18:00:00,2026-10-13T08:59:00,,,"Consultoria, Treinamento & Governança",Consultoria & Assessoria Técnica,consultoria tecnica,Outro,999.0,Fora do Raio,[FORA DAS BASES],0,pncp_intelligence/data/briefings_ia/briefing_88254875000160-1-000466_2026.txt,,2026-09
296,10091619000102-1-000114/2026,2026,017,115/2026,10091619000102,MUNICIPIO DE CACHOEIRINHA,M,N,PE,Cachoeirinha,MPE-PREFEITURA MUNICIPAL DE CACHOEIRINHA,6,Pregão - Eletrônico,Aberto,Divulgada no PNCP,1,"Registro de Preços para o fornecimento de fardamentos, compreendendo camisas operacionais e botas, destinados aos servidores, especialmente àqueles que desempenham atividades de Guarda Municipal, Guarda Patrimonial, Maqueiro e outras funções que demandem identificação funcional, padronização institucional e proteção adequada durante o exercício de suas atribuições, para a Secretaria de Administração, Infraestrutura e Obras, Agricultura e Meio Ambiente, Transporte e Mobilidade, Fundo Municipa ...",,48613.16,0.0,2026-09-25 17:52:47,2026-09-25T19:00:00,2026-10-13T09:00:00,https://bnccompras.com/Process/ProcessView?param1=[gkz]xdXHyLLB1Q/oQ4Xjfal1cd5AoFTneRnhXs6Sy9guosSmA1l10EqDX_BNiasu0DzsZis31NB1MQ2qtiA/GDbK5gBtj2GIJ9l5kDgs4pbSlJg=,,Tecnologia da Informação & Serviços Digitais,Cloud & Infraestrutura de TI,servidores,Recife,250.0,Estado Alvo,[ESTADO ALVO: PE],0,pncp_intelligence/data/briefings_ia/briefing_10091619000102-1-000114_2026.txt,,2026-09
297,83708248000139-1-000065/2026,2026,10,1077/2026,83708248000139,CAMARA MUNICIPAL DE SAO JOSE,M,L,SC,São José,CAMARA MUNICIPAL DE SÃO JOSE - SC,6,Pregão - Eletrônico,Aberto,Divulgada no PNCP,0,"Contratação de plano de assistência à saúde destinado aos servidores públicos ativos e inativos, pensionistas, vereadores e respectivos dependentes vinculados à Câmara Municipal de São José/SC, compreendendo cobertura ambulatorial e hospitalar com obstetrícia, consultas médicas, serviços auxiliares de diagnóstico e terapia, internações hospitalares clínicas, cirúrgicas e psiquiátricas, por meio de rede própria, credenciada, contratada ou referenciada pela operadora.","Em caso de discordância existente entre as especificações dos itens descritas no Compras.gov.br e as especificações constantes deste Edital, prevalecerão as últimas, em especial as contidas no Termo de Referência.",1509116.52,0.0,2026-09-25 18:40:37,2026-09-28T08:00:00,2026-10-15T13:59:00,https://cnetmobile.estaleiro.serpro.gov.br/comprasnet-web/public/compras/acompanhamento-compra?compra=92801105000102026,https://camarasaojose.atende.net/transparencia/item/licitacoes-gerais#conteudo,Tecnologia da Informação & Serviços Digitais,Cloud & Infraestrutura de TI,servidores,Joinville,175.0,100 a 200 km,[BASE: JOINVILLE | São José/SC (175km)],1,pncp_intelligence/data/briefings_ia/briefing_83708248000139-1-000065_2026.txt,,2026-09
298,10221745000134-1-000074/2026,2026,PE/2026.026 –PMJ-SRP.REP,6.892/2026.,10221745000134,MUNICIPIO DE JACAREACANGA,M,N,PA,Jacareacanga,Compras Prefeitura,6,Pregão - Eletrônico,Aberto,Divulgada no PNCP,1,"[Portal de Compras Públicas] - REGISTRO DE PREÇOS PARA FUTURA E EVENTUAL CONTRATAÇÃO DE EMPRESA ESPECIALIZADA EM FRETAMENTO DE AERONAVES (TÁXI AÉREO), POR HORA DE VOO, VISANDO ATENDER AS NECESSIDADES DE TRANSPORTE DE PACIENTES, AUTORIDADES E SERVIDORES A SERVIÇOS DA PREFEITURA MUNICIPAL DE JACAREACANGA-PA",,7404388.54,0.0,2026-09-25 18:52:08,2026-09-25T17:00:00,2026-10-13T08:29:00,https://www.portaldecompraspublicas.com.br/processos/PA/Prefeitura-Municipal-de-Jacareacanga-2085/RPE-PE-2026026-PMJ-SRPREP-2026-2026-514319,,Tecnologia da Informação & Serviços Digitais,Cloud & Infraestrutura de TI,servidores,Outro,999.0,Fora do Raio,[FORA DAS BASES],0,pncp_intelligence/data/briefings_ia/briefing_10221745000134-1-000074_2026.txt,,2026-09
299,04204318000145-1-000750/2026,2026,19,46,04204318000145,MUNICIPIO DE MATO QUEIMADO,M,N,RS,Mato Queimado,MUNICIPIO DE MATO QUEIMADO/RS,6,Pregão - Eletrônico,Aberto,Divulgada no PNCP,1,"REGISTRO DE PREÇOS, do tipo MENOR PREÇO POR ITEM, para AQUISIÇÃO DE UNIFORMES E PEÇAS DE VESTUÁRIO PERSONALIZADAS PARA ATENDIMENTO DAS NECESSIDADES DAS SECRETARIAS MUNICIPAIS, GABINETE DO PREFEITO, CONSELHO TUTELAR E DEMAIS SETORES DA ADMINISTRAÇÃO MUNICIPAL, INCLUINDO SERVIDORES, ESTUDANTES, PROFISSIONAIS DA EDUCAÇÃO, GRUPOS ASSISTENCIAIS, EQUIPES ESPORTIVAS E PARTICIPANTES DE PROGRAMAS, PROJETOS, EVENTOS E AÇÕES INSTITUCIONAIS DO MUNICÍPIO DE MATO QUEIMADO/RS",,202608.58,0.0,2026-09-26 04:04:14,2026-09-25T17:00:00,2026-10-20T08:00:00,,,Tecnologia da Informação & Serviços Digitais,Cloud & Infraestrutura de TI,servidores,Outro,999.0,Fora do Raio,[FORA DAS BASES],0,pncp_intelligence/data/briefings_ia/briefing_04204318000145-1-000750_2026.txt,,2026-09
300,89550032000174-1-000035/2026,2026,0003,002934-0220/26-9,89550032000174,RIO GRANDE DO SUL TRIBUNAL DE CONTAS DO ESTADO,E,E,RS,Porto Alegre,TRIBUNAL DE CONTAS DO ESTADO DO RIO GRANDE DO SUL,6,Pregão - Eletrônico,Aberto,Divulgada no PNCP,0,"Contratação de empresa especializada para a prestação de serviço continuado, sob demanda, remunerado por horas efetivamente medidas, de suporte técnico em rede de computadores, segurança da informação e comunicação unificada, conforme condições e exigências estabelecidas no Edital e seus anexos.",,0.0,0.0,2026-09-28 00:01:14,2026-09-28T07:00:00,2026-10-15T10:00:00,https://pregaobanrisul.com.br/editais/0003_2026/357341,,Tecnologia da Informação & Serviços Digitais,Cibersegurança & Governança de Dados,seguranca da informacao,Outro,999.0,Fora do Raio,[FORA DAS BASES],0,pncp_intelligence/data/briefings_ia/briefing_89550032000174-1-000035_2026.txt,,2026-09
301,75101873000190-1-000455/2026,2026,102,23064.043357/2026-81,75101873000190,UNIVERSIDADE TECNOLOGICA FEDERAL DO PARANA,F,E,PR,Curitiba,UNIVERSIDADE TECNOLÓGICA FEDERAL DO PARANÁ,6,Pregão - Eletrônico,Aberto,Divulgada no PNCP,1,"Registro de preços para futura e eventual aquisição de solução de Firewall, incluindo upgrade de software e contratação de subscrição e serviço de garantia, como substituição tecnológica e integração ao ecossistema de segurança preexistente.","O presente lançamento no sistema Compras.gov.br destina-se à realização de novo certame licitatório para a contratação de  solução de Firewall  , em substituição ao Pregão anterior (Processo nº 23064.034281/2026-01 ), o qual foi regularmente anulado pela Administração devido a um erro material e estritamente operacional verificado na fase de parametrização sistêmica anterior.  ",6700789.33,0.0,2026-09-28 04:00:08,2026-09-28T08:00:00,2026-10-08T09:00:00,https://cnetmobile.estaleiro.serpro.gov.br/comprasnet-web/public/compras/acompanhamento-compra?compra=15301905001022026,https://sei.utfpr.edu.br/sei/modulos/pesquisa/md_pesq_processo_exibir.php?iI3OtHvPArITY997V09rhsSkbDKbaYSycOHqqF2xsM0IaDkkEyJpus7kCPb435VNEAb16AAxmJKUdrsNWVIqQziY7O8vhB2iM0qKYtvMyc7fEPwwYqiFZ4eZPkVWyTRO,Tecnologia da Informação & Serviços Digitais,Cibersegurança & Governança de Dados,firewall,Joinville,130.0,100 a 200 km,[BASE: JOINVILLE | Curitiba/PR (130km)],1,pncp_intelligence/data/briefings_ia/briefing_75101873000190-1-000455_2026.txt,,2026-09
302,03155926000144-1-000140/2026,2026,PE 59,126/2026,03155926000144,MUNICIPIO DE DOURADOS,M,N,MS,Dourados,MUNICIPIO DE DOURADOS,6,Pregão - Eletrônico,Aberto-Fechado,Divulgada no PNCP,0,"Contratação de Licenciamento de Software Antivírus corporativo de proteção integrada de endpoints, com recursos de Endpoint Protection Platform – EPP e Endpoint Detection and Response – EDR, contemplando licenciamento, gerenciamento centralizado, atualizações, suporte técnico e garantia pelo período de 36 (trinta e seis) meses.",,473536.4,0.0,2026-09-28 07:52:07,2026-09-29T09:00:00,2026-10-14T09:00:00,,,Tecnologia da Informação & Serviços Digitais,Licenciamento de Software & SaaS,licenciamento de software,Outro,999.0,Fora do Raio,[FORA DAS BASES],0,pncp_intelligence/data/briefings_ia/briefing_03155926000144-1-000140_2026.txt,,2026-09
303,02262368000153-1-000155/2026,2026,(11229) | 62-0,7547/2026,02262368000153,MUNICIPIO DE ANICUNS,M,N,GO,Anicuns,PREFEITURA MUNICIPAL DE ANICUNS,6,Pregão - Eletrônico,Aberto,Divulgada no PNCP,0,"SOLICITA  A CONTRATAÇÃO DE SERVIÇOS TÉCNICOS ESPECIALIZADOS PARA O FORNECIMENTO DE LICENÇA DE USO TEMPORARIO DE SISTEMA INFORMATIZADO INTEGRADO PARA GESTÃO E CONFORMIDADE FISCAL MUNICIPAL EM NUVEM (SaaS), CONTEMPLANDO INTELIGÊNCIA FISCAL, PAINÉS EXECULTIVOS, VALIDADOR DE DEMONSTRATIVOS, MONITORAMENTO DE ADIMPLÊNCIA E INTELIGÊNCIA ARTIFICIAL SETORIAL, COM ACESSO VIA WEB E POR APLICATIVO MÓVEL ( ANDROID E iOS ), VISANDO ATENDER ÀS NECESSIDADES DA ADMINISTRAÇÃO MUNICIPAL DE ANICUNS",,40016.66,0.0,2026-09-28 08:37:04,2026-09-28T10:00:00,2026-10-19T08:00:00,,,Tecnologia da Informação & Serviços Digitais,Desenvolvimento & Fábrica de Software,"aplicativo móvel, inteligência artificial, saas",Goiânia,250.0,Estado Alvo,[VIABILIDADE: 100% REMOTO] [ESTADO ALVO: GO],0,pncp_intelligence/data/briefings_ia/briefing_02262368000153-1-000155_2026.txt,,2026-09
304,20266755000140-1-000062/2026,2026,39,0009412,20266755000140,DEPARTAMENTO DE AGUA E ESGOTOS DE PATROCINIO,M,E,MG,Patrocínio,ADMINISTRAÇÃO GERAL,6,Pregão - Eletrônico,Aberto,Divulgada no PNCP,1,"REGISTRO DE PRECOS PARA FUTURAS E EVENTUAIS AQUISICOES DE PRODUTOS ALIMENTICIOS DE PADARIA, PARA FORNECIMENTO DE LANCHES AOS SERVIDORES DAS DIVERSAS UNIDADES DO DAEPA.",,147718.6,0.0,2026-09-28 08:41:59,2026-09-28T09:00:00,2026-10-16T09:00:00,https://licitanet.com.br/,,Tecnologia da Informação & Serviços Digitais,Cloud & Infraestrutura de TI,servidores,Campinas/Sul de Minas,250.0,Estado Alvo,[ESTADO ALVO: MG],0,pncp_intelligence/data/briefings_ia/briefing_20266755000140-1-000062_2026.txt,,2026-09
305,46710422000151-1-001305/2026,2026,57/2026,1306/2026,46710422000151,MUNICIPIO DE ITUVERAVA,M,N,SP,Ituverava,Prefeitura Municipal de Ituverava,6,Pregão - Eletrônico,Aberto,Divulgada no PNCP,0,"CONTRATAÇÃO DE INSTITUIÇÃO FINANCEIRA AUTORIZADA PELO BANCO CENTRAL DO BRASIL PARA OPERACIONALIZAÇÃO, EM CARÁTER DE EXCLUSIVIDADE, DA FOLHA DE PAGAMENTO DOS SERVIDORES PÚBLICOS MUNICIPAIS ATIVOS, INATIVOS, PENSIONISTAS, AGENTES POLÍTICOS, ESTAGIÁRIOS, CONTRATADOS E COMISSIONADOS DO MUNICÍPIO DE ITUVERAVA/SP – CONFORME ANEXO I (TERMO DE REFERÊNCIA) DO EDITAL",,4000000.0,0.0,2026-09-28 08:46:13,2026-09-28T09:00:00,2026-10-20T08:00:00,,,Tecnologia da Informação & Serviços Digitais,Cloud & Infraestrutura de TI,servidores,São Paulo/Campinas,250.0,Estado Alvo,[ESTADO ALVO: SP],0,pncp_intelligence/data/briefings_ia/briefing_46710422000151-1-001305_2026.txt,,2026-09
306,00688535000105-1-000010/2026,2026,005,010/2026,00688535000105,CONSORCIO INTERMUNICIPAL DE GESTAO E SAUDE DA MICROREGIAO DO MEDIO MUCURI,N,E,MG,Águas Formosas,Unidade Única,6,Pregão - Eletrônico,Aberto,Divulgada no PNCP,0,"CONTRATAÇÃO DE EMPRESA ESPECIALIZADA EM LICENCIAMENTO DE USO, INSTALAÇÃO, IMPLANTAÇÃO E LOCAÇÃO DE SISTEMAS INFORMATIZADOS E INTEGRADOS DE TECNOLOGIA DA INFORMAÇÃO, EM AMBIENTE DE COMPUTAÇÃO EM NUVEM (DATA CENTER), VOLTADOS À GESTÃO PÚBLICA, PARA ATENDER ÀS DEMANDAS DO CONSÓRCIO INTERMUNICIPAL DE GESTÃO E SAÚDE DA MICRORREGIÃO DO MÉDIO MUCURI - CISMEM",,67107.57,0.0,2026-09-28 09:21:30,2026-09-28T10:00:00,2026-10-08T08:53:00,https://app2.licitardigital.com.br/pesquisa/114805,,Tecnologia da Informação & Serviços Digitais,Cloud & Infraestrutura de TI,"computação em nuvem, data center",Campinas/Sul de Minas,250.0,Estado Alvo,[VIABILIDADE: 100% REMOTO] [ESTADO ALVO: MG],0,pncp_intelligence/data/briefings_ia/briefing_00688535000105-1-000010_2026.txt,,2026-09
307,46522975000180-1-000087/2026,2026,52,136325/2026,46522975000180,MUNICIPIO DE RIO GRANDE DA SERRA,M,N,SP,Rio Grande da Serra,Municipio De Rio Grande Da Serra,6,Pregão - Eletrônico,Aberto,Divulgada no PNCP,0,"Contratação de empresa especializada para o fornecimento de solução de sistemas de gestão pública municipal, na modalidade Software como Serviço (SaaS), incluindo licenciamento, hospedagem em nuvem, implantação, migração de dados, treinamentos, manutenção, suporte técnico e atualizações legais e tecnológicas.","A presente contratação é necessária para promover a modernização administrativa e tecnológica da Administração Pública Municipal, assegurando a continuidade dos serviços públicos essenciais por meio de utilização de solução integrada de gestão pública municipal.",2350798.64,0.0,2026-09-28 10:20:03,2026-09-28T09:00:00,2026-10-13T10:00:00,,,Tecnologia da Informação & Serviços Digitais,Licenciamento de Software & SaaS,"software como serviço, saas",São Paulo/Campinas,250.0,Estado Alvo,[VIABILIDADE: 100% REMOTO] [ESTADO ALVO: SP],0,pncp_intelligence/data/briefings_ia/briefing_46522975000180-1-000087_2026.txt,,2026-09
308,94726320000177-1-000133/2026,2026,0039,107/2026,94726320000177,MUNICIPIO DE TIRADENTES DO SUL,M,N,RS,Tiradentes do Sul,MUNICÍPIO DE TIRADENTES DO SUL,6,Pregão - Eletrônico,Aberto,Divulgada no PNCP,1,"Camisetas personalizadas para o Programa Educacional de Resistência às Drogas e à Violência – PROERD, bem como jalecos, toucas descartáveis e coletes personalizados destinados aos servidores da Secretaria Municipal de Educação e da Secretaria Municipal de Saúde",,25548.21,0.0,2026-09-28 10:20:51,2026-09-25T13:00:00,2026-10-08T08:56:00,https://pregaobanrisul.com.br/editais/0039_2026/357343,,Tecnologia da Informação & Serviços Digitais,Cloud & Infraestrutura de TI,servidores,Outro,999.0,Fora do Raio,[FORA DAS BASES],0,pncp_intelligence/data/briefings_ia/briefing_94726320000177-1-000133_2026.txt,,2026-09
309,34639526000138-1-000032/2026,2026,1,20260001463,34639526000138,DEFENSORIA PUBLICA DO ESTADO DO PARA,E,E,PA,Belém,EPA - DEFENSORIA PÚBLICA DO PARÁ,6,Pregão - Eletrônico,Aberto,Suspensa,1,"Registro de Preços para eventual contratação de plataforma híbrida de atendimento
através do canal de comunicação WhatsApp e Web, na modalidade SaaS (Software Como Serviço,
compreendendo serviços de instalação, configuração, testes, serviços de manutenção corretiva,
envolvendo integração via API ou WebService de envio de mensagens com os sistemas legados, serviço de
automação de fluxos por agentes virtuais, serviço de atendimento via chatbots com Inteligência Artificial
(IA) Generativa, acompanhados de automação de atendimentos, integração e suporte a ferramenta de
service desk GLPI (Gestionnaire Libre de Parc Informatique – Gestão Livre de Parque de Informática) já
implantada nesta Defensoria Pública e serviço sob demanda para customização da solução, destinados a
Central de Atendimento aos cidadãos que buscam a Defensoria Pública do Estado do Pará - DPE.","1.2.	A licitação será realizada em grupo único, formados por 12 itens, conforme tabela constante no Termo de Referência, devendo o licitante oferecer proposta para todos os itens que o compõem.",12397966.5,0.0,2026-09-28 10:24:18,2026-09-29T09:00:00,2026-10-14T10:00:00,https://cnetmobile.estaleiro.serpro.gov.br/comprasnet-web/public/compras/acompanhamento-compra?compra=92598905000012026,https://sei.defensoria.pa.def.br/sei/controlador.php?acao=procedimento_trabalhar&id_procedimento=5619,Tecnologia da Informação & Serviços Digitais,"Dados, IA & Business Intelligence","inteligência artificial, software como serviço, saas, service desk",Remoto,999.0,Fora do Raio,[VIABILIDADE: 100% REMOTO],0,pncp_intelligence/data/briefings_ia/briefing_34639526000138-1-000032_2026.txt,,2026-09
310,18303156000107-1-000261/2026,2026,PL-278,PL-278/2026 - 14 - 36,18303156000107,MUNICIPIO DE CONCEICAO DO MATO DENTRO,M,N,MG,Conceição do Mato Dentro,PODER EXECUTIVO MUNICIPAL,6,Pregão - Eletrônico,Aberto,Divulgada no PNCP,1,"Registro de preços para futura e aquisição de brindes destinados aos servidores do Poder Executivo do Municipio de Conceicao do Mato Dentro/MG, em comemoracao ao Dia do Servidor Publico e as festividades natalinas e de fim de ano, visando a atender as necessidades da Secretaria Municipal de Administracao e Recursos Humanos.",,1435443.45,0.0,2026-09-28 10:28:06,2026-09-28T09:00:00,2026-10-09T09:00:00,,,Tecnologia da Informação & Serviços Digitais,Cloud & Infraestrutura de TI,servidores,Campinas/Sul de Minas,250.0,Estado Alvo,[ESTADO ALVO: MG],0,pncp_intelligence/data/briefings_ia/briefing_18303156000107-1-000261_2026.txt,,2026-09
311,08241788000130-1-000109/2026,2026,210,00310003.001204/2025-91,08241788000130,RIO GRANDE DO NORTE SECRETARIA DA ADMINISTRACAO,E,E,RN,Natal,ERN - SECRETARIA DE ESTADO DA ADMINISTRAÇÃO,6,Pregão - Eletrônico,Aberto,Divulgada no PNCP,0,"ONTRATAÇÃO DE EMPRESA ESPECIALIZADA PARA FORNECIMENTO DE RENOVAÇÃO DE SUPORTE TÉCNICO PARA 02 EQUIPAMENTOS DE ARMAZENAMENTO DE DADOS STORAGES (HUAWEI OCEANSTOR DORADO), COM OS SEGUINTES SERIAIS SN: 2102353AUKTLL9000004 E 2102353AUKTLL9000003",,1359538.0,0.0,2026-09-28 10:42:48,2026-09-29T08:00:00,2026-10-16T10:00:00,https://cnetmobile.estaleiro.serpro.gov.br/comprasnet-web/public/compras/acompanhamento-compra?compra=92553805002102026,https://sei.rn.gov.br/sei/controlador.php?acao=procedimento_trabalhar&acao_origem=procedimento_controlar&acao_retorno=procedimento_controlar&id_procedimento=41243681&infra_sistema=100000100&infra_unidade_atual=110000023&infra_hash=7986ed7246ec27e6c0994c0352b52a59a7e89797c8f5acfe568970de7e5a2aa9,Tecnologia da Informação & Serviços Digitais,Cloud & Infraestrutura de TI,armazenamento de dados,Natal,0.0,0 km (Base Central),[BASE DIRETA: NATAL/RN],1,pncp_intelligence/data/briefings_ia/briefing_08241788000130-1-000109_2026.txt,,2026-09
312,27165638000139-1-000293/2026,2026,000186,004782/2026,27165638000139,MUNICIPIO DE CASTELO,M,N,ES,Castelo,PREFEITURA MUNICIPAL DE CASTELO,6,Pregão - Eletrônico,Aberto,Divulgada no PNCP,1,ATA DE REGISTRO DE PREÇOS:Aquisição de produtos para serem servido no café da manhã e da tarde aos servidores braçais que exercem suas atividades na SEMIURB na realização  da limpeza em vias públicas do municipio ,ATA DE REGISTRO DE PREÇOS:Aquisição de produtos para serem servido no café da manhã e da tarde aos servidores braçais que exercem suas atividades na SEMIURB na realização  da limpeza em vias públicas do municipio,488731.0,0.0,2026-09-28 10:48:42,2026-10-09T10:00:00,2026-10-09T10:00:00,,,Tecnologia da Informação & Serviços Digitais,Cloud & Infraestrutura de TI,servidores,Outro,999.0,Fora do Raio,[FORA DAS BASES],0,pncp_intelligence/data/briefings_ia/briefing_27165638000139-1-000293_2026.txt,,2026-09
313,76208834000159-1-000368/2026,2026,42,271/2026,76208834000159,MUNICIPIO DE CAPITAO LEONIDAS MARQUES,M,N,PR,Capitão Leônidas Marques,PREFEITURA MUN.DE CAPITÃO LEÔNIDAS MARQUES/PR,6,Pregão - Eletrônico,Aberto,Divulgada no PNCP,0,"A presente licitação tem por objeto a aquisição de camisetas personalizadas, confeccionadas em tecido dry fit, destinadas à utilização pelos servidores efetivos, estagiários e profissionais credenciados que atuarão nas campanhas, eventos, projetos e demais ações promovidas pela Secretaria Municipal de Assistência Social e Cidadania, visando à identificação, organização e padronização das equipes durante a realização das atividades institucionais, em atendimento a solicitação nº 305/2026 e conforme condições e especificações constantes no Termo de Referência/Anexo I.","Em caso de discordância existente entre as especificações deste objeto descrito no Compras Governamentais e as especificações constantes deste Edital, prevalecerão as constantes no TERMO DE REFERÊNCIA do Edital.",11088.0,0.0,2026-09-28 10:57:53,2026-09-29T08:00:00,2026-10-21T08:15:00,https://cnetmobile.estaleiro.serpro.gov.br/comprasnet-web/public/compras/acompanhamento-compra?compra=98748905000422026,https://transparencia.betha.cloud/#/9JCGb59gmZKaC3wzdXmbRw==/consulta/187252/detalhe/436:782:2026_271_782,Tecnologia da Informação & Serviços Digitais,Cloud & Infraestrutura de TI,servidores,Joinville/Curitiba,250.0,Estado Alvo,[ESTADO ALVO: PR],0,pncp_intelligence/data/briefings_ia/briefing_76208834000159-1-000368_2026.txt,,2026-09
314,51301471000170-1-000011/2026,2026,04/2026R,133/2026R,51301471000170,CAMARA MUNICIPAL DE AMPARO,M,L,SP,Amparo,CAMARA MUNICIPAL DE AMPARO,6,Pregão - Eletrônico,Aberto-Fechado,Divulgada no PNCP,0,"Constitui objeto da presente contratação a prestação de serviços continuados de assistência suplementar à saúde, mediante contratação de operadora de plano privado de assistência à saúde, na modalidade de plano coletivo empresarial, devidamente registrada e ativa junto à Agência Nacional de Saúde Suplementar – ANS, para prestação de assistência médica, hospitalar, ambulatorial e obstétrica aos servidores da Câmara Municipal de Amparo. ",,303269.76,0.0,2026-09-28 11:18:51,2026-09-29T08:00:00,2026-10-16T08:00:00,https://bllcompras.com/Process/ProcessView?param1=[gkz]fK6rbKdZYOk7agCst/ms8EPsdfPfxfKuezdv/DiogUyDqolBrhJJ29grS1E3GKMZMSWEedTKcGdwgUrs/v6zlzpxIWEKTYvhOTvGfumfs_c=,,Tecnologia da Informação & Serviços Digitais,Cloud & Infraestrutura de TI,servidores,São Paulo/Campinas,250.0,Estado Alvo,[ESTADO ALVO: SP],0,pncp_intelligence/data/briefings_ia/briefing_51301471000170-1-000011_2026.txt,,2026-09
315,01614374000160-1-000134/2026,2026,PCE 28,87/2026,01614374000160,MUNICIPIO DE ALTO BELA VISTA,M,N,SC,Alto Bela Vista,Secretaria de Administração,6,Pregão - Eletrônico,Aberto-Fechado,Divulgada no PNCP,0,Contratação de empresa para gestão e fornecimento de cartões de auxílio-alimentação e cesta de alimentos para os servidores de Alto Bela Vista/SC.,,1593600.0,0.0,2026-09-28 11:21:26,2026-09-29T08:00:00,2026-10-14T08:30:00,,,Tecnologia da Informação & Serviços Digitais,Cloud & Infraestrutura de TI,servidores,Joinville,250.0,Estado Alvo,[ESTADO ALVO: SC],0,pncp_intelligence/data/briefings_ia/briefing_01614374000160-1-000134_2026.txt,,2026-09
316,87334918000155-1-000246/2026,2026,40,40/2026,87334918000155,MUNICIPIO DE VENANCIO AIRES,M,N,RS,Venâncio Aires,PM VENANACIO AIRES,6,Pregão - Eletrônico,Aberto,Divulgada no PNCP,0,"Contratação de empresa especializada para o fornecimento de solução informatizada, disponibilizada em modelo SaaS (Software as a Service), mediante licenciamento temporário do direito de uso, destinada à gestão do Serviço de Inspeção Municipal – SIM.",,18461.52,0.0,2026-09-28 11:29:02,2026-08-19T14:06:00,2026-10-15T08:59:00,,,Tecnologia da Informação & Serviços Digitais,Licenciamento de Software & SaaS,saas,Remoto,999.0,Fora do Raio,[VIABILIDADE: 100% REMOTO],0,pncp_intelligence/data/briefings_ia/briefing_87334918000155-1-000246_2026.txt,,2026-09
317,05483912000185-1-000074/2026,2026,11,19.13.0046.0027265/2026-57,05483912000185,ESTADO DO MARANHAO - PROCURADORIA GERAL DA JUSTICA,E,J,MA,São Luís,PROCURADORIA GERAL DE JUSTIÇA DO MARANHÃO,6,Pregão - Eletrônico,Aberto-Fechado,Divulgada no PNCP,0,"Registro de preços para a aquisição de renovação de licenças Kaspersky Endpoint Security ADVANCED Brazilian Edition com upgrade para KASPERSKY NEXT EDR OPTIMUM, para fins de proteção da rede lógica, equipamentos de TI e informações, por um período de atualização, suporte e assistência técnica de 36 (trinta e seis) meses, conforme condições, quantidades e exigências estabelecidas no Edital e seus anexos.",,1228750.0,0.0,2026-09-28 11:42:39,2026-09-29T08:00:00,2026-10-14T09:59:00,https://cnetmobile.estaleiro.serpro.gov.br/comprasnet-web/public/compras/acompanhamento-compra?compra=92512905000112026,,Tecnologia da Informação & Serviços Digitais,Cibersegurança & Governança de Dados,edr,Outro,999.0,Fora do Raio,[FORA DAS BASES],0,pncp_intelligence/data/briefings_ia/briefing_05483912000185-1-000074_2026.txt,,2026-09
318,34639526000138-1-000033/2026,2026,90014,2026/0001463,34639526000138,DEFENSORIA PUBLICA DO ESTADO DO PARA,E,E,PA,Belém,DP,6,Pregão - Eletrônico,Aberto,Divulgada no PNCP,1,"Registro de Preços para eventual contratação de plataforma híbrida de atendimento através do canal de comunicação WhatsApp e Web, na modalidade SaaS (Software Como Serviço, compreendendo serviços de instalação, configuração, testes, serviços de manutenção corretiva, envolvendo integração via API ou WebService de envio de mensagens com os sistemas legados, serviço de automação de fluxos por agentes virtuais, serviço de atendimento via chatbots com Inteligência Artificial (IA) Generativa, acompanhados de automação de atendimentos, integração e suporte a ferramenta de service desk GLPI (Gestionnaire Libre de Parc Informatique – Gestão Livre de Parque de Informática) já implantada nesta Defensoria Pública e serviço sob demanda para customização da solução, destinados a Central de Atendimento aos cidadãos que buscam a Defensoria Pública do Estado do Pará - DPE.",,12397966.5,0.0,2026-09-28 12:01:20,2026-09-29T09:00:00,2026-10-14T10:00:00,,,Tecnologia da Informação & Serviços Digitais,"Dados, IA & Business Intelligence","inteligência artificial, software como serviço, saas, service desk",Remoto,999.0,Fora do Raio,[VIABILIDADE: 100% REMOTO],0,pncp_intelligence/data/briefings_ia/briefing_34639526000138-1-000033_2026.txt,,2026-09
319,21512443000131-1-000041/2026,2026,40,55/2026,21512443000131,CONSORCIO INTERMUNICIPAL MULTIFINALITARIO DA MICRORREGIAO DO ALTO SAPUCAI - CIMASP,N,E,MG,Itajubá,Unidade Única,6,Pregão - Eletrônico,Aberto-Fechado,Divulgada no PNCP,1,"LICITAÇÃO COMPARTILHADA – EDITAL DE REGISTRO DE PREÇOS PARA EVENTUAL E FUTURA CONTRATAÇÃO DE EMPRESA ESPECIALIZADA PARA PRESTAÇÃO DE SERVIÇOS DE PROMOÇÃO, ORGANIZAÇÃO, ASSESSORIA TÉCNICA, COORDENAÇÃO E EXECUÇÃO DE AÇÕES, PROJETOS E EVENTOS, ABRANGENDO SOLENIDADES, CONGRESSOS, CONFERÊNCIAS, SEMINÁRIOS, ENCONTROS, PALESTRAS, EXPOSIÇÕES, INAUGURAÇÕES, WORKSHOPS, CURSOS, TREINAMENTOS EM GERAL E DEMAIS EVENTOS INSTITUCIONAIS, COM FORNECIMENTO DE INSUMOS, ESTRUTURAS, EQUIPAMENTOS, MATERIAIS, MÃO DE OBRA E APOIO OPERACIONAL, PARA ATENDER OS MUNICÍPIOS QUE COMPÕE O CONSÓRCIO INTERMUNICIPAL MULTIFINALITÁRIO DA MICRORREGIÃO DO ALTO DO SAPUCAÍ – CIMASP.",,98602117.8,0.0,2026-09-28 12:04:55,2026-09-28T13:00:00,2026-10-13T09:00:00,https://app2.ammlicita.org.br/pesquisa/114779,,"Consultoria, Treinamento & Serviços Especializados",Consultoria & Assessoria Técnica,assessoria técnica,Campinas,180.0,100 a 200 km,[BASE: CAMPINAS | Itajubá/MG (180km)],1,pncp_intelligence/data/briefings_ia/briefing_21512443000131-1-000041_2026.txt,,2026-09
320,13128780004431-1-000093/2026,2026,74,PE0074/2026,13128780004431,MUNICIPIO DE ARACAJU,M,E,SE,Aracaju,"SEPLOG-Secretaria Municipal do Planejamento, Orçamento e Gestão de Aracaju-SE",6,Pregão - Eletrônico,Aberto,Divulgada no PNCP,1,"CONTRATAÇÃO DE EMPRESA ESPECIALIZADA EM APLICAÇÃO E ACOMPANHAMENTO PEDAGÓGICO ATRAVÉS DE ARTICULADORES TECNOLÓGICOS COM FORNECIMENTO, IMPLANTAÇÃO, CUSTOMIZAÇÃO E SUPORTE TÉCNICO DE SISTEMA INTELIGENTE DE APOIO À EDUCAÇÃO, CONFORME CONDIÇÕES, QUANTIDADES E EXIGÊNCIAS ESTABELECIDAS NESTE INSTRUMENTO, SOB A FORMA DE REGISTRO DE PREÇOS.","A EVOLUÇÃO TECNOLÓGICA TEM TRANSFORMADO SIGNIFICATIVAMENTE O CENÁRIO EDUCACIONAL GLOBAL, EXIGINDO DAS REDES PÚBLICAS DE ENSINO A ADOÇÃO DE FERRAMENTAS DIGITAIS QUE POTENCIALIZAM O PROCESSO DE ENSINO-APRENDIZAGEM.
A INTELIGÊNCIA ARTIFICIAL APLICADA À EDUCAÇÃO REPRESENTA UMA OPORTUNIDADE ÚNICA PARA O MUNICÍPIO DE ARACAJU, PERMITINDO PROMOVER AVANÇOS NOS PROCESSOS DE APRENDIZAGEM, PERSONALIZAR TRAJETÓRIAS DE APRENDIZAGEM, IDENTIFICAR FRAGILIDADES PEDAGÓGICAS DE FORMA PRECOCE, DESENVOLVER COMPETÊNCIAS PEDAGÓGICAS DE PROFESSORES PARA O USO DE TECNOLOGIAS, E OFERECER À GESTÃO EDUCACIONAL INFORMAÇÕES ROBUSTAS E ASSERTIVAS PARA TOMADA DE DECISÕES.
NESSE MESMO CONTEXTO, TORNA-SE EVIDENTE A DIFICULDADE QUE MUITAS ESCOLAS ENFRENTAM PARA MANTER UMA COMUNICAÇÃO EFETIVA E CONSTANTE COM AS FAMÍLIAS, ESPECIALMENTE NO QUE DIZ RESPEITO AO ACOMPANHAMENTO DA VIDA ESCOLAR DOS ESTUDANTES. EM DIVERSOS CONTEXTOS, OBSERVA-SE QUE PAIS E RESPONSÁVEIS TÊM POUCO ACESSO ÀS INFORMAÇÕES SOBRE O DESEMPENHO, ATIVIDADES E NECESSIDADES DOS FILHOS, O QUE ENFRAQUECE A PARCERIA FAMÍLIA-ESCOLA. COM ESSE VIÉS, MOSTRA-SE NECESSÁRIA UMA SOLUÇÃO QUE AMPLIE O ALCANCE DAS INFORMAÇÕES, APROXIME AS FAMÍLIAS DA REALIDADE ESCOLAR, FORTALEÇA A CORRESPONSABILIDADE NO PROCESSO EDUCACIONAL E PROMOVA MAIOR ENGAJAMENTO DA COMUNIDADE COM A APRENDIZAGEM DOS ESTUDANTES.
NO CENÁRIO ATUAL, É PRECISO CONSIDERAR O DESAFIO DA FORMAÇÃO DOCENTE. MUITOS PROFESSORES AINDA APRESENTAM BAIXA FLUÊNCIA NO USO DE TECNOLOGIAS DIGITAIS, TANTO DE CARÁTER GERAL QUANTO ESPECIFICAMENTE EDUCACIONAL, O QUE LIMITA O POTENCIAL DE INOVAÇÃO PEDAGÓGICA E A INTEGRAÇÃO EFETIVA DAS FERRAMENTAS TECNOLÓGICAS À PRÁTICA EM SALA DE AULA. ESSA REALIDADE EVIDENCIA A NECESSIDADE DE INVESTIMENTOS CONSISTENTES EM FORMAÇÃO INICIAL E CONTINUADA, BEM COMO DE ACOMPANHAMENTO SISTEMÁTICO, PARA QUE OS DOCENTES DESENVOLVAM COMPETÊNCIAS DIGITAIS E PEDAGÓGICAS QUE OS CAPACITEM A RESPONDER ÀS DEMANDAS EDUCACIONAIS CONTEMPORÂNEAS.
O MUNICÍPIO DE ARACAJU, COMPROMETIDO COM A EXCELÊNCIA EDUCACIONAL, RECONHECE A NECESSIDADE DE ACOMPANHAR AS MUDANÇAS TECNOLÓGICAS QUE VÊM ACONTECENDO MUNDIALMENTE NOS SEUS PROCESSOS EDUCACIONAIS ATRAVÉS DA IMPLEMENTAÇÃO DE RECURSOS DE TECNOLOGIA, POR MEIO DE UM PROJETO EDUCACIONAL QUE ATENDA TANTO ÀS DEMANDAS DOS ESTUDANTES QUANTO DOS PROFISSIONAIS DA EDUCAÇÃO.
QUANTO A NECESSIDADE DE HAVER MEIOS DE SUPORTE, ACESSIBILIDADE E INTEGRAÇÃO COM SERVIÇOS DE MENSAGERIA INSTANTÂNEA DE AMPLO USO POR PARTE DA COMUNIDADE ESCOLAR (DIRETORES, COORDENADORES, PROFESSORES, ESTUDANTES, SERVIDORES ADMINISTRATIVOS, PAIS E RESPONSÁVEIS) A IDENTIFICAÇÃO DA PLATAFORMA WHATSAPP TORNA-SE FUNDAMENTAL PARA VIABILIZAR O USO CONCRETO DE UMA APLICAÇÃO DE FATO UTILIZADA PELA POPULAÇÃO. O QUE VALE RESSALTAR QUE A SEMED JÁ SE ENCONTRA EM MEIO DE DIVERSOS PROCESSOS, COMO A MATRÍCULA ONLINE E IMPLANTAÇÃO DO PORTAL DA EDUCAÇÃO, QUE A EFETIVIDADE DO SUPORTE E APOIO SÓ SE CONCRETIZOU MEDIANTE AO USO DA REFERIDA PLATAFORMA.",22302310.0,0.0,2026-09-28 12:35:05,2026-09-28T15:00:00,2026-10-16T09:00:00,https://aracajucompras.se.gov.br/publico/WKF.aspx?code=SEPLOG-PE0074/2026&validation=55967,,Tecnologia da Informação & Serviços Digitais,Cloud & Infraestrutura de TI,"servidores, inteligência artificial",Outro,999.0,Fora do Raio,[FORA DAS BASES],0,pncp_intelligence/data/briefings_ia/briefing_13128780004431-1-000093_2026.txt,,2026-09
321,13120613000104-1-000038/2026,2026,24,24/2026,13120613000104,MUNICIPIO DE LARANJEIRAS,M,N,SE,Laranjeiras,PREFEITURA  MUNICIPIO DE LARANJEIRAS,6,Pregão - Eletrônico,Aberto,Divulgada no PNCP,0,"Contratação de pessoa jurídica especializada em prestação de serviços técnicos, implantação e operacionalização de Sistema de informática na gestão do ISSQN, com licença de uso de Software, através da disponibilização da Nota Fiscal de Serviço Eletrônica, Controle dos Serviços Tomados, Declaração Eletrônica de Serviços Financeiros e fornecimento de Data Center, conforme este Termo de Referência.",,230997.5,0.0,2026-09-28 12:35:32,2026-10-15T00:00:00,2026-10-15T09:00:00,,,Tecnologia da Informação & Serviços Digitais,Cloud & Infraestrutura de TI,data center,Outro,999.0,Fora do Raio,[FORA DAS BASES],0,pncp_intelligence/data/briefings_ia/briefing_13120613000104-1-000038_2026.txt,,2026-09
322,19770288000101-1-000066/2026,2026,035,065/2026,19770288000101,MUNICIPIO DE ALVARENGA,M,N,MG,Alvarenga,Unidade Única,6,Pregão - Eletrônico,Aberto,Divulgada no PNCP,0,AQUISIÇÃO DE EQUIPAMENTO DE PROTEÇÃO INDIVIDUAL PARA USO DOS SERVIDORES DO MUNICÍPIO DE ALVARENGA MG.,,302325.45,0.0,2026-09-28 14:42:10,2026-09-28T14:40:00,2026-10-09T09:00:00,https://app2.licitardigital.com.br/pesquisa/114496,,Tecnologia da Informação & Serviços Digitais,Cloud & Infraestrutura de TI,servidores,Campinas/Sul de Minas,250.0,Estado Alvo,[ESTADO ALVO: MG],0,pncp_intelligence/data/briefings_ia/briefing_19770288000101-1-000066_2026.txt,,2026-09
323,45176005000108-1-000536/2026,2026,192/2026-Edital-I,21280/2026,45176005000108,MUNICIPIO DE TAUBATE,M,N,SP,Taubaté,Prefeitura Municipal de Taubaté,6,Pregão - Eletrônico,Aberto,Divulgada no PNCP,0,"Contratação de empresa especializada em prestação de serviços de treinamento e capacitação em Língua Brasileira de Sinais (Libras), bem como nas Normas Regulamentadoras NR-10 (Segurança em Instalações e Serviços em Eletricidade) e NR-35 (Trabalho em Altura), a serem desenvolvidos nas Escolas Municipais do Trabalho.",,20493.2,0.0,2026-09-28 14:42:45,2026-09-29T08:30:00,2026-10-20T08:29:00,,,"Consultoria, Treinamento & Serviços Especializados",Treinamento & Desenvolvimento Humano,treinamento e capacitação,São Paulo,130.0,100 a 200 km,[BASE: SÃO PAULO | Taubaté/SP (130km)],1,pncp_intelligence/data/briefings_ia/briefing_45176005000108-1-000536_2026.txt,,2026-09
324,76290709000130-1-000286/2026,2026,99,99/2026,76290709000130,MUNICIPIO DE ASSAI,M,N,PR,Assaí,PREFEITURA MUNICIPAL DE ASSAI - SEDE,6,Pregão - Eletrônico,Aberto,Divulgada no PNCP,0,"O objeto da presente licitação é a escolha da proposta mais vantajosa para a AQUISIÇÃO DE EQUIPAMENTOS DE TECNOLOGIA DA INFORMAÇÃO, INCLUINDO ESTAÇÕES DE TRABALHO COMPLETAS, COMPUTADORES PORTÁTEIS, GABINETE MÓVEL DE RECARGA E INFRAESTRUTURA DE REDE SEM FIO, DESTINADOS À IMPLANTAÇÃO, ESTRUTURAÇÃO E AO PLENO FUNCIONAMENTO DO CENTRO DE FORMAÇÃO EM INTELIGÊNCIA ARTIFICIAL DO MUNICÍPIO, conforme condições, quantidades e exigências estabelecidas neste Edital e seus anexos.",,494329.39,0.0,2026-09-28 14:42:59,2026-09-29T08:00:00,2026-10-13T09:30:00,https://bllcompras.com/Process/ProcessView?param1=[gkz]T_84WO3TXvq9wgerwKF/HsMbPp5M0RAxEKGH1GyoKtg/KVJv96XesrUfVqtjcWqT5/JlFOFL7d1MmJTYBPrhU6WKijIP9y6ty9MipkEZ9u4=,,Tecnologia da Informação & Serviços Digitais,"Dados, IA & Business Intelligence",inteligência artificial,Joinville/Curitiba,250.0,Estado Alvo,[ESTADO ALVO: PR],0,pncp_intelligence/data/briefings_ia/briefing_76290709000130-1-000286_2026.txt,,2026-09
325,43672880000155-1-000105/2026,2026,38,PC 000083/2026,43672880000155,SERVICO AUTONOMO DE AGUA E ESGOTOS E RESIDUOS SOLIDOS DE APARECIDA,M,E,SP,Aparecida,GERAL,6,Pregão - Eletrônico,Aberto,Divulgada no PNCP,0,"CONTRATAÇÃO DE INSTITUIÇÃO FINANCEIRA AUTORIZADA PELO BANCO CENTRAL DO BRASIL PARA PRESTAÇÃO DE SERVIÇOS DE PROCESSAMENTO E GERENCIAMENTO DOS CRÉDITOS PROVENIENTES DA FOLHA DE PAGAMENTO DOS SERVIDORES ATIVOS, INATIVOS E PENSIONISTAS DO SAAE DE APARECIDA-SP, COM OFERTA E GESTÃO DE CONTA-SALÁRIO, MANUTENÇÃO DE AGÊNCIA BANCÁRIA PRÓPRIA OU POSTO DE ATENDIMENTO (PAB) NO MUNICÍPIO E DISPONIBILIZAÇÃO DE CANAIS DE ATENDIMENTO, MEDIANTE PAGAMENTO DE CONTRAPARTIDA/OUTORGA AO SAAE",,1.0,0.0,2026-09-28 14:44:46,2026-09-29T08:30:00,2026-10-14T08:30:00,,,Tecnologia da Informação & Serviços Digitais,Cloud & Infraestrutura de TI,servidores,São Paulo/Campinas,250.0,Estado Alvo,[ESTADO ALVO: SP],0,pncp_intelligence/data/briefings_ia/briefing_43672880000155-1-000105_2026.txt,,2026-09
326,65712002000159-1-000031/2026,2026,18,52/2026,65712002000159,MUNICIPIO DE ASPASIA,M,N,SP,Aspásia,PREFEITURA MUNICIPAL DE ASPÁSIA - SP,6,Pregão - Eletrônico,Aberto,Divulgada no PNCP,0,Contratação de empresa para fornecimento de uniformes escolares e uniformes para servidores do Departamento de Educação do Município de Aspásia-SP.,,51767.68,0.0,2026-09-28 14:48:20,2026-10-01T08:00:00,2026-10-16T08:00:00,https://bllcompras.com/Process/ProcessView?param1=[gkz]FTjR8MaJpaFN5awCXHNmCibrmfSdXFWsIXbj54QL3UoOtAtNQH6Xi/Baj07RqsunZqnk5_xOOIPg0exYi4GYubZce3U7TWU6glB8FXwPlK4=,,Tecnologia da Informação & Serviços Digitais,Cloud & Infraestrutura de TI,servidores,São Paulo/Campinas,250.0,Estado Alvo,[ESTADO ALVO: SP],0,pncp_intelligence/data/briefings_ia/briefing_65712002000159-1-000031_2026.txt,,2026-09
327,01576786000152-1-000004/2026,2026,1,1,01576786000152,CAMARA MUNICIPAL DE IACANGA,M,L,SP,Iacanga,CAMARA MUNICIPAL DE IACANGA,6,Pregão - Eletrônico,Aberto,Divulgada no PNCP,0,"Contratação de empresa especializada em Prestação de Serviços de Assistência à Saúde com registro na ANS – Agência Nacional de Saúde Suplementar aos servidores públicos municipais, da Câmara Municipal de Iacanga que desejarem aderir ao plano de saúde, bem como aos seus beneficiários dependentes e Vereadores e seus dependentes, Conforme especificações técnicas constantes no Termo de Referência e seus anexos.",,122394.2,0.0,2026-09-28 14:55:22,2026-09-28T00:00:00,2026-10-14T08:00:00,https://www.iacanga.sp.leg.br/anosDocumentos?tiposBusca=50&subTipos%5B%5D=86,,Tecnologia da Informação & Serviços Digitais,Cloud & Infraestrutura de TI,servidores,São Paulo/Campinas,250.0,Estado Alvo,[ESTADO ALVO: SP],0,pncp_intelligence/data/briefings_ia/briefing_01576786000152-1-000004_2026.txt,,2026-09
328,46374500000194-1-008032/2026,2026,380,024.00128625/2026,46374500000194,SECRETARIA DE ESTADO DA SAUDE,E,E,SP,Casa Branca,ESP-CTO. REABILITACAO DE CASA BRANCA,6,Pregão - Eletrônico,Aberto,Divulgada no PNCP,0,PRESTAÇÃO DE SERVIÇOS DE EMPRESA ESPECIALIZADA EM MINISTRAR CURSO DE CAPACITAÇÃO EM ÉTICA E POSTURA,,0.0,0.0,2026-09-28 14:59:33,2026-09-29T08:00:00,2026-10-14T09:00:00,https://cnetmobile.estaleiro.serpro.gov.br/comprasnet-web/public/compras/acompanhamento-compra?compra=09014605003802026,https://sei.sp.gov.br/sei/controlador.php?acao=procedimento_trabalhar&acao_origem=procedimento_controlar&acao_retorno=procedimento_controlar&id_procedimento=141910527&infra_sistema=100000100&infra_unidade_atual=110014652&infra_hash=acfd160f535948931f9ce2b80c4c3a25c88d398a77d13780e51e7d85fe03931d,"Consultoria, Treinamento & Serviços Especializados",Treinamento & Desenvolvimento Humano,curso de capacitação,São Paulo/Campinas,250.0,Estado Alvo,[ESTADO ALVO: SP],0,pncp_intelligence/data/briefings_ia/briefing_46374500000194-1-008032_2026.txt,,2026-09
329,45339363000194-1-000288/2026,2026,70,70/2026,45339363000194,MUNICIPIO DE PORTO FERREIRA,M,N,SP,Porto Ferreira,PREFEITURA MUNICIPAL DE PORTO FERREIRA - SP,6,Pregão - Eletrônico,Aberto-Fechado,Divulgada no PNCP,1,"Futura e eventual prestação de serviços de manutenção preventiva e corretiva, em veículos da linha PESADA multimarcas com fornecimento de peças e acessórios originais ou genuínos, e acesso as tabelas de preços das montadoras/fabricantes, sistema AUDATEX e TEMPÁRIO, para utilização nos veículos pertencentes a frota oficial do Município e sua possível ampliação.","A necessidade de ofertar manutenção preventiva e corretiva aos veículos da frota municipal, incluindo-se todos os serviços de mecânica e elétrica em geral e outros de natureza afim, visando manter os veículos em bom estado de conservação e perfeito funcionamento, evitando a interrupção dos serviços oferecidos a população. O Município conta com vários veículos automotores, de diversas marcas, modelos, e ano de fabricação; e não dispõe em seu quadro de servidores, mão de obra, local e equipamentos apropriados para atender tal demanda.",70.0,0.0,2026-09-28 15:14:35,2026-09-29T08:00:00,2026-10-13T08:00:00,,,Tecnologia da Informação & Serviços Digitais,Cloud & Infraestrutura de TI,servidores,São Paulo/Campinas,250.0,Estado Alvo,[ESTADO ALVO: SP],0,pncp_intelligence/data/briefings_ia/briefing_45339363000194-1-000288_2026.txt,,2026-09
330,58200015000183-1-000483/2026,2026,13036,21291/2026-82,58200015000183,MUNICIPIO DE SANTOS,M,N,SP,Santos,Prefeitura Municipal de Santos,6,Pregão - Eletrônico,Aberto-Fechado,Divulgada no PNCP,0,"Contratação de empresa para prestação de serviços de manutenção preventiva e corretiva da infraestrutura do datacenter do município de Santos, composta pelos sistemas de climatização, detecção, alarme e combate à incêndio com gás fm200 (SDACI), controle de acesso, circuitos elétricos e gerenciamento (DCIM), incluindo material e suporte local e remoto por meio da disponibilização de central de monitoramento 24 horas com controle de chamados... (descrição completa no Edital).",,3999463.11,0.0,2026-09-28 15:15:07,2026-09-28T17:00:00,2026-10-13T10:00:00,https://bllcompras.com/Process/ProcessView?param1=[gkz]c61pEBNhwTAcm7QIcFXiIoAUtaFr4hcpEflgAxRFsAP2DDoky5tACKj3YIlFRTjYHj9/nLgbjx4XB5x4f3L0udHCbSLVfyWhC1zUCoQYFm8=,,Tecnologia da Informação & Serviços Digitais,Cloud & Infraestrutura de TI,datacenter,São Paulo,75.0,50 a 100 km,[BASE: SÃO PAULO | Santos/SP (75km)],1,pncp_intelligence/data/briefings_ia/briefing_58200015000183-1-000483_2026.txt,,2026-09
331,15011059000152-1-000020/2026,2026,011,MTI-PRO-2025/00931,15011059000152,EMPRESA MATO-GROSSENSE DE TECNOLOGIA DA INFORMAÇÃO ,E,E,MT,Cuiabá,EMPRESA MATO-GROSSENSE DE TECNOLOGIA DA INFORMAÇÃO ,6,Pregão - Eletrônico,Aberto,Divulgada no PNCP,0,"Contratação de pessoa jurídica para fornecimento de serviços especializados em
tecnologia da informação e comunicação (TIC) na área de service desk e suporte técnico
de atendimento na MTI de nível 1, nível 2 compreendendo a utilizando das melhores
práticas do ITIL, o atendimento presencial e remoto, para a criação de uma Central
Integrada de Serviços e Central de Atendimento ao Usuário Digital única destinada ao
atendimento direto ao cidadão e dos órgãos e entidades do Estado de Mato Grosso, com
a utilização da ferramenta ITSM disponibilizada pela Empresa Mato-Grossense de
Tecnologia da Informação do Estado de Mato Grosso - MTI, em obediência ao Decreto
n.º 546, de 26 de outubro de 2023.
",,0.0,0.0,2026-09-28 15:16:49,2026-09-29T09:00:00,2026-10-22T09:45:00,,,Tecnologia da Informação & Serviços Digitais,Service Desk & Suporte Técnico,service desk,Outro,999.0,Fora do Raio,[FORA DAS BASES],0,pncp_intelligence/data/briefings_ia/briefing_15011059000152-1-000020_2026.txt,,2026-09
332,06070075000125-1-000048/2026,2026,035,063/2026,06070075000125,CONVALES - CONSORCIO DE SAUDE E DESENVOLVIMENTO DOS VALES DO NOROESTE DE MINAS,N,E,MG,Arinos,Unidade Única,6,Pregão - Eletrônico,Aberto,Divulgada no PNCP,1,"Registro de preços para futura e eventual contratação de empresa especializada na prestação de Serviços Técnicos Especializados para implantação e fornecimento de Plataforma de Gestão e Fiscalização de Trânsito na modalidade de licenciamento SaaS (Software as a Service), com serviços de consultoria, instalação, provisionamento, implementação, treinamento, capacitação e suporte técnico, contemplando: gestão e registro de autuações de trânsito; checklist de remoção de veículos; boletim de ocorrênc",,49869090.12,0.0,2026-09-28 15:28:16,2026-09-28T15:30:00,2026-10-09T12:00:00,https://bnccompras.com/Process/ProcessView?param1=[gkz]UKanYwzMgyx05eGPUB0GC/dINIBOxc9Z0iUd1rx3AjlTFLJ9AsLgLPzdKL9i8AvS38/mZNh8c1U2DiZ/rSq3PMuQlqPILs4bq/VT1iqOpmM=,,Tecnologia da Informação & Serviços Digitais,Licenciamento de Software & SaaS,saas,Campinas/Sul de Minas,250.0,Estado Alvo,[VIABILIDADE: 100% REMOTO] [ESTADO ALVO: MG],0,pncp_intelligence/data/briefings_ia/briefing_06070075000125-1-000048_2026.txt,,2026-09
333,00091652000189-1-000357/2026,2026,101,48086.007594/2026-51,00091652000189,COMPANHIA DE PESQUISA DE RECURSOS MINERAIS,F,E,RJ,Rio de Janeiro,MRJ-COMPANHIA DE PESQUISA D RECURSOS MINERAIS,6,Pregão - Eletrônico,Aberto,Divulgada no PNCP,0,"Contratação de empresa especializada para a prestação de serviços continuados de vigilância patrimonial armada, compreendendo 01 (um) posto de vigilância armada diurna e 01 (um) posto de vigilância armada noturna, ambos em escala de 12x24h (doze por vinte e quatros) horas, assegurando cobertura ininterrupta de 24 (vinte e quatro) horas por dia, inclusive aos sábados, domingos e feriados, destinados à proteção das instalações, bens móveis e imóveis, servidores, colaboradores e visitantes nas depe",,333808.32,0.0,2026-09-28 15:36:03,2026-09-29T08:00:00,2026-10-21T10:00:00,https://cnetmobile.estaleiro.serpro.gov.br/comprasnet-web/public/compras/acompanhamento-compra?compra=49513005001012026,,Tecnologia da Informação & Serviços Digitais,Cloud & Infraestrutura de TI,servidores,Outro,999.0,Fora do Raio,[FORA DAS BASES],0,pncp_intelligence/data/briefings_ia/briefing_00091652000189-1-000357_2026.txt,,2026-09
334,89522064000166-1-000218/2026,2026,[21856] 73,[21856] 73/2026,89522064000166,RIO GRANDE DO SUL PODER JUDICIARIO,E,J,RS,Porto Alegre,TRIBUNAL DE JUSTIÇA DO ESTADO DO RIO G.DO SUL,6,Pregão - Eletrônico,Aberto,Divulgada no PNCP,0,"Contratação de empresa para o fornecimento do Sistema de Videoconferência Cisco Webex, na modalidade Software como Serviço (SaaS).",,6534991.46,0.0,2026-09-28 15:44:06,2026-09-30T00:00:00,2026-10-16T14:00:00,,,Tecnologia da Informação & Serviços Digitais,Licenciamento de Software & SaaS,"software como serviço, saas",Remoto,999.0,Fora do Raio,[VIABILIDADE: 100% REMOTO],0,pncp_intelligence/data/briefings_ia/briefing_89522064000166-1-000218_2026.txt,,2026-09
335,46965083000154-1-000131/2026,2026,117,1893/2026,46965083000154,SERVICO DE AGUA E ESGOTO DE PIRASSUNUNGA,M,E,SP,Pirassununga,SERVICO AGUA E ESGOTO PIRASSUNUNGA,6,Pregão - Eletrônico,Aberto,Divulgada no PNCP,0,"Contratação de instituição financeira autorizada pelo Banco Central do Brasil para prestação de serviços bancários de processamento, gerenciamento e operacionalização, em caráter exclusivo, dos créditos da folha de pagamento dos servidores ativos, inativos e pensionistas do Serviço de Água e Esgoto de Pirassununga – SAEP.",,275000.0,0.0,2026-09-28 15:51:19,2026-09-29T09:00:00,2026-10-15T08:30:00,https://bllcompras.com/Process/ProcessView?param1=[gkz]Sl9y3o7sJAyH9oEPjm3apB1g7U6NU0Q6efxYOX7BnKDAXSqL17/VGK80I7oTg96oP9IIzufImJkNzwqcS/2lO4yNLbNg4Yqw6VrZZSXBCP0=,,Tecnologia da Informação & Serviços Digitais,Cloud & Infraestrutura de TI,servidores,São Paulo/Campinas,250.0,Estado Alvo,[ESTADO ALVO: SP],0,pncp_intelligence/data/briefings_ia/briefing_46965083000154-1-000131_2026.txt,,2026-09
336,50176288000128-1-000038/2026,2026,32,CMSP-PAD-2026/00150,50176288000128,SAO PAULO CAMARA MUNICIPAL,M,L,SP,São Paulo,PMSP - (CMSP) - CÂMARA MUNICIPAL DE SÃO PAULO,6,Pregão - Eletrônico,Aberto,Divulgada no PNCP,0,"Aquisição de licenças por assinatura para direito de uso dos softwares Microsoft Exchange Online e Microsoft Office 365 no modelo SaaS (software como serviço) pelo período de 36 (trinta e seis) meses, conforme especificações constantes deste Termo de Referência, conforme descrições, condições e quantidades constantes do Anexo I - Termo de Referência - Especificações Técnicas, parte integrante do Edital.","Outras informações poderão ser obtidas no Portal Transparência da CMSP, através do endereço: https://www.saopaulo.sp.leg.br/transparencia/licitacoes-e-contratos/ pelo e-mail: cjl@saopaulo.sp.leg.br ou pelo telefone: (11) 3396-3934 ou ainda no Portal Nacional de Contratações Públicas, através do endereço: https://www.gov.br/pncp/pt-br",0.0,0.0,2026-09-28 16:13:24,2026-09-29T08:00:00,2026-10-14T11:00:00,https://cnetmobile.estaleiro.serpro.gov.br/comprasnet-web/public/compras/acompanhamento-compra?compra=92510905000322026,https://sigadoc.camara.sp/sigaex/app/expediente/doc/exibir?sigla=CMSP-PAD-2026/00150-V03,Tecnologia da Informação & Serviços Digitais,Licenciamento de Software & SaaS,"software como serviço, saas, office 365",São Paulo,0.0,0 km (Base Central),[BASE DIRETA: SÃO PAULO/SP],1,pncp_intelligence/data/briefings_ia/briefing_50176288000128-1-000038_2026.txt,,2026-09
337,18691766000125-1-000086/2026,2026,38,323/2026,18691766000125,MUNICIPIO DE ITATIAIUCU,M,N,MG,Itatiaiuçu,PREFEITURA MUNICIPAL DE ITATIAIUCU - MG,6,Pregão - Eletrônico,Aberto-Fechado,Divulgada no PNCP,0,"Compra de 07 (sete) sistemas integrados para tratamento descentralizado de resíduos orgânicos, compostos por reator fechado de pré compostagem e unidade de vermicompostagem contínuaincluindo fornecimento, transporte, montagem, instalações, testes operacionais, treinamento dos servidores e garantia, para atender a demanda da Secretaria de Meio Ambiente para ampla concorrência, observados os prazos máximos para fornecimento, as especificações técnicas e os parâmetros mínimos de desempenho e qualidade definidos nos termos e condições descritos e especificados neste edital, especialmente no Anexo I (Termo de Referência)”",,120925.0,0.0,2026-09-28 16:42:02,2026-09-29T08:30:00,2026-10-16T08:30:00,https://cnetmobile.estaleiro.serpro.gov.br/comprasnet-web/public/compras/acompanhamento-compra?compra=98467305000382026,,Tecnologia da Informação & Serviços Digitais,Cloud & Infraestrutura de TI,servidores,Campinas/Sul de Minas,250.0,Estado Alvo,[ESTADO ALVO: MG],0,pncp_intelligence/data/briefings_ia/briefing_18691766000125-1-000086_2026.txt,,2026-09
338,46643482000107-1-000082/2026,2026,028,293/2026,46643482000107,MUNICIPIO DE MONTEIRO LOBATO,M,N,SP,Monteiro Lobato,PREFEITURA MUNICIPAL DE MONTEIRO LOBATO - SP,6,Pregão - Eletrônico,Aberto,Divulgada no PNCP,1,"REGISTRO DE PREÇOS PARA FUTURA E EVENTUAL AQUISIÇÃO DE CALÇADOS DE SEGURANÇA, DESTINADOS À PROTEÇÃO DOS SERVIDORES MUNICIPAIS, CONFORME TERMO DE REFERÊNCIA E DEMAIS ANEXOS DO EDITAL",,70133.7,0.0,2026-09-28 16:53:37,2026-09-29T08:00:00,2026-10-09T08:00:00,https://bllcompras.com/Process/ProcessView?param1=[gkz]5uAypc42daAVdTEVRcAai1fvBrSK8a29eUjb6FfYWC34qKSdx35JYJiYotPEQ8l0vjT5Q5r8SA8kSaA/pZXIeXLPPJSEjUDdYV5A3z5LPhk=,,Tecnologia da Informação & Serviços Digitais,Cloud & Infraestrutura de TI,servidores,São Paulo/Campinas,250.0,Estado Alvo,[ESTADO ALVO: SP],0,pncp_intelligence/data/briefings_ia/briefing_46643482000107-1-000082_2026.txt,,2026-09
339,04680541000169-1-000004/2026,2026,001,004/2026,04680541000169,INSTITUTO DE PREVIDENCIA SOCIAL DOS SERVIDORES MUNICIPAIS DE CHAPADAO DO SUL -MS (IPMCS),M,E,MS,Chapadão do Sul,IPMCS - Instituto Previdência Social Serv Mun Chap do Sul,6,Pregão - Eletrônico,Aberto,Divulgada no PNCP,0,"Aquisição de 01 (um) veículo novo (zero quilômetro), Ano/Modelo 2025/2026, ou superior, tipo SUV, de fabricação Nacional/Mercosul,  conforme especificações técnicas, condições de fornecimento e critérios de aceitação definidos no Termo de Referência, para compor e ampliar a frota oficial Do IPMCS – Instituto de Previdência Social dos Servidores Municipais de Chapadão do Sul – MS.",,430727.32,0.0,2026-09-28 17:26:56,2026-09-29T08:30:00,2026-10-09T08:50:00,https://bllcompras.com/Process/ProcessView?param1=[gkz]/u9S7db4e3bq6jN6yXM/o_gA1AVSei52HG4JcdnSOYuyhY/KunJvhMv/Ec1GgKdBBoBGQKBwR74xq1vuUQb2RyvfX5cLlLD_CnD0MVsL8ZA=,,Tecnologia da Informação & Serviços Digitais,Cloud & Infraestrutura de TI,servidores,Outro,999.0,Fora do Raio,[FORA DAS BASES],0,pncp_intelligence/data/briefings_ia/briefing_04680541000169-1-000004_2026.txt,,2026-09
340,02347381000105-1-000008/2026,2026,004,013/2026,02347381000105,CAMARA MUNICIPAL DE CORREGO FUNDO,M,L,MG,Córrego Fundo,Unidade Única,6,Pregão - Eletrônico,Aberto,Divulgada no PNCP,0,"Contratação de empresa especializada para prestação de serviços de assistência à saúde, por meio de plano de saúde coletivo empresarial, destinado aos vereadores, servidores públicos (comissionados e contratados) da Câmara Municipal de Córrego Fundo/MG, bem como aos seus dependentes, conforme autorizado pela Lei Municipal nº 1.015/2025 e alinhado à Lei Federal nº 9.656/1998 e normas da ANS.",,119683.2,0.0,2026-09-28 17:41:33,2026-09-28T00:00:00,2026-10-09T12:30:00,https://app2.ammlicita.org.br/pesquisa/114917,,Tecnologia da Informação & Serviços Digitais,Cloud & Infraestrutura de TI,servidores,Campinas/Sul de Minas,250.0,Estado Alvo,[ESTADO ALVO: MG],0,pncp_intelligence/data/briefings_ia/briefing_02347381000105-1-000008_2026.txt,,2026-09
341,03507415002864-1-000164/2026,2026,056,SESP-PRO-2026/23502,03507415002864,ESTADO DE MATO GROSSO,E,N,MT,Cuiabá,SECRETARIA DE ESTADO DE SEGURANÇA PÚBLICA,6,Pregão - Eletrônico,Aberto,Divulgada no PNCP,0,"Necessidade de aquisição de solução de Video Wall profissional para o ambiente de monitoramento da infraestrutura de TI da Secretaria de Estado de Segurança Pública de Mato Grosso – SESP/MT, contemplando fornecimento, instalação, configuração, calibração, treinamento e suporte operacional da solução, pelo período de 36 (trinta e seis) meses.",,327485.47,0.0,2026-09-28 17:45:22,2026-09-28T17:50:00,2026-10-13T09:45:00,,,Tecnologia da Informação & Serviços Digitais,Cloud & Infraestrutura de TI,infraestrutura de ti,Outro,999.0,Fora do Raio,[FORA DAS BASES],0,pncp_intelligence/data/briefings_ia/briefing_03507415002864-1-000164_2026.txt,,2026-09
342,76484013000145-1-000105/2026,2026,152226,152226,76484013000145,COMPANHIA DE SANEAMENTO DO PARANA SANEPAR,N,N,PR,Curitiba,SEDE,6,Pregão - Eletrônico,Aberto,Divulgada no PNCP,0,"Serviços da atualização tecnológica da Solução virtualização de fitas cartucho para plataforma mainframe, do TS7760 para TS7780, serviços de instalação, configuração, migração, operação assistida, serviços de armazenamento de cópia e garantia, conforme especificações, quantidades, condições e prazos.",,0.0,0.0,2026-09-28 18:34:49,2026-09-25T09:05:00,2026-10-20T09:00:00,https://licitacoes-e2.bb.com.br/aop-inter-estatico/visualizar-processo-publico/1101235,,Tecnologia da Informação & Serviços Digitais,Cloud & Infraestrutura de TI,virtualização,Joinville,130.0,100 a 200 km,[BASE: JOINVILLE | Curitiba/PR (130km)],1,pncp_intelligence/data/briefings_ia/briefing_76484013000145-1-000105_2026.txt,,2026-09
343,83708248000139-1-000066/2026,2026,PCE 17,1077/2026,83708248000139,CAMARA MUNICIPAL DE SAO JOSE,M,L,SC,São José,Câmara de Vereadores de São José,6,Pregão - Eletrônico,Aberto,Divulgada no PNCP,0,"Plano de assistência à saúde destinado aos servidores públicos ativos e inativos, pensionistas, vereadores e respectivos dependentes vinculados à Câmara Municipal de São José",,1509116.53,0.0,2026-09-28 18:40:49,2026-09-28T17:20:00,2026-10-15T13:59:00,,,Tecnologia da Informação & Serviços Digitais,Cloud & Infraestrutura de TI,servidores,Joinville,175.0,100 a 200 km,[BASE: JOINVILLE | São José/SC (175km)],1,pncp_intelligence/data/briefings_ia/briefing_83708248000139-1-000066_2026.txt,,2026-09
344,27509809000108-1-000005/2026,2026,006,2607000028,27509809000108,PLANALTO SOLAR PARK S.A.,N,N,GO,Goiânia,PLANALTO SOLAR PARK S.A.,6,Pregão - Eletrônico,Aberto,Divulgada no PNCP,0,"Contratação de empresa especializada para a prestação de serviços de conectividade de dados à internet para a expansão do Sistema Estadual de Videomonitoramento com Inteligência Artificial, conforme especificações contidas no Edital, no Termo de Referência e demais anexos.",,15040898.64,0.0,2026-09-28 19:00:50,2026-09-29T08:00:00,2026-10-22T09:00:00,https://licitacoes-e2.bb.com.br/aop-inter-estatico/visualizar-processo-publico/1101622,,Tecnologia da Informação & Serviços Digitais,"Dados, IA & Business Intelligence",inteligência artificial,Goiânia,0.0,0 km (Base Central),[BASE DIRETA: GOIÂNIA/GO],1,pncp_intelligence/data/briefings_ia/briefing_27509809000108-1-000005_2026.txt,,2026-09
345,29507878000108-1-000026/2026,2026,110,199570138632025-32,29507878000108,COMISSAO DE VALORES MOBILIARIOS,F,E,RJ,Rio de Janeiro,MF-CVM-COMISSAO DE VALORES MOBILIARIOS/RJ,6,Pregão - Eletrônico,Aberto,Divulgada no PNCP,0,"Contratação de serviços de integrador de nuvens públicas (cloud broker), para atendimento das demandas de computação em nuvem da CVM.",,19727915.92,0.0,2026-09-29 04:01:08,2026-09-29T09:00:00,2026-10-14T10:00:00,https://cnetmobile.estaleiro.serpro.gov.br/comprasnet-web/public/compras/acompanhamento-compra?compra=17303005001102026,https://sei.cvm.gov.br/sei/controlador.php?acao=procedimento_trabalhar&acao_origem=procedimento_controlar&acao_retorno=procedimento_controlar&id_procedimento=2607905&infra_sistema=100000100&infra_unidade_atual=110000946&infra_hash=55986e34aeae686e9f4911e22a05bde6b4c7ea06a0e5532a37c5f675f9ce935d,Tecnologia da Informação & Serviços Digitais,Cloud & Infraestrutura de TI,computação em nuvem,Remoto,999.0,Fora do Raio,[VIABILIDADE: 100% REMOTO],0,pncp_intelligence/data/briefings_ia/briefing_29507878000108-1-000026_2026.txt,,2026-09
346,00402552000126-1-000470/2026,2026,139,01203.000132/2026-65,00402552000126,COMISSAO NACIONAL DE ENERGIA NUCLEAR,F,E,GO,Abadia de Goiás,CENTRO REG. DE CIENCIAS NUCL. DO CENTRO OESTE,6,Pregão - Eletrônico,Aberto,Divulgada no PNCP,0,"Contratação de serviços contínuos de transporte rodoviário intermunicipal, para servidores do Centro Regional de Ciências Nucleares do Centro-Oeste, sem dedicação exclusiva de mão de obra.","Contratação de serviços de transporte rodoviário intermunicipal, para atender às necessidades de locomoção dos servidores do CRCN-GO, dentro da Região Metropolitana de Goiânia. Quantidade de 65km diários, com estimativa de 1.430 km mensais, (media de dias 22 dias úteis por mês)",283654.8,0.0,2026-09-29 04:01:21,2026-09-29T09:00:00,2026-10-14T14:00:00,https://cnetmobile.estaleiro.serpro.gov.br/comprasnet-web/public/compras/acompanhamento-compra?compra=11320705001392026,https://sei.cnen.gov.br/sei/controlador.php?acao=procedimento_trabalhar&acao_origem=rel_bloco_protocolo_listar&acao_retorno=rel_bloco_protocolo_listar&id_procedimento=5991490&infra_sistema=100000100&infra_unidade_atual=110000056&infra_hash=a9151a083357f9cd6998719b1fd4cac4c4625bbe8d95420fd482a8d345ec52be,Tecnologia da Informação & Serviços Digitais,Cloud & Infraestrutura de TI,servidores,Goiânia,250.0,Estado Alvo,[ESTADO ALVO: GO],0,pncp_intelligence/data/briefings_ia/briefing_00402552000126-1-000470_2026.txt,,2026-09
347,26989715000102-1-001540/2026,2026,86,19.03.0000.0002917/2026-89,26989715000102,MINISTERIO PUBLICO DA UNIAO,F,E,DF,Brasília,MINISTERIO PUBLICO MILITAR - DF,6,Pregão - Eletrônico,Aberto-Fechado,Divulgada no PNCP,0,"Contratação de pessoa jurídica para fornecimento de 2 servidores corporativos em rack, novos, idênticos, destinados à modernização da infraestrutura de processamento e virtualização do Ministério Público Militar, incluindo entrega, instalação física assistida, atualização inicial de firmware, configuração do gerenciamento remoto, testes de funcionamento, garantia on-site e suporte técnico pelo período mínimo de 60 meses, visando atender a DTI da PGJM.",,2853302.0,0.0,2026-09-29 04:01:26,2026-09-29T08:00:00,2026-10-14T14:00:00,https://cnetmobile.estaleiro.serpro.gov.br/comprasnet-web/public/compras/acompanhamento-compra?compra=20000805000862026,https://sei.mpm.mp.br/sei/controlador.php?acao=procedimento_trabalhar&acao_origem=procedimento_controlar&acao_retorno=procedimento_controlar&id_procedimento=2104977&infra_sistema=100000100&infra_unidade_atual=110000920&infra_hash=a308112dfa367f497ed84eee5610eeeb9a224372b3199111186b1128f16cffbe,Tecnologia da Informação & Serviços Digitais,Cloud & Infraestrutura de TI,"virtualização, servidores",Brasília,0.0,0 km (Base Central),[BASE DIRETA: BRASÍLIA/DF],1,pncp_intelligence/data/briefings_ia/briefing_26989715000102-1-001540_2026.txt,,2026-09
348,46429379000150-1-000205/2026,2026,086,25000020/2026,46429379000150,MUNICIPIO DE SAO JOAO DA BOA VISTA,M,N,SP,São João da Boa Vista,Prefeitura Municipal de São João da Boa Vista,6,Pregão - Eletrônico,Aberto,Divulgada no PNCP,0,CONTRATAÇÃO DE EMPRESA ESPECIALIZADA PARA PRESTAÇÃO DE SERVIÇO DE CORREIO ELETRÔNICO CORPORATIVO EM NUVEM (CLOUD COMPUTING),,407350.8,0.0,2026-09-29 07:47:56,2026-09-29T08:30:00,2026-10-15T08:30:00,,,Tecnologia da Informação & Serviços Digitais,Cloud & Infraestrutura de TI,cloud computing,São Paulo/Campinas,250.0,Estado Alvo,[VIABILIDADE: 100% REMOTO] [ESTADO ALVO: SP],0,pncp_intelligence/data/briefings_ia/briefing_46429379000150-1-000205_2026.txt,,2026-09
349,02291730000114-1-000122/2026,2026,113,202600047002565,02291730000114,GOIAS TRIBUNAL DE CONTAS,E,L,GO,Goiânia,TRIBUNAL DE CONTAS DO ESTADO DE GOIÁS,6,Pregão - Eletrônico,Aberto,Divulgada no PNCP,0,"Prestação de serviços especializados de operação de infraestrutura, de atendimento a usuários de Tecnologia da Informação e Comunicação (TIC), bem como de desenvolvimento, manutenção e sustentação de software, em regime de dedicação exclusiva de mão de obra, na forma de serviços continuados presenciais e não presenciais.",,9405643.75,0.0,2026-09-29 08:29:50,2026-09-30T08:00:00,2026-10-15T08:59:00,https://cnetmobile.estaleiro.serpro.gov.br/comprasnet-web/public/compras/acompanhamento-compra?compra=92540005001132026,https://portal.tce.go.gov.br/,Tecnologia da Informação & Serviços Digitais,Desenvolvimento & Fábrica de Software,sustentação de software,Goiânia,0.0,0 km (Base Central),[BASE DIRETA: GOIÂNIA/GO],1,pncp_intelligence/data/briefings_ia/briefing_02291730000114-1-000122_2026.txt,,2026-09
350,79831566000115-1-000031/2026,2026,43,10628/2026,79831566000115,CONSELHO REGIONAL DE MEDICINA DO EST DE SANTA CATARINA,F,E,SC,Florianópolis,CONSELHO REGIONAL DE MEDICINA - SC,6,Pregão - Eletrônico,Aberto,Divulgada no PNCP,0,"Contratação de empresa operadora de plano de serviços de assistência odontológica para os colaboradores do CRM-SC e seus dependentes, assegurando aos regularmente cadastrados a assistência à saúde, de acordo com a Lei n. 9.656/98 e demais normas e regulamentações aplicáveis à espécie, observado o Rol de Procedimentos e Eventos em Saúde definidos pela Agência Nacional de Saúde Suplementar (ANS).","O quantitativo da contratação foi multiplicado por 60, afim de refletir o valor quinquenal total da contratação. ",126470.4,0.0,2026-09-29 08:38:28,2026-09-29T09:00:00,2026-10-15T10:00:00,https://cnetmobile.estaleiro.serpro.gov.br/comprasnet-web/public/compras/acompanhamento-compra?compra=38918005000432026,https://apps.crmsc.org.br/crvirtual-ged/#/app/processos/pasta-digital/100331/,Tecnologia da Informação & Serviços Digitais,Licenciamento de Software & SaaS,crm,Joinville,180.0,100 a 200 km,[BASE: JOINVILLE | Florianópolis/SC (180km)],1,pncp_intelligence/data/briefings_ia/briefing_79831566000115-1-000031_2026.txt,,2026-09
351,44804594000169-1-000001/2026,2026,RI01/2026,REGULA02/2026,44804594000169,AGENCIA  REGULADORA DE SERVICOS PUBLICOS DO MUNICIPIO DE ITAPEVI - REGULA ITA,M,E,SP,Itapevi,Agencia Reguladora de Serviços Públicos do Municipio de Itapevi,6,Pregão - Eletrônico,Aberto,Divulgada no PNCP,0,"CONTRATAÇÃO DE EMPRESA DE AUDITORIA INDEPENDENTE PARA EXECUÇÃO DE PROCEDIMENTOS PREVIAMENTE ACORDADOS DE AVALIAÇÃO CONTÁBIL DOS INVESTIMENTOS REALIZADOS NO ÂMBITO DA PARCERIA PÚBLICO-PRIVADA (PPP) DECORRENTE DO  CONTRATO nº 166/2021, RELATIVOS AO EXERCÍCIO DE 2025 (PERÍODO DE 01/01/2025 A 31/12/2025), COM BASE NOS DEMONSTRATIVOS CONTÁBEIS DE 31/12/2025",,15800.0,0.0,2026-09-29 08:46:09,2026-09-29T19:30:00,2026-10-15T14:00:00,,,"Consultoria, Treinamento & Serviços Especializados",Consultoria & Assessoria Técnica,auditoria independente,São Paulo/Campinas,250.0,Estado Alvo,[ESTADO ALVO: SP],0,pncp_intelligence/data/briefings_ia/briefing_44804594000169-1-000001_2026.txt,,2026-09
352,88000906000157-1-000381/2026,2026,PCE 79,28072/2026,88000906000157,MUNICIPIO DE ALVORADA,M,N,RS,Alvorada,SMS - GABINETE DO SECRETARIO,6,Pregão - Eletrônico,Aberto-Fechado,Divulgada no PNCP,0,Contratação de empresa especializada na elaboração de Programa de Gerenciamento de Resíduos de Serviços de Saúde (PGRSS) e capacitação de servidores.,,65990.04,0.0,2026-09-29 09:41:42,2026-09-29T10:00:00,2026-10-29T09:59:59,,,Tecnologia da Informação & Serviços Digitais,Cloud & Infraestrutura de TI,"servidores, capacitação de servidores",Outro,999.0,Fora do Raio,[FORA DAS BASES],0,pncp_intelligence/data/briefings_ia/briefing_88000906000157-1-000381_2026.txt,,2026-09
353,76205806000188-1-000216/2026,2026,84,11218,76205806000188,MUNICIPIO DE TOLEDO,M,N,PR,Toledo,GABINETE DA SECRETARIA DA EDUCACAO,6,Pregão - Eletrônico,Aberto,Divulgada no PNCP,1,"Registro de Preços, pelo período de 12 meses, para fornecimento de materiais pedagógicos/educacionais e assessoria técnica e pedagógica aos profissionais da Rede, para aprimorar os mecanismos, práticas e metodologias de ensino nas escolas públicas e promover a melhoria dos indicadores educacionais, garantindo o cumprimento das diretrizes e metas do IDEB.",Inexistente,6559870.08,0.0,2026-09-29 09:47:36,2026-09-29T17:00:00,2026-10-14T08:00:00,,,"Consultoria, Treinamento & Serviços Especializados",Consultoria & Assessoria Técnica,assessoria técnica,Joinville/Curitiba,250.0,Estado Alvo,[ESTADO ALVO: PR],0,pncp_intelligence/data/briefings_ia/briefing_76205806000188-1-000216_2026.txt,,2026-09
354,83102798000100-1-000274/2026,2026,67,67/2026,83102798000100,MUNICIPIO DE INDAIAL,M,N,SC,Indaial,Prefeitura Municipal de Indaial - SC,6,Pregão - Eletrônico,Aberto,Divulgada no PNCP,1,"AQUISIÇÃO DE UNIFORMES PARA OS SERVIDORES DAS SECRETARIAS, FUNDOS E FUNDAÇÕES DO MUNICÍPIO DE INDAIAL.",,257683.7,0.0,2026-09-29 10:00:35,2026-09-22T08:00:00,2026-10-07T08:30:00,https://comprasbr.com.br/pregao-eletronico-detalhe/?idlicitacao=48659,,Tecnologia da Informação & Serviços Digitais,Cloud & Infraestrutura de TI,servidores,Joinville,115.0,100 a 200 km,[BASE: JOINVILLE | Indaial/SC (115km)],1,pncp_intelligence/data/briefings_ia/briefing_83102798000100-1-000274_2026.txt,,2026-09
355,88000906000157-1-000382/2026,2026,79,28072/2026,88000906000157,MUNICIPIO DE ALVORADA,M,N,RS,Alvorada,"Departamento Geral de Compras, Licitações e Contratos",6,Pregão - Eletrônico,Aberto-Fechado,Divulgada no PNCP,0,[Portal de Compras Públicas] - Contratação de empresa especializada na elaboração de Programa de Gerenciamento de Resíduos de Serviços de Saúde (PGRSS) e capacitação de servidores.,,65990.04,0.0,2026-09-29 10:01:44,2026-09-29T10:00:00,2026-10-29T08:59:00,https://www.portaldecompraspublicas.com.br/processos/RS/Prefeitura-Municipal-de-Alvorada-59/PE-79-2026-2026-514764,,Tecnologia da Informação & Serviços Digitais,Cloud & Infraestrutura de TI,"servidores, capacitação de servidores",Outro,999.0,Fora do Raio,[FORA DAS BASES],0,pncp_intelligence/data/briefings_ia/briefing_88000906000157-1-000382_2026.txt,,2026-09
356,75658377000131-1-000128/2026,2026,PCE 48,98/2026,75658377000131,MUNICIPIO DE ARAPOTI,M,N,PR,Arapoti,"DIVISÃO DE CONTABILIDADE, CONVÊNIOS E INFORMAÇÕES PARA CONTROLE INTERNO",6,Pregão - Eletrônico,Aberto,Divulgada no PNCP,0,"Contratação de instituição financeira ou cooperativa de crédito, visando à prestação, de forma exclusiva, de serviços de centralização e processamento dos créditos da folha de pagamento (vencimentos, salários, proventos, pensões e similares), abrangendo os servidores e empregados públicos ativos (efetivos, comissionados, agentes políticos, estagiários, conselheiros tutelares e contratados temporários), bem como os inativos e pensionistas, incluindo aqueles nomeados ou contratados durante a vigência contratual, no âmbito da Prefeitura Municipal e do Instituto de Previdência de Arapoti - PR.",,1535252.47,0.0,2026-09-29 10:13:05,2026-09-30T08:00:00,2026-10-22T08:30:00,,,Tecnologia da Informação & Serviços Digitais,Cloud & Infraestrutura de TI,servidores,Joinville/Curitiba,250.0,Estado Alvo,[ESTADO ALVO: PR],0,pncp_intelligence/data/briefings_ia/briefing_75658377000131-1-000128_2026.txt,,2026-09
357,46523049000120-1-000173/2026,2026,047,17.024/2026,46523049000120,MUNICIPIO DE COTIA,M,N,SP,Cotia,Prefeitura Municipal de Cotia,6,Pregão - Eletrônico,Aberto-Fechado,Divulgada no PNCP,1,- Contratação de empresa especializada em fornecimento de EPI´S (Equipamentos de Proteção Individual ),- Justifica se pela necessidade de assegurar o fornecimento continuo e adequado de Equipamentos de Proteção Individual aos servidores municipal garantindo a preservação da saude,2230420.45,0.0,2026-09-29 10:14:10,2026-09-30T08:00:00,2026-10-14T08:00:00,,,Tecnologia da Informação & Serviços Digitais,Cloud & Infraestrutura de TI,servidores,São Paulo,32.0,Até 50 km,[BASE: SÃO PAULO | Cotia/SP (32km)],1,pncp_intelligence/data/briefings_ia/briefing_46523049000120-1-000173_2026.txt,,2026-09
358,18094797000107-1-000038/2026,2026,00008026,00008026,18094797000107,MUNICIPIO DE CARANDAI,M,N,MG,Carandaí,PREFEITURA MUNICIPAL DE CARANDAÍ,6,Pregão - Eletrônico,Aberto,Divulgada no PNCP,0,"Aquisição de cestas natalinas destinadas aos servidores públicos municipais que preencham os requisitos estabelecidos na legislação municipal vigente, por ocasião das festividades de final de ano",,260563.5,0.0,2026-09-29 10:45:29,2026-09-30T08:00:00,2026-10-13T08:45:00,,,Tecnologia da Informação & Serviços Digitais,Cloud & Infraestrutura de TI,servidores,Campinas/Sul de Minas,250.0,Estado Alvo,[ESTADO ALVO: MG],0,pncp_intelligence/data/briefings_ia/briefing_18094797000107-1-000038_2026.txt,,2026-09
359,03533064000146-1-000166/2026,2026,035/2026/PMC,008302/2026,03533064000146,MUNICIPIO DE CUIABA,M,N,MT,Cuiabá,MUNICIPIO DE CUIABA,6,Pregão - Eletrônico,Aberto,Divulgada no PNCP,1,"Registro de Preços para futura e eventual contratação de serviços de confecção de uniformes, bem como aquisição de Equipamentos de Proteção Individual (EPIs) e materiais de trabalho em campo, destinados aos servidores da Secretaria Municipal de Saúde, visando garantir a adequada identificação funcional, a padronização visual, a segurança, a proteção da saúde dos trabalhadores e o cumprimento das normas de segurança e saúde no trabalho, bem como das legislações sanitárias e trabalhistas vigentes,",,3429581.93,0.0,2026-09-29 11:13:12,2026-09-29T12:00:00,2026-10-14T09:30:00,https://bllcompras.com/Process/ProcessView?param1=[gkz]QA1zGN/Rn24sGALAgHbasIStLMtW8SX5i4RlxXLhi9XlTt66Iuhob_HhIG_S8Har5jCsJFUv3SdHX0sEBsz9/a3__o7yPf3MyIjSL17qUNY=,,Tecnologia da Informação & Serviços Digitais,Cloud & Infraestrutura de TI,servidores,Outro,999.0,Fora do Raio,[FORA DAS BASES],0,pncp_intelligence/data/briefings_ia/briefing_03533064000146-1-000166_2026.txt,,2026-09
360,53310793000101-1-000051/2026,2026,366,366/2026,53310793000101,MUNICIPIO DE SAGRES,M,N,SP,Sagres,ADMINISTRAÇÃO GERAL,6,Pregão - Eletrônico,Aberto,Divulgada no PNCP,1,"""Registro de Preços para futura e eventual aquisição de materiais de Copa e Cozinha para atender às necessidades da Prefeitura Municipal e seus demais setores, assegurando a manutenção das rotinas administrativas e a manutenção das condições de higiene, organização e preparo de alimentos para servidores e usuários dos serviços públicos.""","""Registro de Preços para futura e eventual aquisição de materiais de Copa e Cozinha para atender às necessidades da Prefeitura Municipal e seus demais setores, assegurando a manutenção das rotinas administrativas e a manutenção das condições de higiene, o",156706.86,0.0,2026-09-29 11:14:46,2026-10-01T08:00:00,2026-10-21T08:00:00,,,Tecnologia da Informação & Serviços Digitais,Cloud & Infraestrutura de TI,servidores,São Paulo/Campinas,250.0,Estado Alvo,[ESTADO ALVO: SP],0,pncp_intelligence/data/briefings_ia/briefing_53310793000101-1-000051_2026.txt,,2026-09
361,78802394000199-1-000020/2026,2026,1,0001/2026,78802394000199,INSTITUTO MUNICIPAL DE ADMINISTRACAO PUBLICA,M,E,PR,Curitiba,IMAP - INSTITUTO MUNICIPAL DE ADMINISTRAÇÃO PÚBLICA - IMAP,6,Pregão - Eletrônico,Aberto,Divulgada no PNCP,0,"Contratação de empresa especializada para prestação de serviços técnicos especializados voltados à realização de Jornada Estruturada de Capacitação em Inteligência Artificial (IA) - In Company para servidores públicos municipais, contemplando palestra de",,1448060.0,0.0,2026-09-29 11:22:56,2026-09-24T15:00:00,2026-10-08T10:00:00,www.e-compras.curitiba.pr.gov.br,https://legisladocexterno.curitiba.pr.gov.br/DiariosConsultaExterna_PesquisaAvancada.aspx,Tecnologia da Informação & Serviços Digitais,Cloud & Infraestrutura de TI,"servidores, inteligência artificial",Joinville,130.0,100 a 200 km,[BASE: JOINVILLE | Curitiba/PR (130km)],1,pncp_intelligence/data/briefings_ia/briefing_78802394000199-1-000020_2026.txt,,2026-09
362,38070074000177-1-000031/2026,2026,13,00097-00005849/2026-02,38070074000177,METRO DF,N,N,DF,Brasília,EDF - COMPANHIA DO METROPOLITANO DO DF,6,Pregão - Eletrônico,Aberto,Divulgada no PNCP,0,"Contratação de solução tecnológica especializada, sob a modalidade de Software as a Service (SaaS), baseada em arquitetura de computação em nuvem (Cloud Native), para atender às necessidades de geração, emissão autorizada, escrituração fiscal, monitoramento e consolidação automatizada de obrigações acessórias eletrônicas e digitais federais, distritais e municipais, contemplando a emissão de Notas Fiscais Eletrônicas (NF-e Modelo 55) e Notas Fiscais de Serviço Eletrônicas (NFS-e Padrão Nacional)","Contratação de solução tecnológica especializada, sob a modalidade de Software as a Service (SaaS), baseada em arquitetura de computação em nuvem (Cloud Native), para atender às necessidades de geração, emissão autorizada, escrituração fiscal, monitoramento e consolidação automatizada de obrigações acessórias eletrônicas e digitais federais, distritais e municipais, contemplando a emissão de Notas Fiscais Eletrônicas (NF-e Modelo 55) e Notas Fiscais de Serviço Eletrônicas (NFS-e Padrão Nacional), além do controle patrimonial societário e fiscal do Ativo Imobilizado, em estrita conformidade com a legislação vigente, normas do Comitê de Pronunciamentos Contábeis (CPC) e diretrizes do Sistema Público de Escrituração Digital (SPED).",0.0,0.0,2026-09-29 11:34:16,2026-09-30T08:00:00,2026-10-22T10:00:00,https://cnetmobile.estaleiro.serpro.gov.br/comprasnet-web/public/compras/acompanhamento-compra?compra=92504605000132026,https://sei.df.gov.br/sei/controlador.php?acao=procedimento_trabalhar&acao_origem=procedimento_controlar&acao_retorno=procedimento_controlar&id_procedimento=223194507&infra_sistema=100000100&infra_unidade_atual=110025458&infra_hash=016a8a3fe80aa50475626a48431d500dbf97a93d3ccd64ca8d6592ad47357d0c,Tecnologia da Informação & Serviços Digitais,Cloud & Infraestrutura de TI,"computação em nuvem, saas",Brasília,0.0,0 km (Base Central),[BASE DIRETA: BRASÍLIA/DF],1,pncp_intelligence/data/briefings_ia/briefing_38070074000177-1-000031_2026.txt,,2026-09
363,14217368000110-1-000132/2026,2026,024,3838/2026,14217368000110,MUNICIPIO DE SANTA BRIGIDA,M,N,BA,Santa Brígida,MUNICIPIO DE SANTA BRÍGIDA/BA,6,Pregão - Eletrônico,Aberto,Divulgada no PNCP,0,"[LICITANET] - SELEÇÃO DE INSTITUIÇÃO FINANCEIRA PARA PRESTAÇÃO DE SERVIÇOS DE GESTÃO, PROCESSAMENTO E PAGAMENTO DA FOLHA DOS SERVIDORES, POR TODO PERÍODO DO CONTRATO CONFORME INDICADO NO TERMO DE REFERÊNCIA.",,0.0,0.0,2026-09-29 11:36:30,2026-09-29T11:36:24,2026-10-21T09:00:00,https://licitanet.com.br/sessao/203160,,Tecnologia da Informação & Serviços Digitais,Cloud & Infraestrutura de TI,servidores,Outro,999.0,Fora do Raio,[FORA DAS BASES],0,pncp_intelligence/data/briefings_ia/briefing_14217368000110-1-000132_2026.txt,,2026-09
364,18836965000184-1-000109/2026,2026,029/2026,115/2026,18836965000184,MUNICIPIO DE RAUL SOARES,M,N,MG,Raul Soares,Raul Soares,6,Pregão - Eletrônico,Aberto,Divulgada no PNCP,1,"REGISTRO DE PREÇOS PARA FUTURA E EVENTUAL AQUISIÇÃO DE EQUIPAMENTOS DE PROTEÇÃO INDIVIDUAL (EPI) E MATERIAS CORRELATOS DE SEGURANÇA DO TRABALHO, DESTINADOS AOS SERVIDORES DAS DIVERSAS SECRETARIAS E UNIDADES ADMINISTRATIVAS DO MUNICIPIO.",,284438.05,0.0,2026-09-29 11:39:20,2026-09-29T12:00:00,2026-10-13T07:50:00,,,Tecnologia da Informação & Serviços Digitais,Cloud & Infraestrutura de TI,servidores,Campinas/Sul de Minas,250.0,Estado Alvo,[ESTADO ALVO: MG],0,pncp_intelligence/data/briefings_ia/briefing_18836965000184-1-000109_2026.txt,,2026-09
365,13937032000160-1-002694/2026,2026,132/2026,00919813202600345253,13937032000160,ESTADO DA BAHIA,E,N,BA,Salvador,SAEB - SECRETARIA DE ADMINISTRACAO,6,Pregão - Eletrônico,Aberto-Fechado,Divulgada no PNCP,1,"Registro de Preços, para contratação de empresa especializada na prestação de serviços de disponibilização de plataforma de atendimento multicanal, na modalidade CPaaS (Plataforma de Comunicação como Serviço) e SaaS (Software as a Service), contemplando recursos integrados de mensageria, atendimento por chat, voz e vídeo (WebRTC), com funcionalidade de gravação e armazenamento, validação de documentação e biometria e atendimento automatizado por chatbot com Inteligência Artificial Generativa, bem como a prestação dos serviços de implantação, integração e configuração da solução, treinamento, suporte técnico em regime 24 (vinte e quatro) horas por dia e 7 (sete) dias por semana e execução de serviços sob demanda para customização da plataforma.",,102564701.36,0.0,2026-09-29 11:40:05,2026-10-16T08:30:00,2026-10-20T10:00:00,https://licitacoes-e2.bb.com.br/aop-inter-estatico/visualizar-processo-publico/1100082,,Tecnologia da Informação & Serviços Digitais,"Dados, IA & Business Intelligence","inteligência artificial, saas",Remoto,999.0,Fora do Raio,[VIABILIDADE: 100% REMOTO],0,pncp_intelligence/data/briefings_ia/briefing_13937032000160-1-002694_2026.txt,,2026-09
366,45751435000106-1-000367/2026,2026,169,20878/2026,45751435000106,MUNICIPIO DE PAULINIA,M,N,SP,Paulínia,MUNICIPIO DE PAULINIA,6,Pregão - Eletrônico,Aberto,Divulgada no PNCP,0,"CONTRATAÇÃO DE EMPRESA PARA PRESTAÇÃO DE SERVIÇOS DE ASSESSORIA TÉCNICA, CONSULTORIA E APOIO OPERACIONAL - PNAB 2",,33550.0,0.0,2026-09-29 12:50:36,2026-09-29T13:30:00,2026-10-19T08:30:00,,,"Consultoria, Treinamento & Serviços Especializados",Consultoria & Assessoria Técnica,assessoria técnica,Campinas,18.0,Até 50 km,[BASE: CAMPINAS | Paulínia/SP (18km)],1,pncp_intelligence/data/briefings_ia/briefing_45751435000106-1-000367_2026.txt,,2026-09
367,10572022000180-1-000632/2026,2026,202,0743.2026.AC 70.SAD.FES-PE,10572022000180,SECRETARIA DE ADMINISTRACAO,E,E,PE,Recife,EPE-SECRETARIA DE ADMINISTRAÇÃO DO GOVERNO,6,Pregão - Eletrônico,Aberto,Divulgada no PNCP,1,"Formação de Registro de Preços Unificada para o fornecimento eventual de medicamentos controlados grupo 2, visando atender as necessidades dos hospitais e estabelecimentos vinculados à Secretaria Estadual de Saúde de Pernambuco, assim como o Hospital da Polícia Militar de Pernambuco - PMPE, Hospital dos Servidores do Estado - HSE e Autarquia Territorial Distrito Estadual  e Fernando de Noronha - ATDEFN.",,6053791.34,0.0,2026-09-29 13:11:33,2026-09-30T08:00:00,2026-10-14T09:00:00,https://cnetmobile.estaleiro.serpro.gov.br/comprasnet-web/public/compras/acompanhamento-compra?compra=92615005002022026,https://sei.pe.gov.br/sei/modulos/pesquisa/md_pesq_processo_pesquisar.php?acao_externa=protocolo_pesquisar&acao_origem_externa=protocolo_pesquisar&id_orgao_acesso_externo=0,Tecnologia da Informação & Serviços Digitais,Cloud & Infraestrutura de TI,servidores,Recife,0.0,0 km (Base Central),[BASE DIRETA: RECIFE/PE],1,pncp_intelligence/data/briefings_ia/briefing_10572022000180-1-000632_2026.txt,,2026-09
368,00624964000100-1-000018/2026,2026,2,046/2026,00624964000100,COMPANHIA DE GAS DO AMAZONAS - CIGAS,N,N,AM,Manaus,COMPANHIA DE GÁS DO AMAZONAS,6,Pregão - Eletrônico,Aberto,Divulgada no PNCP,0,"Contratação de empresa especializada para o fornecimento de licenças Microsoft, na modalidade software as a servisse (saas), contemplando licenças Office 365 E1 e Office 365 E3","Havendo incompatibilidade entre as especificações do objeto contidas no Sistema SIASG e as deste Edital e seus Anexos, prevalecerão as constantes nestes últimos.",0.0,0.0,2026-09-29 13:34:36,2026-09-30T08:00:00,2026-10-14T09:30:00,https://cnetmobile.estaleiro.serpro.gov.br/comprasnet-web/public/compras/acompanhamento-compra?compra=92618705000022026,,Tecnologia da Informação & Serviços Digitais,Licenciamento de Software & SaaS,"saas, office 365",Remoto,999.0,Fora do Raio,[VIABILIDADE: 100% REMOTO],0,pncp_intelligence/data/briefings_ia/briefing_00624964000100-1-000018_2026.txt,,2026-09
369,78316064000193-1-000032/2026,2026,4,26/2026,78316064000193,CAMARA MUNICIPAL DE LONDRINA,M,L,PR,Londrina,CAMARA MUNICIPAL DE LONDRINA - PR,6,Pregão - Eletrônico,Aberto,Divulgada no PNCP,0,"Contratação de empresa especializada (broker) para intermediar o fornecimento de licenças de acesso a plataformas de Inteligência Artificial: Claude Team (Anthropic — Grupos 1 e 2), incluída a aquisição eventual de créditos de uso adicional e assentos suplementares; e ChatGPT Business (OpenAI — Grupo 3).",,120467.96,0.0,2026-09-29 13:57:58,2026-09-29T14:00:00,2026-10-16T13:30:00,https://cnetmobile.estaleiro.serpro.gov.br/comprasnet-web/public/compras/acompanhamento-compra?compra=92670805000042026,https://www.cml.pr.gov.br/imprensa/licitacoes/Pregao/1/2026/26379,Tecnologia da Informação & Serviços Digitais,"Dados, IA & Business Intelligence",inteligência artificial,Joinville/Curitiba,250.0,Estado Alvo,[ESTADO ALVO: PR],0,pncp_intelligence/data/briefings_ia/briefing_78316064000193-1-000032_2026.txt,,2026-09
370,78316064000193-1-000033/2026,2026,8,8/2026,78316064000193,CAMARA MUNICIPAL DE LONDRINA,M,L,PR,Londrina,Coordenacao Geral,6,Pregão - Eletrônico,Aberto,Divulgada no PNCP,0,"Contratação de empresa especializada (broker) para intermediar o fornecimento de licenças de acesso a plataformas de Inteligência Artificial: Claude Team (Anthropic — Grupos 1 e 2), incluída a aquisição eventual de créditos de uso adicional e assentos suplementares; e ChatGPT Business (OpenAI — Grupo 3).",,120467.96,0.0,2026-09-29 14:04:51,2026-09-29T14:00:00,2026-10-16T13:30:00,,,Tecnologia da Informação & Serviços Digitais,"Dados, IA & Business Intelligence",inteligência artificial,Joinville/Curitiba,250.0,Estado Alvo,[ESTADO ALVO: PR],0,pncp_intelligence/data/briefings_ia/briefing_78316064000193-1-000033_2026.txt,,2026-09
371,18684217000123-1-000064/2026,2026,155,42-2026,18684217000123,MUNICIPIO DE BOM JARDIM DE MINAS,M,N,MG,Bom Jardim de Minas,Prefeitura Municipal de Bom Jardim de Minas,6,Pregão - Eletrônico,Aberto,Divulgada no PNCP,1,"[Portal de Compras Públicas] - Registro de preço pelo prazo de 12 (doze) meses para eventual ou futura aquisição de uniformes destinados aos servidores do Hospital Municipal Dr. Armando Ribeiro e aos Agentes de Combate às Endemias, visando à padronização da identificação dos profissionais, à adequada apresentação funcional e à disponibilização de vestimentas apropriadas para o desempenho das atividades, conforme as necessidades de cada categoria.",,21964.0,0.0,2026-09-29 14:08:07,2026-09-30T10:00:00,2026-10-13T10:00:00,https://www.portaldecompraspublicas.com.br/processos/MG/Prefeitura-Municipal-de-Bom-Jardim-de-Minas-1568/RPE-155-2026-2026-514892,,Tecnologia da Informação & Serviços Digitais,Cloud & Infraestrutura de TI,servidores,Campinas/Sul de Minas,250.0,Estado Alvo,[ESTADO ALVO: MG],0,pncp_intelligence/data/briefings_ia/briefing_18684217000123-1-000064_2026.txt,,2026-09
372,41479569000169-1-000069/2026,2026,029,120/2026,41479569000169,MUNICIPIO DE ROSARIO,M,N,MA,Rosário,Secretaria Municipal de Saúde,6,Pregão - Eletrônico,Aberto-Fechado,Divulgada no PNCP,0,"Contratação de empresa especializada para a prestação de solução tecnológica integrada de apoio à gestão da Atenção Básica em Saúde — incluindo o suporte técnico à integração e operação com os sistemas oficiais do Ministério da Saúde — e a execução de serviços continuados de treinamento e capacitação em Saúde Digital, contemplando, entre outros temas, telessaúde, telemedicina, teleconsulta, telemonitoramento, interoperabilidade, segurança da informação e uso qualificado dos sistemas de informação da Atenção Básica, para atendimento da rede de saúde do Município de Rosário/MA.",,0.0,0.0,2026-09-29 14:16:26,2026-09-28T00:00:00,2026-10-13T09:30:00,https://licitarosarioma.com.br/,,Tecnologia da Informação & Serviços Digitais,Cibersegurança & Governança de Dados,"segurança da informação, treinamento e capacitação",Outro,999.0,Fora do Raio,[FORA DAS BASES],0,pncp_intelligence/data/briefings_ia/briefing_41479569000169-1-000069_2026.txt,,2026-09
373,46523031000128-1-000171/2026,2026,66/2026,181/2026,46523031000128,MUNICIPIO DE ITAPEVI,M,N,SP,Itapevi,Itapevi,6,Pregão - Eletrônico,Aberto,Divulgada no PNCP,0,"CONTRATAÇÃO DE EMPRESA PARA FORNECIMENTO DE SOLUÇÃO DE SISTEMAS DE GESTÃO PARA AS ÁREAS DE EDUCAÇÃO E ASSISTÊNCIA SOCIAL, NO MODO SOFTWARE COMO SERVIÇOS (SAAS), INCLUÍDOS NOS SERVIÇOS DE CONVERSÃO DE BASES, IMPLANTAÇÃO, TREINAMENTO, BEM COMO OS SERVIÇOS CONTINUADOS DE SUPORTE TÉCNICO E MANUTENÇÃO, QUE GARANTAM AS ALTERAÇÕES LEGAIS, CORRETIVAS E/OU EVOLUTIVAS, BEM COMO AS ATUALIZAÇÕES DE VERSÃO DOS SISTEMAS LICENCIADOS",,2885333.38,0.0,2026-09-29 14:25:16,2026-09-29T19:30:00,2026-10-15T09:00:00,,,Tecnologia da Informação & Serviços Digitais,Licenciamento de Software & SaaS,saas,São Paulo/Campinas,250.0,Estado Alvo,[VIABILIDADE: 100% REMOTO] [ESTADO ALVO: SP],0,pncp_intelligence/data/briefings_ia/briefing_46523031000128-1-000171_2026.txt,,2026-09
374,01609408000128-1-000163/2026,2026,000043,007030/2026,01609408000128,MUNICIPIO DE MARATAIZES,M,N,ES,Marataízes,Prefeitura Municipal de Marataízes,6,Pregão - Eletrônico,Aberto,Divulgada no PNCP,1,"AQUISIÇÃO DE MATERIAIS DE SINALIZAÇÃO DE TRÂNSITO, SEPARADORES DE PÚBLICO, FERRAMENTAS, TINTAS E DEMAIS ITENS CORRELATOS","A presente contratação justifica-se pela necessidade de garantir a continuidade, eficiência e segurança das atividades desempenhadas pelo Departamento Municipal de Trânsito - DEMUTRAN, em conjunto com a Secretaria Municipal de Defesa Social e Segurança Patrimonial, especialmente no que se refere às ações de organização, Fiscalização, controle e segurança do tráfego urbano, bem como ao suporte operacional das atividades institucionais desenvolvidas pelo Município. A aquisição de materiais de sinalização de trânsito, separadores de público, ferramentas, tintas e itens correlatos mostra-se indispensável para assegurar a adequada execução das atividades relacionadas à sinalização viária horizontal e vertical, isolamento e controle de áreas públicas, apoio a eventos, intervenções urbanas, obras, operações de trânsito e demais ações que demandem organização do fluxo de veículos e pedestres, visando à preservação da ordem pública e da segurança coletiva. Ressalta-se que tais materiais estão sujeitos ao desgaste contínuo em razão do uso frequente, da exposição às intempéries, da ação do tempo e de avarias decorrentes da rotina operacional, tornando necessária a reposição periódica e a manutenção do estoque mínimo operacional, de forma a evitar descontinuidade dos serviços e assegurar pronta resposta às demandas ordinárias e emergenciais. Ademais, a disponibilidade adequada desses insumos contribui diretamente para a observância das normas de trânsito e segurança, redução de riscos de acidentes, proteção do patrimônio público, melhoria das condições de trabalho dos servidores e maior efetividade das ações executadas pelo DEMUTRAN e pela Secretaria Municipal de Defesa Social e Segurança Patrimonial. Destaca-se, ainda, que a ausência ou insuficiência desses materiais poderá comprometer a capacidade operacional do setor, ocasionando prejuízos à execução das atividades de sinalização, ordenamento do trânsito, segurança viária e atendimento às demandas da coletividade, impactando negativamente a prestação dos serviços públicos essenciais. Dessa forma, a presente aquisição revela-se necessária, adequada e compatível com o interesse público, observando os princípios da eficiência, continuidade do serviço público, economicidade, planejamento e supremacia do interesse público, visando assegurar a regularidade das atividades institucionais e a adequada prestação dos serviços à população.",330699.13,0.0,2026-09-29 15:06:22,2026-10-01T00:00:00,2026-10-14T13:30:00,,,Tecnologia da Informação & Serviços Digitais,Cloud & Infraestrutura de TI,servidores,Outro,999.0,Fora do Raio,[FORA DAS BASES],0,pncp_intelligence/data/briefings_ia/briefing_01609408000128-1-000163_2026.txt,,2026-09
375,45321791000190-1-000053/2026,2026,15,15,45321791000190,SERVICO AUTONOMO DE AGUA E ESGOTO DA ESTANCIA TURISTICA DE IBITINGA - SAAE -,M,E,SP,Ibitinga,SERVIÇO AUTÔNOMO DE ÁGUA E ESGOTO DA ESTÂNCIA TURÍSTICA DE IBITINGA,6,Pregão - Eletrônico,Aberto,Divulgada no PNCP,0,CONTRATAÇÃO DE LEILOEIRO OFICIAL,"Contratação mediante Pregão Eletronico de leiloeiro oficial para preparação, organização e condução de leilões públicos de bens móveis inservíveis ao SAAE – Serviço Autônomo de Água e Esgoto de Ibitinga/SP.
	A justficativa para a contratação do objeto se firma na necessidade do município em promover a alienação de bens inserviveis, como tambem no fato de que SAAE – Serviço Autônomo de Água e Esgoto de Ibitinga/SP não dispõe de mão de obra especializada para execução das ações imprencindíveis a realização dos leilões.
       O leilão é considerado, por excelência, a modalidade de licitação para alienação de bens móveis inservíveis ou legalmente apreendidos a quem oferecer o maior lance, previsto na Nova Lei de Licitações no inciso IV, do artigo 28. De forma específica no artigo 31, determina como deve acontecer a fase preparatória:
“Art. 31. O leilão poderá ser cometido a leiloeiro oficial ou a servidor designado pela autoridade competente da Administração, e regulamento deverá dispor sobre seus procedimentos operacionais”.
 “§ 1º Se optar pela realização de leilão por intermédio de leiloeiro oficial, a Administração deverá selecioná-lo mediante credenciamento ou licitação na modalidade pregão e adotar o critério de julgamento de maior desconto para as comissões a serem cobradas, utilizados como parâmetro máximo os percentuais definidos na lei que regula a referida profissão e observados os valores dos bens a serem leiloados.”
§ 2º O leilão será precedido da divulgação do edital em sítio eletrônico oficial, que conterá:
a descrição do bem, com suas características, e, no caso de imóvel, sua situação e suas divisas, com remissão à matrícula e aos registros;
o valor pelo qual o bem foi avaliado, o preço mínimo pelo qual poderá ser alienado, as condições de pagamento e, se for o caso, a comissão do leiloeiro designado;
a indicação do lugar onde estiverem os móveis, os veículos e os semoventes;
- o sítio da internet e o período em que ocorrerá o leilão, salvo se excepcionalmente for realizado sob a forma presencial por comprovada inviabilidade técnica ou desvantagem para a Administração, hipótese em que serão indicados o local, o dia e a hora de sua realização;
V- a especificação de eventuais ônus, gravames ou pendências existentes sobre os bens a serem leiloados.
§ 3º Além da divulgação no sítio eletrônico oficial, o edital do leilão será afixado em local de ampla circulação de pessoas na sede da Administração e poderá, ainda, ser divulgado por outros meios necessários para ampliar a publicidade e a competitividade da licitação.
§ 4º O leilão não exigirá registro cadastral prévio, não terá fase de habilitação e deverá ser homologado assim que concluída a fase de lances, superada a fase recursal e efetivado o pagamento pelo licitante vencedor, na forma definida no edital.”
	Ademais é necessária a otimização da qualidade no trato com o bem público com observância de critérios e mecanismos geradores de maior eficiência, celeridade e economicidade. Não obstante, o órgão não dispõe em seu quadro de servidores permanentes profissionais com atribuições para executar tais serviços.
	Desse modo, a contratação de um leiloeiro oficial proporcionará maior exequibilidade, dinamismo e celeridade nos leilões a serem realizados.
",5.0,0.0,2026-09-29 15:28:39,2026-09-29T17:00:00,2026-10-09T16:50:00,http://164.163.52.93:8079/compraseditali/,,Tecnologia da Informação & Serviços Digitais,Cloud & Infraestrutura de TI,servidores,São Paulo/Campinas,250.0,Estado Alvo,[ESTADO ALVO: SP],0,pncp_intelligence/data/briefings_ia/briefing_45321791000190-1-000053_2026.txt,,2026-09
376,13830336000123-1-000204/2026,2026,083,5539/2026,13830336000123,MUNICIPIO DE CANDEIAS,M,N,BA,Candeias,Prefeitura Municipal de Candeias,6,Pregão - Eletrônico,Aberto,Divulgada no PNCP,0,"AQUISIÇÃO DE FARDAMENTOS PROFISSIONAIS DESTINADOS ÁS MERENDEIRAS, AUXILIARES DE SERVIÇOS GERAIS E SERVIDORES DA SEDE DA SECRETARIA MUNICIPAL DE EDUCAÇÃO DO MUNICÍPIO DE CANDEIAS-BA.",,422790.64,0.0,2026-09-29 15:34:53,2026-09-29T16:00:00,2026-10-14T09:00:00,licitanet.com.br,,Tecnologia da Informação & Serviços Digitais,Cloud & Infraestrutura de TI,servidores,Outro,999.0,Fora do Raio,[FORA DAS BASES],0,pncp_intelligence/data/briefings_ia/briefing_13830336000123-1-000204_2026.txt,,2026-09
377,01612478000135-1-000054/2026,2026,016,049/2026,01612478000135,MUNICIPIO DE PATIS,M,N,MG,Patis,Prefeitura Municipal de Patis,6,Pregão - Eletrônico,Aberto,Divulgada no PNCP,0,"[Portal de Compras Públicas] - CONTRATAÇÃO DE INSTITUIÇÃO BANCÁRIA AUTORIZADA PELO BANCO CENTRAL DO BRASIL PARA OPERAR OS SERVIÇOS DE PROCESSAMENTO E GERENCIAMENTO DE CRÉDITOS DA FOLHA DE PAGAMENTO DOS SERVIDORES PÚBLICOS MUNICIPAIS ATIVOS DA PREFEITURA DE PATIS-MG, INCLUINDO EFETIVOS, CONTRATADOS, COMISSIONADOS, AGENTES POLÍTICOS E ELETIVOS DA ADMINISTRAÇÃO DIRETA DO PODER EXECUTIVO MUNICIPAL DE PATIS-MG, EM CONFORMIDADE AO TERMO DE REFERÊNCIA.",,216801.47,0.0,2026-09-29 15:44:52,2026-10-02T07:00:00,2026-10-27T09:00:00,https://www.portaldecompraspublicas.com.br/processos/MG/Prefeitura-Municipal-de-Patis-2932/PMP-016-2026-2026-514963,,Tecnologia da Informação & Serviços Digitais,Cloud & Infraestrutura de TI,servidores,Campinas/Sul de Minas,250.0,Estado Alvo,[ESTADO ALVO: MG],0,pncp_intelligence/data/briefings_ia/briefing_01612478000135-1-000054_2026.txt,,2026-09
378,60509015000101-1-000102/2026,2026,90100,69/00479/26,60509015000101,FUNDACAO PARA O DESENVOLVIMENTO DA EDUCACAO,E,E,SP,São Paulo,ESP-PRESTACAO DE SERVICOS FDE/SEE,4,Concorrência - Eletrônica,Aberto,Divulgada no PNCP,0,"Contratação de obra com fornecimento de materiais e mão de obra, objetivando a construção de prédio escolar Pq Servidores II", Para as respostas de esclarecimentos e impugnações deste edital acesse o link: https://cnetmobile.estaleiro.serpro.gov.br/comprasnet-web/public/landing?destino=quadro-informativo&compra=08110203901002026,23804567.54,0.0,2026-06-23 07:08:30,2026-09-02T08:30:00,2026-10-13T09:00:00,https://cnetmobile.estaleiro.serpro.gov.br/comprasnet-web/public/landing?destino=acompanhamento-compra&compra=08110203901002026,,Tecnologia da Informação & Serviços Digitais,Cloud & Infraestrutura de TI,servidores,São Paulo,0.0,0 km (Base Central),[BASE DIRETA: SÃO PAULO/SP],1,pncp_intelligence/data/briefings_ia/briefing_60509015000101-1-000102_2026.txt,,2026-06
379,07954480000179-1-018879/2026,2026,10,36001.001996/2025-74,07954480000179,ESTADO DO CEARA,E,N,CE,Fortaleza,GOVERNO DO ESTADO DO CEARÁ,4,Concorrência - Eletrônica,Fechado,Divulgada no PNCP,0,"Prestação dos serviços técnicos especializados para elaboração de Estudo de Viabilidade Técnica, Ambiental e Econômica – EVTAE, voltado ao controle da erosão e ao manejo adequado das águas pluviais em áreas de falésias costeiras no município de Aracati/CE, com ênfase na localidade de Canoa Quebrada, nas condições estabelecidas neste edital e seus anexos.",,659976.47,0.0,2026-07-01 12:01:57,2026-09-03T08:00:00,2026-10-27T09:30:00,https://cnetmobile.estaleiro.serpro.gov.br/comprasnet-web/public/compras/acompanhamento-compra?compra=94300103000102026,https://suite.ce.gov.br/,"Consultoria, Treinamento & Serviços Especializados","Pesquisas, Avaliações & Estudos Técnicos",estudo de viabilidade técnica,Outro,999.0,Fora do Raio,[FORA DAS BASES],0,pncp_intelligence/data/briefings_ia/briefing_07954480000179-1-018879_2026.txt,,2026-07
380,82777301000190-1-000192/2026,2026,575,26/2026,82777301000190,MUNICIPIO DE LAGES,M,N,SC,Lages,PREFEITURA MUNICIPAL DE LAGES - SC,4,Concorrência - Eletrônica,Fechado,Divulgada no PNCP,0,Contratação de serviços de consultoria e assessoria técnica por empresa especializada em saneamento.,,675000.0,0.0,2026-07-16 17:04:32,2026-09-04T08:00:00,2026-10-29T09:00:00,https://cnetmobile.estaleiro.serpro.gov.br/comprasnet-web/public/compras/acompanhamento-compra?compra=98818303005752026,https://licitacoes.lages.sc.gov.br/detalhe&edital=2868,"Consultoria, Treinamento & Serviços Especializados",Consultoria & Assessoria Técnica,assessoria técnica,Joinville,250.0,Estado Alvo,[ESTADO ALVO: SC],0,pncp_intelligence/data/briefings_ia/briefing_82777301000190-1-000192_2026.txt,,2026-07
381,07954480000179-1-020216/2026,2026,192,30032.001381/2026-85,07954480000179,ESTADO DO CEARA,E,N,CE,Fortaleza,GOVERNO DO ESTADO DO CEARÁ,4,Concorrência - Eletrônica,Aberto-Fechado,Divulgada no PNCP,0," Serviços compreendendo o provimento de recursos de inteligência artificial generativa e recursos de nuvem correlatos, dentro do ambiente de nuvem pública Google Cloud Platform (GCP), incluindo serviços técnicos avançados de gerenciamento, orquestração da nuvem, sustentação emergencial e administração dos projetos, conforme especificações e quantitativos previstos no Anexo I – Termo de Referência, nas condições estabelecidas neste edital e seus anexos.",,0.0,0.0,2026-08-04 08:13:26,2026-09-15T08:00:00,2026-10-22T10:00:00,https://cnetmobile.estaleiro.serpro.gov.br/comprasnet-web/public/compras/acompanhamento-compra?compra=94300103001922026,https://suite.ce.gov.br/,Tecnologia da Informação & Serviços Digitais,Cloud & Infraestrutura de TI,"google cloud, inteligência artificial",Remoto,999.0,Fora do Raio,[VIABILIDADE: 100% REMOTO],0,pncp_intelligence/data/briefings_ia/briefing_07954480000179-1-020216_2026.txt,,2026-08
382,07954480000179-1-020531/2026,2026,377,56012.000014/2026-96,07954480000179,ESTADO DO CEARA,E,N,CE,Fortaleza,GOVERNO DO ESTADO DO CEARÁ,4,Concorrência - Eletrônica,Fechado,Divulgada no PNCP,0,"S. DE AUDITORIA INDEPENDENTE EM CONFORMIDADE COM AS NORMAS DO IBRACON E CONSELHO FEDERAL DE CONTABILIDADE (CFC).
",,346000.0,0.0,2026-08-07 09:48:24,2026-08-14T08:00:00,2026-10-22T09:30:00,https://cnetmobile.estaleiro.serpro.gov.br/comprasnet-web/public/compras/acompanhamento-compra?compra=94300103003772026,https://suite.ce.gov.br,"Consultoria, Treinamento & Serviços Especializados",Consultoria & Assessoria Técnica,auditoria independente,Outro,999.0,Fora do Raio,[FORA DAS BASES],0,pncp_intelligence/data/briefings_ia/briefing_07954480000179-1-020531_2026.txt,,2026-08
383,80888688000127-1-000046/2026,2026,15,56/2026,80888688000127,MUNICIPIO DE LUIZIANA,M,N,PR,Luiziana,Unidade administrativa,4,Concorrência - Eletrônica,Aberto,Suspensa,0," CONTRATAÇÃO DE EMPRESA ESPECIALIZADA PARA PRESTAÇÃO DE SERVIÇOS TÉCNICOS ESPECIALIZADOS DE APOIO TÉCNICO, DE NATUREZA PREDOMINANTEMENTE INTELECTUAL E DE COMPLEXIDADE ESPECÍFICA, COMPREENDENDO, EM LOTE ÚNICO: AUDITORIA NORMATIVA DA LEGISLAÇÃO DE PESSOAL DO MUNICÍPIO DE LUIZIANA/PR; ELABORAÇÃO DE MINUTAS LEGISLATIVAS PARA O NOVO ESTATUTO DOS SERVIDORES PÚBLICOS E O NOVO PLANO DE CARGOS, CARREIRAS E SALÁRIOS – PCCS; MODELAGEM JURÍDICA DOS IMPACTOS FISCAIS; E APOIO TÉCNICO PREVENTIVA E DEFENSIVA VINCULADA AOS APONTAMENTOS DOS MÓDULOS DE GESTÃO DE PESSOAL DO SISTEMA PROGOV/TCE-PR E DOS PORTAIS DE TRANSPARÊNCIA.",,127999.92,0.0,2026-08-14 14:13:46,2026-08-14T08:00:00,2026-10-08T08:00:00,,,Tecnologia da Informação & Serviços Digitais,Cloud & Infraestrutura de TI,servidores,Joinville/Curitiba,250.0,Estado Alvo,[ESTADO ALVO: PR],0,pncp_intelligence/data/briefings_ia/briefing_80888688000127-1-000046_2026.txt,,2026-08
384,04279238000159-1-000224/2026,2026,020,10015,04279238000159,MUNICIPIO DE JARU,M,N,RO,Jaru,MUNICÍPIO DE JARÚ/RO,4,Concorrência - Eletrônica,Aberto,Divulgada no PNCP,0,"[LICITANET] - CONTRATAÇÃO DE EMPRESA ESPECIALIZADA PARA O FORNECIMENTO, IMPLANTAÇÃO, CUSTOMIZAÇÃO, TREINAMENTO E PARAMETRIZAÇÃO DE SOLUÇÃO INFORMATIZADA, EM PLATAFORMA WEB E APLICATIVO MOBILE, DESTINADA AO INCENTIVO À EMISSÃO DE NOTAS FISCAIS DE SERVIÇOS ELETRÔNICAS (NFS-E), POR MEIO DA REALIZAÇÃO DE SORTEIOS ELETRÔNICOS DE PRÊMIOS MENSAIS E ANUAIS, CONFORME REGRAS DEFINIDAS PELA ADMINISTRAÇÃO MUNICIPAL, BEM COMO PARA A PRESTAÇÃO CONTÍNUA DE SERVIÇOS TÉCNICOS DE GESTÃO, HOSPEDAGEM EM NUVEM, MANUTENÇÃO CORRETIVA, PREVENTIVA E EVOLUTIVA, SEGURANÇA DA INFORMAÇÃO, AUDITORIA TÉCNICA DOS SORTEIOS E SUPORTE TÉCNICO.
",,484328.2,0.0,2026-08-17 12:26:56,2026-08-17T12:26:52,2026-10-06T09:10:00,https://licitanet.com.br/sessao/198016,,Tecnologia da Informação & Serviços Digitais,Cibersegurança & Governança de Dados,segurança da informação,Remoto,999.0,Fora do Raio,[VIABILIDADE: 100% REMOTO],0,pncp_intelligence/data/briefings_ia/briefing_04279238000159-1-000224_2026.txt,,2026-08
385,27174077000134-1-000003/2026,2026,4,11277/2025,27174077000134,MUNICIPIO DE CONCEICAO DA BARRA,M,N,ES,Conceição da Barra,PREFEITURA MUNICIPAL DE CONCEIÇÃO DA BARRA,8,Dispensa,Dispensa Com Disputa,Divulgada no PNCP,0,Contratação de Empresa especializada em Acessoria e Consultoria em Gestão de Convênios,,60000.0,0.0,2026-01-28 11:49:18,2025-10-30T09:00:00,2026-10-30T09:00:00,,,"Consultoria, Treinamento & Serviços Especializados",Consultoria & Assessoria Técnica,consultoria em gestão,Outro,999.0,Fora do Raio,[FORA DAS BASES],0,pncp_intelligence/data/briefings_ia/briefing_27174077000134-1-000003_2026.txt,,2026-01
386,17305729000179-1-000031/2026,2026,PCE2300220260028,07907202026000033833,17305729000179,AGENCIA REGULADORA DE SANEAMENTO BASICO DO ESTADO DA BAHIA,E,E,BA,Salvador,AGÊNCIA REGULADORA DE SANEAMENTO BÁSICO DO ESTADO DA BAHIA,8,Dispensa,Dispensa Com Disputa,Divulgada no PNCP,0,Curso de capacitacao em drone pratico e avancado relacionado a drone e geontologia,,22212.5,0.0,2026-09-17 16:27:14,2026-10-06T08:30:00,2026-10-06T10:30:00,,,"Consultoria, Treinamento & Serviços Especializados",Treinamento & Desenvolvimento Humano,curso de capacitação,Outro,999.0,Fora do Raio,[FORA DAS BASES],0,pncp_intelligence/data/briefings_ia/briefing_17305729000179-1-000031_2026.txt,,2026-09
387,76970334000150-1-000090/2026,2026,018,086,76970334000150,MUNICIPIO DE PARANACITY,M,N,PR,Paranacity,MUNICÍPIO DE PARANACITY/PR,8,Dispensa,Dispensa Com Disputa,Divulgada no PNCP,0,"[LICITANET] - CONTRATAÇÃO DE PESSOA JURÍDICA ESPECIALIZADA PARA O FORNECIMENTO DE RELÓGIOS DE PONTO ELETRÔNICO FACIAL, INCLUINDO INSTALAÇÃO, CONFIGURAÇÃO, PARAMETRIZAÇÃO DO SISTEMA, CAPACITAÇÃO DE USUÁRIOS, SUPORTE TÉCNICO, MANUTENÇÃO E DEMAIS SERVIÇOS NECESSÁRIOS À IMPLANTAÇÃO DA SOLUÇÃO, DESTINADOS AO CONTROLE DA JORNADA DE TRABALHO DOS SERVIDORES DA PREFEITURA MUNICIPAL DE PARANACITY/PR.",,52030.94,0.0,2026-09-23 09:39:17,2026-09-17T09:03:02,2026-10-09T08:00:00,https://licitanet.com.br/sessao/201809,,Tecnologia da Informação & Serviços Digitais,Cloud & Infraestrutura de TI,servidores,Joinville/Curitiba,250.0,Estado Alvo,[ESTADO ALVO: PR],0,pncp_intelligence/data/briefings_ia/briefing_76970334000150-1-000090_2026.txt,,2026-09
388,77778694000117-1-000019/2026,2026,11,18/2026,77778694000117,CAMARA MUNICIPAL DE IPIRANGA,M,L,PR,Ipiranga,Unidade administrativa,8,Dispensa,Dispensa Com Disputa,Divulgada no PNCP,0,"Contratação de empresa especializada em Segurança e Saúde no Trabalho (SST), que se enquadre como Microempresa (ME) ou Empresa de Pequeno Porte (EPP), nos termos da Lei Complementar nº 123/2006 e Lei Complementar nº 147/2014, para prestação de serviços técnicos especializados de elaboração, implantação, execução e acompanhamento do Programa de Gerenciamento de Riscos – PGR/GRO, elaboração e atualização do Laudo Técnico das Condições Ambientais do Trabalho (LTCAT) e  Laudo de Análise Ergonômica do Trabalho – AET- da Câmara Municipal de Ipiranga, incluindo a realização de avaliações ambientais,  ergonômicas e ocupacionais dos cargos e ambientes, (conforme normas aplicáveis).","A presente contratação tem por finalidade assegurar o atendimento às obrigações legais relacionadas à Segurança e Saúde no Trabalho (SST), especialmente aquelas exigidas pelo Sistema de Escrituração Digital das Obrigações Fiscais, Previdenciárias e Trabalhistas e-Social, que impõe o envio periódico e preciso de informações técnicas relativas aos riscos ocupacionais, condições ambientais de trabalho e acompanhamento da saúde dos trabalhadores. A elaboração dos programas, laudos e documentos exigidos demanda conhecimento técnico especializado, bem como habilitação legal e experiência profissional específica, não disponíveis no quadro de pessoal da Câmara Municipal de Ipiranga. Dessa forma, a contratação de empresa especializada mostra-se necessária, adequada e indispensável para garantir a conformidade com a legislação trabalhista e previdenciária, mitigar riscos institucionais, evitar penalidades administrativas e assegurar condições adequadas de saúde e segurança no ambiente de trabalho desta Casa de Leis. A elaboração e acompanhamento do PGR/GRO permitirá a identificação e controle sistemático dos riscos ocupacionais existentes nos ambientes da Câmara Municipal, contribuindo para a identificação, avaliação e controle dos riscos ocupacionais existentes nos ambientes e processos de trabalho. O Laudo Técnico das Condições Ambientais do Trabalho (LTCAT) tem por objetivo analisar a exposição a agentes nocivos, visando caracterizar ou não insalubridade no ambiente de trabalho, o qual servirá de base para fins de Aposentadoria Especial nas atividades que são realizadas pelos funcionários e suas respectivas funções/atividades. A caracterização ou não da Aposentadoria Especial devem estar descritas no quadro de reconhecimento de risco de cada função e são válidas desde que se mantenham as mesmas características encontradas no dia da avaliação ambiental. Embora não possua prazo de validade determinado, o LTCAT deve ser revisado sempre que houver alterações no ambiente de trabalho ou, no mínimo, periodicamente, conforme boas práticas técnicas. A contratação da Análise Ergonômica do Trabalho – AET mostra-se tecnicamente necessária e complementar à contratação do Programa de Gerenciamento de Riscos – PGR e do Laudo Técnico das Condições Ambientais do Trabalho – LTCAT, que serão realizados pela Câmara Municipal.  Diante do exposto, a diretoria/presidência da Câmara Municipal de Ipiranga identificou a necessidade de eventual atualização do LTCAT,  tendo em vista que se passou mais de 12 meses desde a sua última avaliação, conforme orientação do próprio LTCAT anterior, principalmente para avaliação dos ambientes e identificação de eventuais riscos biológicos para os 05 Cargos Efetivos, além da avaliação dos ambientes para os cargos comissionados e o cargo de vereador, independente do vínculo previdenciário aplicável. Em virtude da discricionaridade da Mesa Diretora de contratar novos servidores, e isto requerer adequações na estrutura administrativa da Câmara Municipal, a exemplo: renomear cargos já existentes e/ou nas possíveis inclusões de novos cargos, justifica-se que a empresa contratada se responsabilize em realizar atualizações no LTCAT/PGR/AET quando ocorrerem no período de 12 meses. A atualização será mediante prévia solicitação da Câmara Municipal.",5176.8,0.0,2026-09-23 16:49:01,2026-09-30T08:30:00,2026-10-06T08:30:00,,,Tecnologia da Informação & Serviços Digitais,Cloud & Infraestrutura de TI,servidores,Joinville/Curitiba,250.0,Estado Alvo,[ESTADO ALVO: PR],0,pncp_intelligence/data/briefings_ia/briefing_77778694000117-1-000019_2026.txt,,2026-09
389,13795380000140-1-000069/2026,2026,020,020,13795380000140,MUNICIPIO DE MUNDO NOVO,M,N,BA,Mundo Novo,PREFEITURA MUNICIPAL DE MUNDO NOVO - BA,8,Dispensa,Dispensa Com Disputa,Divulgada no PNCP,0,"CHAMADA PÚBLICA PARA CREDENCIAMENTO PARA CONTRATAÇÃO DE EMPRESA ESPECIALIZADA NO SERVIÇO DE AGENCIAMENTO DE PASSAGENS AÉREAS COMPREENDENDO RESERVAS, EMISSÃO DE BILHETES, REMARCAÇÃO, REEMBOLSO E CANCELAMENTO DE BILHETES EM TRECHOS DIVERSOS NO ÂMBITO INTERNACIONAL, A SEREM UTILIZADAS EM VIAGENS A SERVIÇOS DAS AUTORIDADES, SERVIDORES, COLABORADORES, BEM COMO ESPORTISTAS ABRANGIDOS PELO PROGRAMA MUNICIPAL DE INCENTIVO AO ESPORTE, CRIADO PELA LEI MUNICIPAL N° 1518/2025, PARA ATENDER AS DEMANDAS DA PREFEITURA MUNICIPAL DE MUNDO NOVO – BA.",,1800.0,0.0,2026-09-24 11:16:28,2026-09-24T11:09:00,2026-10-15T11:09:00,sai.io.org.br/site/PublicadoPncp/171306?localConsulta=2&title=2&cod=1787,,Tecnologia da Informação & Serviços Digitais,Cloud & Infraestrutura de TI,servidores,Outro,999.0,Fora do Raio,[FORA DAS BASES],0,pncp_intelligence/data/briefings_ia/briefing_13795380000140-1-000069_2026.txt,,2026-09
390,10882594000165-1-000563/2026,2026,41,23306.005022.2026-74,10882594000165,"INSTITUTO FEDERAL DE EDUCACAO, CIENCIA E TECNOLOGIA DE SAO PAULO",F,E,SP,São Paulo,INST.FED.SÃO PAULO/CAMPUS SÃO PAULO,8,Dispensa,Dispensa Com Disputa,Divulgada no PNCP,0,"Aquisição de jogos educativos e acessórios a serem utilizados pelos estudantes e servidores do Campus São Paulo em ações do
projeto ""Pertencer é Permanecer"", reunidos no Grupo 1 (Lote Único)","As ações compõem o Projeto Pertencer é Permanecer, que será executado com recursos já aprovados de emenda parlamentar e que se alinha a Programas
e Ações prioritárias do Ministério da Educação, em particular, às ações: 20RG - Reestruturação e Modernização das Instituições da Rede Federal de
Educação Profissional, Científica e Tecnológica; e 20RP – Apoio à Infraestrutura para a Educação Básica.",15123.84,0.0,2026-09-25 15:25:06,2026-09-28T10:00:00,2026-10-06T10:00:00,https://cnetmobile.estaleiro.serpro.gov.br/comprasnet-web/public/compras/acompanhamento-compra?compra=15827006000412026,https://suap.ifsp.edu.br/processo_eletronico/visualizacao_documentos_processo/627447/,Tecnologia da Informação & Serviços Digitais,Cloud & Infraestrutura de TI,servidores,São Paulo,0.0,0 km (Base Central),[BASE DIRETA: SÃO PAULO/SP],1,pncp_intelligence/data/briefings_ia/briefing_10882594000165-1-000563_2026.txt,,2026-09
391,32147670000121-1-000163/2026,2026,020,13906/2026,32147670000121,MUNICIPIO DE SAQUAREMA,M,N,RJ,Saquarema,MUNICÍPIO DE SAQUAREMA/RJ,8,Dispensa,Dispensa Com Disputa,Divulgada no PNCP,0,"[LICITANET] - Contratação de empresa especializada para o fornecimento de estantes de aço de linha pesada, destinadas a atender às necessidades do Arquivo Geral de Gestão de Pessoas da Secretaria Municipal de Administração, Receita e Tributação, visando à adequada guarda, organização, preservação e conservação dos documentos funcionais dos servidores ativos e inativos do Município de Saquarema",,14017.0,0.0,2026-09-28 10:45:21,2026-09-28T10:45:04,2026-10-06T10:00:00,https://licitanet.com.br/sessao/202976,,Tecnologia da Informação & Serviços Digitais,Cloud & Infraestrutura de TI,servidores,Outro,999.0,Fora do Raio,[FORA DAS BASES],0,pncp_intelligence/data/briefings_ia/briefing_32147670000121-1-000163_2026.txt,,2026-09
392,75740829000120-1-000088/2026,2026,010,083/2026,75740829000120,MUNICIPIO DE BORRAZOPOLIS,M,N,PR,Borrazópolis,UNIDADE ADMINISTRATIVA,8,Dispensa,Dispensa Com Disputa,Divulgada no PNCP,0,"AQUISIÇÃO DE MOCHILAS EXECUTIVAS PARA ATENDER ÀS NECESSIDADES DA SECRETARIA MUNICIPAL DE EDUCAÇÃO, DESTINADAS AOS PROFESSORES, EQUIPE PEDAGÓGICA E DEMAIS SERVIDORES, PARA O ACONDICIONAMENTO E TRANSPORTE DE MATERIAIS PEDAGÓGICOS, DOCUMENTOS, NOTEBOOKS E DEMAIS OBJETOS DE USO FUNCIONAL.",,10140.0,0.0,2026-09-28 16:53:04,2026-09-29T09:00:00,2026-10-06T08:30:00,https://bnccompras.com/Process/ProcessView?param1=[gkz]z6RaR9bQeyF/Euyhc2bK7bo30bvdUJX3Pefvc2l1eUyrn4MbfAa8ShmW3o6MNQxpCvTAFX_qxTkUSngNtER/WMyJ_/UQMZvEkfACqtb0InA=,,Tecnologia da Informação & Serviços Digitais,Cloud & Infraestrutura de TI,servidores,Joinville/Curitiba,250.0,Estado Alvo,[ESTADO ALVO: PR],0,pncp_intelligence/data/briefings_ia/briefing_75740829000120-1-000088_2026.txt,,2026-09
393,80909658000150-1-000025/2026,2026,15,24,80909658000150,SERVICO AUTONOMO MUNICIPAL DE AGUA E ESGOTO,M,E,PR,Japurá,SAMAE - JAPURA,8,Dispensa,Aberto,Divulgada no PNCP,0,"CONTRATAÇÃO DE EMPRESA ESPECIALIZADA PARA AQUISIÇÃO DE UNIFORMES PARA OS SERVIDORES DO (SAMAE), PADRONIZADOS COM LOGOMARCA DO SERVIÇO AUTÔNOMO MUNICIPAL DE ÁGUA E ESGOTO - SAMAE DE JAPURÁ/PR.",Inexistente,16838.78,0.0,2026-09-29 10:10:09,2026-10-06T14:00:00,2026-10-06T14:00:00,,,Tecnologia da Informação & Serviços Digitais,Cloud & Infraestrutura de TI,servidores,Joinville/Curitiba,250.0,Estado Alvo,[ESTADO ALVO: PR],0,pncp_intelligence/data/briefings_ia/briefing_80909658000150-1-000025_2026.txt,,2026-09
394,44892693000140-1-000233/2026,2026,73,19545/2026,44892693000140,MUNICIPIO DE CARAPICUIBA,M,N,SP,Carapicuíba,MUNICIPIO DE CARAPICUIBA,8,Dispensa,Dispensa Com Disputa,Divulgada no PNCP,0, - Contratação de empresa para confecção de jaquetas operacionais para uso da Guarda Civil Municipal.," - A Guarda Civil Municipal desempenha atividades operacionais permanentes em ambientes urbanos, estando seus agentes expostos diariamente às intempéries climáticas, riscos físicos, abrasão, impactos e demais situações inerentes ao serviço de Segurança Pública e Controle Urbano e controle urbano.A utilização de jaquetas operacionais confeccionadas em tecido de alta resistência, dotadas de proteções anatômicas, elementos refletivos e sistemas de isolamento térmico e impermeabilização, constitui medida indispensável para proporcionar melhores condições de segurança, conforto e desempenho funcional. A contratação também visa padronizar o uniforme institucional da Corporação, reforçando sua identidade visual perante a população e atendendo aos princípios da eficiência, economicidade e valorização dos servidores públicos.",0.0,0.0,2026-09-29 10:19:16,2026-09-29T10:30:00,2026-10-06T08:00:00,,,Tecnologia da Informação & Serviços Digitais,Cloud & Infraestrutura de TI,servidores,São Paulo,22.0,Até 50 km,[BASE: SÃO PAULO | Carapicuíba/SP (22km)],1,pncp_intelligence/data/briefings_ia/briefing_44892693000140-1-000233_2026.txt,,2026-09
395,14986862000140-1-000123/2024,2024,9 | Processo 310,9,14986862000140,"FUNDACAO MUNICIPAL IRENE SIQUEIRA ALVES VOVO MOCINHA, A MATERNIDADE GOTA DE LEITE DE ARARAQUARA (FUNGOTA ARARAQUARA)",M,E,SP,Araraquara,Fundação Gota de Leite,12,Credenciamento,Não se aplica,Divulgada no PNCP,0,CREDENCIAMENTO DE EMPRESAS ESPECIALIZADAS NA PRESTACAO DE SERVICOS DE IMPLANTACAO  ORGANIZACAO  GERENCIAMENTO E ADMINISTRACAO DE SISTEMA AUXILIO ALIMENTACAO POR MEIO DE CARTAO ELETRONICO INDIVIDUALIZADO COM FORNECIMENTO MENSAL PARA OS SERVIDORES FUNDACIONAIS ATIVOS DA FUNGOTA ARARAQUARA SP  CONFORME DESCRICOES E ESPECIFICACOES CONSTANTES DO TERMO DE REFERENCIA E DEMAIS ANEXOS DO PRESENTE EDITAL, ,9078000.0,9486237.15,2024-10-31 11:28:13,2024-10-29T07:00:00,2026-10-10T17:00:00, ,,Tecnologia da Informação & Serviços Digitais,Cloud & Infraestrutura de TI,servidores,São Paulo/Campinas,250.0,Estado Alvo,[ESTADO ALVO: SP],0,pncp_intelligence/data/briefings_ia/briefing_14986862000140-1-000123_2024.txt,,2024-10
396,00509968000148-1-001568/2025,2025,62,Proad 1848/2025,00509968000148,TRIBUNAL SUPERIOR DO TRABALHO,F,J,RN,Natal,TRIBUNAL REGIONAL DO TRABALHO DA 21A. REGIAO,12,Credenciamento,Não se aplica,Divulgada no PNCP,0,"Credenciamento de instituições financeiras autorizadas a funcionar pelo Banco Central Do Brasil, interessadas na concessão de crédito pessoal, mediante consignação em folha de pagamento, para magistrados e servidores, ativos, inativos, bem como pensionistas civis, pertencentes à folha de pagamento do Tribunal Regional do Trabalho da 21ª Região.","Novo Edital, em função da alteração do Edital nº 01/2024 (PROAD nº 4813/2023). Alteração no Edital de Credenciamento nº 01/2025 (PROAD nº 1848/2025).",0.01,0.0,2025-05-28 14:50:14,2025-10-06T08:00:00,2026-10-06T15:00:00,,,Tecnologia da Informação & Serviços Digitais,Cloud & Infraestrutura de TI,servidores,Natal,0.0,0 km (Base Central),[BASE DIRETA: NATAL/RN],1,pncp_intelligence/data/briefings_ia/briefing_00509968000148-1-001568_2025.txt,,2025-05
397,47842836000105-1-000131/2025,2025,197,11.544/2025,47842836000105,MUNICIPIO DE FERNANDOPOLIS,M,N,SP,Fernandópolis,PREFEITURA MUNICIPAL DE FERNANDOPOLIS - SP,12,Credenciamento,Não se aplica,Divulgada no PNCP,0,"CONTRATAÇÃO DE EMPRESA ESPECIALIZADA, POR MEIO DE CREDENCIAMENTO, PARA PRESTAÇÃO DE SERVIÇOS DE ASSISTÊNCIA À SAÚDE SUPLEMENTAR NA MODALIDADE DE PLANO DE SAÚDE COLETIVO EMPRESARIAL OU COLETIVO
POR ADESÃO, COM SEGMENTAÇÃO AMBULATORIAL E HOSPITALAR COM OBSTETRÍCIA, PARA OS
SERVIDORES PÚBLICOS MUNICIPAIS DE FERNANDÓPOLIS, TANTO ATIVOS DA PREFEITURA QUANTO
INATIVOS DO IPREM, E SEUS RESPECTIVOS DEPENDENTES, VISANDO GARANTIR A CONTINUIDADE DO
SERVIÇO E A LIBERDADE DE ESCOLHA DOS BENEFICIÁRIOS",,2436910.8,974764.3,2025-09-03 17:51:43,2025-10-15T08:30:00,2026-10-14T17:00:00,,,Tecnologia da Informação & Serviços Digitais,Cloud & Infraestrutura de TI,servidores,São Paulo/Campinas,250.0,Estado Alvo,[ESTADO ALVO: SP],0,pncp_intelligence/data/briefings_ia/briefing_47842836000105-1-000131_2025.txt,,2025-09
398,17416579000170-1-000011/2025,2025,3,9,17416579000170,INSTITUTO DE ASSISTENCIA DOS SERVIDORES MUNICIPAIS,M,E,MG,Poços de Caldas,GABINETE DA SECRETARIA DO IASM,12,Credenciamento,Não se aplica,Divulgada no PNCP,0,"Credenciamento de prestadores de serviços em operação de Planos de Saúde, para atendimento aos servidores públicos municipais e dependentes filiados, (incluindo Administração Direta, DMAE – Departamento Municipal de Água e Esgoto, Poder Legislativo - Câmara Municipal de Poços de Caldas e Águas Minerais Poços de Caldas e AME – Autarquia Municipal de Ensino), na modalidade Custo Operacional (pós-pago), segmentação assistencial ambulatorial e hospitalar com obstetrícia, com abrangência no Município de Poços de Caldas, Estado de Minas Gerais, conforme o Rol de Procedimentos e eventos em saúde, editado pela ANS, na época da solicitação do procedimento.","O IASM sempre ofertou a assistência médico-hospitalar de qualidade, englobando os segmentos ambulatorial, hospitalar e obstétrico, assegurando a prestação de assistência médica através de plano de saúde com o intuito de suprir as necessidades de atendimento de saúde dos seus filiados e dependentes legais.",35000000.0,32000000.0,2025-09-15 14:22:55,2025-10-08T10:00:56,2026-10-08T10:00:00,https://pncp.gov.br/app/editais/17416579000170/2025/11,,Tecnologia da Informação & Serviços Digitais,Cloud & Infraestrutura de TI,servidores,Campinas,150.0,100 a 200 km,[BASE: CAMPINAS | Poços de Caldas/MG (150km)],1,pncp_intelligence/data/briefings_ia/briefing_17416579000170-1-000011_2025.txt,,2025-09
399,23718034000111-1-000083/2025,2025,2025.08.12.01CP,2025.08.12.01CP,23718034000111,MUNICIPIO DE JIJOCA DE JERICOACOARA,M,N,CE,Jijoca de Jericoacoara,MUNICIPIO DE JIJOCA DE JERICOACOARA,12,Credenciamento,Não se aplica,Divulgada no PNCP,0,"CREDENCIAMENTO DE INSTITUIÇÕES FINANCEIRAS PARA CONCESSÃO DE CRÉDITO E RENEGOCIAÇÕES DE CONSIGNADO AOS SERVIDORES, COM DESCONTO EM FOLHA DE PAGAMENTO DO MUNICÍPIO DE JIJOCA DE JERICOACORA/CE. ",,0.01,0.0,2025-09-29 19:42:22,2025-09-29T20:00:00,2026-10-13T09:00:00,https://licitamaisbrasil.com.br/detalhes-do-edital/tikxd0GCX64ny9py,,Tecnologia da Informação & Serviços Digitais,Cloud & Infraestrutura de TI,servidores,Outro,999.0,Fora do Raio,[FORA DAS BASES],0,pncp_intelligence/data/briefings_ia/briefing_23718034000111-1-000083_2025.txt,,2025-09
400,17416579000170-1-000017/2025,2025,03,03,17416579000170,INSTITUTO DE ASSISTENCIA DOS SERVIDORES MUNICIPAIS,M,E,MG,Poços de Caldas,Instituto de Assistência dos Servidores Municipais de Poços de Caldas,12,Credenciamento,Não se aplica,Divulgada no PNCP,0,"[Portal de Compras Públicas] - Credenciamento de prestadores de serviços em operação de Planos de Saúde, para atendimento aos servidores públicos municipais e dependentes filiados",,35000000.0,0.0,2025-09-30 07:31:29,2025-10-08T10:00:00,2026-10-08T10:00:00,https://www.portaldecompraspublicas.com.br/processos/MG/Instituto-de-Assistencia-dos-Servidores-Municipais-de-Pocos-de-Caldas-4816/CRED-03-2025-2025-421874,,Tecnologia da Informação & Serviços Digitais,Cloud & Infraestrutura de TI,servidores,Campinas,150.0,100 a 200 km,[BASE: CAMPINAS | Poços de Caldas/MG (150km)],1,pncp_intelligence/data/briefings_ia/briefing_17416579000170-1-000017_2025.txt,,2025-09
401,01612547000100-1-000091/2025,2025,77,77/2025,01612547000100,MUNICIPIO DE OLHOS-D'AGUA,M,N,MG,Olhos-d'Água,Prefeitura Municipal de Olhos D`Agua,12,Credenciamento,Não se aplica,Divulgada no PNCP,0,"[Portal de Compras Públicas] - CREDENCIAMENTO DE EMPRESA ESPECIALIZADA PARA FORNECIMENTO DE REFEIÇÕES PRONTAS, NAS MODALIDADES SELFSERVICE E MARMITEX, ACOMPANHADAS DE SUCO OU REFRIGERANTE, BEM COMO LANCHES, EM RESTAURANTES LOCALIZADOS NESTE MUNICÍPIO E NAS CIDADES DE MONTES CLAROS, BOCAIUVA, DESTINADAS AOS SERVIDORES DAS SECRETARIAS MUNICIPAIS QUE ESTIVEREM EM VIAGEM A SERVIÇO DESTE MUNICÍPIO, BEM COMO NA CIDADE DE OLHOS D’ÁGUA, QUANDO A ATIVIDADE REQUEIRA A PERMANÊNCIA DO SERVIDOR NO LOCAL DE TRABALHO E/OU EVENTOS PROMOVIDOS PELA MUNICIPALIDADE.",,241342.0,0.0,2025-10-01 11:32:26,2025-10-16T09:00:00,2026-10-16T09:00:00,https://portaldecompraspublicas.com.br/processos/MG/Prefeitura-Municipal-de-Olhos-DAgua-2984/CRED-77-2025-2025-426307,,Tecnologia da Informação & Serviços Digitais,Cloud & Infraestrutura de TI,servidores,Campinas/Sul de Minas,250.0,Estado Alvo,[ESTADO ALVO: MG],0,pncp_intelligence/data/briefings_ia/briefing_01612547000100-1-000091_2025.txt,,2025-10
402,18094839000100-1-000024/2025,2025,004,097/2025,18094839000100,MUNICIPIO DE IBERTIOGA,M,N,MG,Ibertioga,Unidade Única,12,Credenciamento,Não se aplica,Divulgada no PNCP,0,Credenciamento de instituição financeira para prestação de serviços bancários de gerenciamento decréditos provenientes da Folha de Pagamento dos servidores públicos e agentes políticos do Municípiode IBERTIOGA,,0.01,0.0,2025-10-03 08:59:23,2025-10-07T00:00:00,2026-10-07T23:59:59,https://app2.licitardigital.com.br/pesquisa/79103,,Tecnologia da Informação & Serviços Digitais,Cloud & Infraestrutura de TI,servidores,Campinas/Sul de Minas,250.0,Estado Alvo,[ESTADO ALVO: MG],0,pncp_intelligence/data/briefings_ia/briefing_18094839000100-1-000024_2025.txt,,2025-10
403,18675900000102-1-000214/2025,2025,22,198,18675900000102,MUNICIPIO DE ESPIRITO SANTO DO DOURADO,M,N,MG,Espírito Santo do Dourado,"SECRET. MUN. ADM. E PLANEJ., FINANCAS, CONTAB. E GESTAO FISCAL, RH E ASSUNTOS INT. E OUVIDORIA",12,Credenciamento,Não se aplica,Divulgada no PNCP,0,"Credenciamento de interessados para prestação de serviços de manutenção preventiva e corretiva em computadores e impressoras dos setores da Prefeitura Municipal de Espírito Santo do Dourado/MG. ***** VALOR TOTAL ESTIMADO DA COMPRA - 72.000,00 *****","2.1. A presente contratação tem por objeto a prestação de serviços de manutenção preventiva e corretiva em computadores e impressoras utilizados nos diversos setores da Prefeitura Municipal de Espírito Santo do Dourado/MG, compreendendo o diagnóstico, reparo, substituição e configuração de equipamentos e componentes de informática, de modo a garantir o funcionamento contínuo e eficiente dos sistemas administrativos e operacionais da Administração Municipal.
2.2. A contratação justifica-se pela necessidade de assegurar a continuidade e a eficiência das atividades administrativas desempenhadas pelos órgãos municipais, que dependem diretamente do bom funcionamento dos equipamentos de informática e impressão para o desenvolvimento das rotinas de gestão, controle, registro de informações, emissão de documentos e atendimento à população.
2.3. A Prefeitura Municipal de Espírito Santo do Dourado/MG não possui em seu quadro de servidores efetivos cargo ou função técnica específica responsável pela execução dos serviços de manutenção de equipamentos de informática e impressão, o que impossibilita a realização dessas atividades com equipe própria, tornando imprescindível a contratação de empresa especializada para o atendimento da demanda.
2.4. A terceirização desse tipo de serviço, além de suprir a ausência de pessoal técnico próprio, proporciona maior eficiência, agilidade e qualidade na execução das manutenções, uma vez que empresas especializadas dispõem de profissionais qualific",72000.0,108000.0,2025-10-06 08:41:40,2025-10-08T09:00:46,2026-10-08T16:00:46,https://imaq.diretriz.net,,Tecnologia da Informação & Serviços Digitais,Cloud & Infraestrutura de TI,servidores,Campinas/Sul de Minas,250.0,Estado Alvo,[ESTADO ALVO: MG],0,pncp_intelligence/data/briefings_ia/briefing_18675900000102-1-000214_2025.txt,,2025-10
404,45316509000186-1-000123/2025,2025,CRED. 002/2025 SECADM,2025001409,45316509000186,SECRETARIA MUNICIPAL DE COMPRAS E LICITAÇÕES,M,E,TO,Porto Nacional,SECRETARIA MUNICIPAL DA ADMINISTRAÇÃO,12,Credenciamento,Não se aplica,Divulgada no PNCP,0,[Portal de Compras Públicas] - CREDENCIAMENTO DE INSTITUIÇÕES FINANCEIRAS PARA PRESTAÇÃO DE SERVIÇOS BANCÁRIOS DE GERENCIAMENTO DE CRÉDITOS PROVENIENTES DA FOLHA DE PAGAMENTO DOS SERVIDORES PÚBLICOS ATIVOS E AGENTES POLÍTICOS DO MUNICÍPIO DE PORTO NACIONAL-TO.,,1.0,0.0,2025-10-06 10:48:02,2025-10-30T08:00:00,2026-10-29T23:59:00,https://portaldecompraspublicas.com.br/processos/TO/Secretaria-Municipal-de-Compras-e-Licitacoes-de-Porto-Nacional-1533/CRED-CRED-002-2025-SECADM-2025-2025-427290,,Tecnologia da Informação & Serviços Digitais,Cloud & Infraestrutura de TI,servidores,Outro,999.0,Fora do Raio,[FORA DAS BASES],0,pncp_intelligence/data/briefings_ia/briefing_45316509000186-1-000123_2025.txt,,2025-10
405,11049855000123-1-000123/2025,2025,003,090/2025,11049855000123,MUNICIPIO DE VITORIA DE SANTO ANTAO,M,N,PE,Vitória de Santo Antão,PREFEITURA DE VITORIA DE SANTO ANTAO,12,Credenciamento,Não se aplica,Divulgada no PNCP,0,"Credenciamento de instituições financeiras e/ou correspondentes bancários autorizados pelo Banco Central do Brasil para a concessão de empréstimo pessoal com desconto em folha de pagamento aos servidores ativos, aposentados e pensionistas vinculados ao Regime Próprio de Previdência Social – RPPS do Município de Vitória de Santo Antão/PE.",,0.01,0.0,2025-10-07 15:30:14,2025-10-08T00:00:00,2026-10-08T15:12:00,https://bnccompras.com/Process/ProcessView?param1=[gkz]WZSbbIncr2XBTpvNBY3Lbj0pQdEbJamWVtySSnChZZn_d8MQqzAIIhGSuieJp6RZdcO85mL6K7/iEMpjGZI1ivuQeVmbibZ6PBJ4cKG9ysU=,,Tecnologia da Informação & Serviços Digitais,Cloud & Infraestrutura de TI,servidores,Recife,50.0,Até 50 km,[BASE: RECIFE | Vitória de Santo Antão/PE (50km)],1,pncp_intelligence/data/briefings_ia/briefing_11049855000123-1-000123_2025.txt,,2025-10
406,02348267000108-1-000003/2025,2025,004,116/2025,02348267000108,CAMARA MUNICIPAL DE PRESIDENTE BERNARDES,M,L,MG,Presidente Bernardes,Câmara Municipal de Presidente Bernardes,12,Credenciamento,Não se aplica,Divulgada no PNCP,0,"[Portal de Compras Públicas] - Credenciamento de instituições financeiras interessadas na execução de serviços bancários de processamento e gerenciamento da folha de pagamento dos servidores ativos, inativos, pensionistas e Vereadores da Câmara Municipal de Presidente Bernardes-MG, sem caráter de exclusividade, conforme condições, quantidades e exigências previstas no termo de referência, nos termos do artigo 79, II da Lei 14.133, de 2021, Resolução nº 002/2025 e demais legislações aplicáveis",,0.0,0.0,2025-10-09 14:29:26,2025-10-13T08:00:00,2026-10-13T17:00:00,https://portaldecompraspublicas.com.br/processos/MG/Camara-Municipal-de-Presidente-Bernardes-5230/CRED-004-2025-2025-428518,,Tecnologia da Informação & Serviços Digitais,Cloud & Infraestrutura de TI,servidores,Campinas/Sul de Minas,250.0,Estado Alvo,[ESTADO ALVO: MG],0,pncp_intelligence/data/briefings_ia/briefing_02348267000108-1-000003_2025.txt,,2025-10
407,04696490000163-1-000264/2025,2025,132,0020.006317/2025-88,04696490000163,SUP. EST. DE LICITACAO,E,E,RO,Porto Velho,SUPERINTEND.ESTAD.DE COMPRAS E LICITAÇÕES-RO,12,Credenciamento,Não se aplica,Divulgada no PNCP,0,"Contratação de clínicas que ofereçam serviços especializados em psicologia e/ou psiquiatria, tanto na modalidade presencial como online (apenas nos casos em que essa seja a preferência do paciente ou que a modalidade presencial não seja possível), para fazer o acompanhamento de membros e servidores da Procuradoria Geral do Estado de Rondônia, em situação de urgência e emergência psicológica ou psiquiátrica[1] ou não, oferecendo consultas e sessões em consultório.",,502086.0,475761.0,2025-10-15 14:44:46,2025-10-16T09:00:00,2026-10-15T13:30:00,,,Tecnologia da Informação & Serviços Digitais,Cloud & Infraestrutura de TI,servidores,Outro,999.0,Fora do Raio,[FORA DAS BASES],0,pncp_intelligence/data/briefings_ia/briefing_04696490000163-1-000264_2025.txt,,2025-10
408,32243347000151-1-000146/2025,2025,52,0000418-59.2024.4.02.8000,32243347000151,TRIBUNAL REGIONAL FEDERAL DA 2 REGIAO,F,J,RJ,Rio de Janeiro,TRIBUNAL REGIONAL FEDERAL DA 2A. REGIAO,12,Credenciamento,Não se aplica,Divulgada no PNCP,0,"Credenciamento de profissionais da área de fisioterapia para o Núcleo de Qualidade de Vida no Trabalho - NQVT, que deverão ser especializados na(s) terapia(s) para a(s) qual(is) se candidatar - shiatsu, drenagem linfática, massoterapia, auriculoterapia, Reeducação Postural Global - RPG, acupuntura, pilates solo, ioga - , para atendimento a magistrados e servidores - ativos e inativos -, contratados, estagiários e terceirizados deste Tribunal Regional Federal da 2ª Região.
","O interessado enviará para o endereço eletrônico compras@trf2.jus.br  o requerimento de credenciamento, conforme modelo do Anexo III - Modelo de Requerimento para Credenciamento, preenchido de forma legível, sem emendas ou rasuras, e assinado pelo requerente, anexando os documentos exigidos no edital.",0.0,0.0,2025-10-17 15:37:45,2025-10-17T18:00:00,2026-10-16T18:00:00,,,Tecnologia da Informação & Serviços Digitais,Cloud & Infraestrutura de TI,servidores,Outro,999.0,Fora do Raio,[FORA DAS BASES],0,pncp_intelligence/data/briefings_ia/briefing_32243347000151-1-000146_2025.txt,,2025-10
409,04873618000117-1-000083/2025,2025,CHAMADA PÚBLICA 004,2025.03.06.007,04873618000117,MUNICIPIO DE VISEU,M,N,PA,Viseu,Prefeitura Municipal de Viseu,12,Credenciamento,Não se aplica,Divulgada no PNCP,0,"[Portal de Compras Públicas] - Contratação de empresa especializada no fornecimento de passagens aéreas em todo território nacional, compreendendo a emissão, marcação, remarcação, reembolso, cancelamento e check-in para os gestores, técnicos, servidores municipais e paciente do Programa Tratamento Fora do Domicílio – TFD, objetivando atender as demandas das Secretarias e fundos que compõem a esfera administrativa do município de Viseu-PA",,0.0,0.0,2025-10-21 09:21:39,2025-10-21T10:00:00,2026-10-20T10:00:00,https://portaldecompraspublicas.com.br/processos/PA/Prefeitura-Municipal-de-Viseu-1204/CRED-CHAMADA-PUBLICA-004-2025-2025-431411,,Tecnologia da Informação & Serviços Digitais,Cloud & Infraestrutura de TI,servidores,Outro,999.0,Fora do Raio,[FORA DAS BASES],0,pncp_intelligence/data/briefings_ia/briefing_04873618000117-1-000083_2025.txt,,2025-10
410,13678008000153-1-000001/2026,2026,1,108/2025,13678008000153,MUNICIPIO DE RIO DO ANTONIO,M,N,BA,Rio do Antônio,MBA-PREFEITURA MUNICIPAL DE RIO DO ANTÔNIO,12,Credenciamento,Não se aplica,Revogada,0,"Prestação de serviços no fornecimento de lanches e minissalgados, refeições e hospedagem para os servidores públicos, terceiros contratados, pessoal vinculado à segurança pública, custodiados da delegacia de polícia territorial de Rio do Antônio e aos demais interesses da municipalidad",,0.0,0.0,2025-10-22 08:52:53,2025-10-23T11:58:00,2026-10-22T11:58:00,,,Tecnologia da Informação & Serviços Digitais,Cloud & Infraestrutura de TI,servidores,Outro,999.0,Fora do Raio,[FORA DAS BASES],0,pncp_intelligence/data/briefings_ia/briefing_13678008000153-1-000001_2026.txt,,2025-10
411,02039613000168-1-000002/2026,2026,23/2025,23,02039613000168,CAMARA MUNICIPAL DA ESTANCIA DE SOCORRO,M,L,SP,Socorro,CAMARA MUNICIPAL DA ESTANCIA DE SOCORRO,12,Credenciamento,Não se aplica,Divulgada no PNCP,0,"Credenciamento de empresas especializadas na prestação de serviços de administração, 
gerenciamento, emissão e fornecimento de vale alimentação, na forma de cartão eletrônico, destinados aos servidores da Câmara Municipal da Estância de Socorro, com disponibilização mensal de créditos, sendo estes cumulativos, no valor estimado de R$ 680,00 (seiscentos e oitenta reais) mensais por servidor, sendo 15 servidores, visando a aquisição de produtos alimentícios, em estabelecimentos comerciais credenciados tais como hipermercados, supermercados, mercados, mercearias, armazéns, açougues, frutarias, peixarias, hortigranjeiros, padarias e similares, conforme demais condições estabelecidas neste Edital e seus anexos.
",,132600.0,530400.0,2025-10-31 10:20:48,2025-10-31T11:00:00,2026-10-31T11:00:00,https://licitamaisbrasil.com.br/detalhes-do-edital/n0dINZzm2k0F7xwa,,Tecnologia da Informação & Serviços Digitais,Cloud & Infraestrutura de TI,servidores,São Paulo/Campinas,250.0,Estado Alvo,[ESTADO ALVO: SP],0,pncp_intelligence/data/briefings_ia/briefing_02039613000168-1-000002_2026.txt,,2025-10
412,01105329000180-1-000182/2025,2025,17511,17511,01105329000180,MUNICIPIO DE HIDROLANDIA,M,N,GO,Hidrolândia,SEC MUN DE ADMINISTRAÇÃO E FINANÇAS,12,Credenciamento,Aberto,Divulgada no PNCP,0,"PROCEDIMENTO DE CREDENCIAMENTO DE PROFISSIONAIS DO TIPO LEILOEIROS PARA GESTÃO INTEGRADA E ASSESSORIA TECNICA ESPECIALIZADA NA PREPARAÇÃO, APOIO LOGISTICO, AVALIAÇÃO E ALIENAÇÃO POR MEIO DE LEILÃO DE BENS IMÓVEIS E BENS MOVEIS INSERVÍVEIS, DE VEÍCULOS E MAQUINÁRIOS DO MUNICÍPIO DE HIDROLÂNDIA-GO.",,1.0,0.0,2025-11-04 13:37:45,2025-11-06T07:30:00,2026-10-08T17:00:00,www.sigep.com.br,,"Consultoria, Treinamento & Serviços Especializados",Consultoria & Assessoria Técnica,assessoria técnica,Goiânia,250.0,Estado Alvo,[ESTADO ALVO: GO],0,pncp_intelligence/data/briefings_ia/briefing_01105329000180-1-000182_2025.txt,,2025-11
413,73753295000140-1-000039/2025,2025,CRE 13,40/2025,73753295000140,CAMARA MUNICIPAL DE VEREADORES DE VARGEM BONITA,M,L,SC,Vargem Bonita,CAMARA MUNICIPAL DE VEREADORES DE VARGEM BONITA,12,Credenciamento,Não se aplica,Divulgada no PNCP,0,"Credenciamento de empresas especializadas no serviço de agenciamento de passagens aéreas compreendendo reservas, emissão de bilhetes, remarcação, reembolso e cancelamento de bilhetes em trechos diversos no âmbito nacional, para fins de transporte de servidores e agentes políticos de interesse do Poder Legislativo de Vargem Bonita",,150000.0,0.0,2025-11-05 15:35:23,2025-11-05T15:40:00,2026-11-03T17:00:00,,,Tecnologia da Informação & Serviços Digitais,Cloud & Infraestrutura de TI,servidores,Joinville,250.0,Estado Alvo,[ESTADO ALVO: SC],0,pncp_intelligence/data/briefings_ia/briefing_73753295000140-1-000039_2025.txt,,2025-11
414,23066640000108-1-000068/2025,2025,168,1.261/2025,23066640000108,MUNICIPIO DE SANTANA,M,N,AP,Santana,PREFEITURA MUNICIPAL DE SANTANA - AP,12,Credenciamento,Não se aplica,Divulgada no PNCP,0,"Credenciamento de instituições financeiras e/ou cooperativas de créditos, autorizadas pelo Banco Central do Brasil, interessadas em prestar serviços de concessão de empréstimos consignados, cartão de crédito consignado e cartão benefício com segurança, aos servidores públicos efetivos, comissionados e temporários da Prefeitura Municipal de Santana.- AP",,1.0,0.0,2026-03-12 22:57:23,2026-08-10T08:00:00,2026-10-09T18:00:00,,https://santana.1doc.com.br/b.php?pg=wp/wp&itd=7&consulta=1&ss=2&codigo=342417630354768151&s=santana&origem=interno&s=santana,Tecnologia da Informação & Serviços Digitais,Cloud & Infraestrutura de TI,servidores,Outro,999.0,Fora do Raio,[FORA DAS BASES],0,pncp_intelligence/data/briefings_ia/briefing_23066640000108-1-000068_2025.txt,,2026-03
415,43465459000173-1-000741/2026,2026,PL-820,PL-820/2026 - 27 - 4,43465459000173,MUNICIPIO DE AMPARO,M,N,SP,Amparo,SECRETARIA MUNICIPAL DE ADMINISTRAÇÃO E TECNOLOGIA DA INFORMAÇÃO,12,Credenciamento,Não se aplica,Divulgada no PNCP,0,"Credenciamento de Operadoras e Administradoras de Planos Privados de Assistência à Saúde, devidamente registradas na ANS, para a prestação de serviços continuados de assistência médico-hospitalar e ambulatorial aos servidores ativos, inativos, pensionistas e seus dependentes da Prefeitura Municipal, Câmara Municipal e SAAE de Amparo, de acordo com o art. 1º, inciso I e II § 1º, da Lei de nº 9.656/98, cadastradas na ANS, para prestação de serviços continuados, com cobertura de custos médico-hospitalares, de acordo com o rol de procedimentos médicos vigente instituído pela Agência Nacional de Saúde Suplementar - ANS, e suas atualizações, com a cobertura de todas as doenças da Classificação Estatística Internacional de Doenças e problemas relacionados com a saúde, da Organização Mundial de Saúde, através de profissionais ou serviços de saúde, integrantes da rede própria ou credenciada.",,16852056.48,0.0,2026-06-03 15:32:05,2026-10-02T09:00:00,2026-10-20T23:59:00,,,Tecnologia da Informação & Serviços Digitais,Cloud & Infraestrutura de TI,servidores,São Paulo/Campinas,250.0,Estado Alvo,[ESTADO ALVO: SP],0,pncp_intelligence/data/briefings_ia/briefing_43465459000173-1-000741_2026.txt,,2026-06
416,18715516000188-1-000122/2026,2026,7,1321876 000007/2026,18715516000188,MINAS GERAIS SECRETARIA DE ESTADO DA SAUDE,E,E,MG,Belo Horizonte,SES/DMPS-GER CONTR ASSISTENCIAIS,12,Credenciamento,Não se aplica,Divulgada no PNCP,0,"REPUBLICAÇÃO DO EDITAL DE CREDENCIAMENTO Nº 2/2026 DE PRESTADORES DE SERVIÇOS DE TELESSAÚDE. 1.1. Este edital tem como objeto o credenciamento de instituições públicas e privadas, tendo preferência as entidades filantrópicas e sem fins lucrativos de ensino, pesquisa e extensão, com atuação comprovada em telessaúde, aptas à prestação de serviços de saúde à distância, por meio da utilização das Tecnologias da Informação e Comunicação (TIC), com foco em teleconsultoria assíncrona, para atuação como Núcleos de Telessaúde no âmbito da Estratégia TeleMaisSaúde MG. A contratação decorrente do credenciamento compreende a disponibilização, o suporte e a manutenção da plataforma tecnológica de telessaúde, incluindo o treinamento aos profissionais solicitantes, as ações de capacitação e educação permanente em saúde e a produção de relatórios técnicos e gerenciais, bem como a prestação de teleconsultorias assíncronas, respondidas no prazo máximo de 72 (setenta e duas) horas, com observância às normas de segurança da informação, proteção de dados e interoperabilidade aplicáveis. O objetivo é modernizar e agilizar a assistência por meio da incorporação de tecnologias de saúde, mediante a oferta de consultorias remotas entre profissionais de saúde, utilizando tecnologias de informação e comunicação (TIC), para subsidiar a discussão de casos clínicos, ações de saúde e aspectos organizacionais do trabalho nas equipes da APS, de modo a qualificar a decisão clínica, ampliar a resolutividade no ponto de atenção de origem e qualificar os encaminhamentos à atenção especializada. A prestação dos serviços será formalizada por meio de contrato, firmado entre o credenciado e o Estado de Minas Gerais, por intermédio da Secretaria de Estado de Saúde de Minas Gerais (SES/MG), em conformidade com o art. 199, § 1º, da Constituição Federal de 1988; art. 24 da Lei Federal nº 8.080/1990 e art. 74, inciso IV, da Lei Federal nº 14.133/2021, conforme as condições estabelecidas neste edital e seus ANEXOS. As condições estabelecidas para execução dos serviços e a tabela com os valores financeiros estão descritas no item 2 ¿ DAS CONDIÇÕES DE EXECUÇÃO e no TERMO DE REFERÊNCIA, disponível no ANEXO I deste edital.",,1372000.0,0.0,2026-09-22 11:00:50,2026-09-23T08:00:05,2026-10-06T23:59:05,https://www1.compras.mg.gov.br/n/procedimentolei14133/consulta/presencial/visualizar/auxiliares/2026/7/1321876,,Tecnologia da Informação & Serviços Digitais,Cibersegurança & Governança de Dados,segurança da informação,Campinas/Sul de Minas,250.0,Estado Alvo,[ESTADO ALVO: MG],0,pncp_intelligence/data/briefings_ia/briefing_18715516000188-1-000122_2026.txt,,2026-09
417,82909409000190-1-000178/2026,2026,PRI 49,155/2026,82909409000190,MUNICIPIO DE IMBITUBA,M,N,SC,Imbituba,SEC. MUN. DE GESTÃO E DESBUROCRATIZAÇÃO - SEGED,12,Credenciamento,Não se aplica,Divulgada no PNCP,0,"CREDENCIAMENTO DE INSTITUIÇÕES FINANCEIRAS OU BANCÁRIAS E COOPERATIVAS DE CRÉDITO, LEGALMENTE AUTORIZADAS PELO BANCO CENTRAL DO BRASIL, INTERESSADAS NA CONCESSÃO DE CRÉDITO CONSIGNADO EM FOLHA DE PAGAMENTO AOS SERVIDORES PÚBLICOS EFETIVOS DO MUNICÍPIO DE IMBITUBA - SC",,1.0,0.0,2026-09-22 18:20:13,2026-09-24T08:00:00,2026-10-21T23:59:00,,,Tecnologia da Informação & Serviços Digitais,Cloud & Infraestrutura de TI,servidores,Joinville,250.0,Estado Alvo,[ESTADO ALVO: SC],0,pncp_intelligence/data/briefings_ia/briefing_82909409000190-1-000178_2026.txt,,2026-09
418,08086225000114-1-000109/2026,2026,10,260909CD00010,08086225000114,MUNICIPIO DE EQUADOR,M,N,RN,Equador,Prefeitura Municipal de Equador,12,Credenciamento,Não se aplica,Divulgada no PNCP,0,"Chamamento público de serviço objetivando: Credenciamento de veículos destinados ao serviço de transporte de passageiros, do tipo táxi, visando atender às demandas do Município de Equador/RN, para realização de deslocamentos institucionais de servidores, colaboradores e demais usuários autorizados, conforme rotas previamente estabelecidas, incluindo o transporte de pacientes e acompanhantes",,2480520.0,0.0,2026-09-23 07:46:15,2026-09-22T08:00:00,2026-10-07T08:00:00,,,Tecnologia da Informação & Serviços Digitais,Cloud & Infraestrutura de TI,servidores,Natal,250.0,Estado Alvo,[ESTADO ALVO: RN],0,pncp_intelligence/data/briefings_ia/briefing_08086225000114-1-000109_2026.txt,,2026-09
419,79831566000115-1-000030/2026,2026,69,SGED 11609/2026,79831566000115,CONSELHO REGIONAL DE MEDICINA DO EST DE SANTA CATARINA,F,E,SC,Florianópolis,CONSELHO REGIONAL DE MEDICINA - SC,12,Credenciamento,Não se aplica,Divulgada no PNCP,0,"Prospecção do mercado imobiliário em Joinville, com vistas à futura locação tradicional  de imóvel para  instalação de Delegacia Regional do  Conselho Regional de Medicina do Estado de Santa Catarina, mediante coleta de propostas técnicas de imóvel não residencial urbano","Devido ao sistema Compras.gov não possuir aba específica para cadastro de chamamento público, o presente procedimento foi cadastrado como ""credenciamento"" a fim de dar a devida publicidade. Os interessados podem acompanhar as publicações pela página do CRM-SC (https://crmsc.org.br/chamamento-publico/).",0.0,0.0,2026-09-25 10:33:22,2026-09-25T11:00:00,2026-10-07T18:00:00,,https://apps.crmsc.org.br/crvirtual-ged/#/app/processos/pasta-digital/103590/documentos,Tecnologia da Informação & Serviços Digitais,Licenciamento de Software & SaaS,crm,Joinville,180.0,100 a 200 km,[BASE: JOINVILLE | Florianópolis/SC (180km)],1,pncp_intelligence/data/briefings_ia/briefing_79831566000115-1-000030_2026.txt,,2026-09
420,05591313000185-1-000017/2026,2026,01,238/2026,05591313000185,INSTITUTO DE PREVIDENCIA DOS SERVIDORES PUBLICOS DO MUNICIPIO DE OURINHOS,M,E,SP,Ourinhos,INSTITUTO DE PREV DOS SERV.P. DO M.DE OURINHOS,12,Credenciamento,Não se aplica,Divulgada no PNCP,0,"Chamamento Público para o Credenciamento de Leiloeiro Oficial para atender as demandas do Instituto de Previdência dos Servidores Públicos do Município de Ourinhos /SP para preparação, organização e condução de leilão público de bens imóveis incorporados ao patrimônio público, cuja alienação tenha sido autorizada na forma da legislação vigente, conforme condições e exigências estabelecidas neste instrumento.",,0.0,0.0,2026-09-25 11:04:59,2026-09-25T00:00:00,2026-10-09T00:00:00,,,Tecnologia da Informação & Serviços Digitais,Cloud & Infraestrutura de TI,servidores,São Paulo/Campinas,250.0,Estado Alvo,[ESTADO ALVO: SP],0,pncp_intelligence/data/briefings_ia/briefing_05591313000185-1-000017_2026.txt,,2026-09
421,17217332000125-1-000099/2026,2026,198,2012015 000198/2026,17217332000125,INSTITUTO DE PREVIDENCIA DOS SERVIDORES DO ESTADO MG,E,E,MG,Belo Horizonte,GEASU-DEAC,12,Credenciamento,Não se aplica,Divulgada no PNCP,0,"CREDENCIAMENTO DE PROFISSIONAIS MÉDICOS OFTALMOLOGISTAS, com Título de Especialista e/ou Certificado de conclusão da Residência, reconhecidos pela Sociedade/Conselho Brasileiro competente e/ou pelo MEC, e com formação comprovada na subespecialidade de Plástica Ocular, a fim de atuar como diarista, na modalidade pessoa física ou pessoa jurídica com tipo societário de sociedade limitada unipessoal previsto no art. 1.052, § 2º, da Lei Federal nº 10.406, de 10 de janeiro de 2002, para contratação paralela e não excludente para prestação de serviços de saúde de importância estratégica estadual e regional, em níveis secundário e terciário de complexidade em unidades vinculadas à Diretoria de Saúde do Instituto de Previdência dos Servidores do Estado de Minas Gerais localizados em Belo Horizonte.",,405893.74,0.0,2026-09-29 14:23:28,2026-10-16T07:00:28,2026-11-03T23:59:28,https://www1.compras.mg.gov.br/n/procedimentolei14133/consulta/presencial/visualizar/auxiliares/2026/198/2012015,,Tecnologia da Informação & Serviços Digitais,Cloud & Infraestrutura de TI,servidores,Campinas/Sul de Minas,250.0,Estado Alvo,[ESTADO ALVO: MG],0,pncp_intelligence/data/briefings_ia/briefing_17217332000125-1-000099_2026.txt,,2026-09
422,01612527000130-1-000105/2026,2026,PRI 94,97/2026,01612527000130,MUNICIPIO DE BARRA BONITA,M,N,SC,Barra Bonita,ADMINISTRACAO MUNICÍPIO DE BARRA BONITA,12,Credenciamento,Não se aplica,Divulgada no PNCP,0,"Credenciamento de empresas especializadas, agências de viagens, empresas de transporte e demais fornecedores legalmente habilitados para prestação de serviços de agenciamento, fornecimento, reserva, emissão, entrega, remarcação, cancelamento e reembolso de passagens aéreas e rodoviárias, em trechos nacionais e internacionais destinadas ao atendimento das necessidades de deslocamento oficial de servidores, agentes públicos e representantes do Município de Barra Bonita/SC e do Poder Legislativo Municipal.",,260000.0,0.0,2026-09-30 09:27:23,2026-10-01T08:00:00,2026-10-16T17:00:00,,,Tecnologia da Informação & Serviços Digitais,Cloud & Infraestrutura de TI,servidores,Joinville,250.0,Estado Alvo,[ESTADO ALVO: SC],0,pncp_intelligence/data/briefings_ia/briefing_01612527000130-1-000105_2026.txt,,2026-09
423,19038603000100-1-000115/2026,2026,000081,000128/2026,19038603000100,CAMARA MUNICIPAL DE EXTREMA,M,L,MG,Extrema,CAMARA MUNICIPAL DE EXTREMA,12,Credenciamento,Não se aplica,Divulgada no PNCP,0,"CONTRATAÇÃO DE EMPRESA ESPECIALIZADA NA PRESTAÇÃO DE SERVIÇOS DE GESTÃO, ADMINISTRAÇÃO E FORNECIMENTO DE BENEFÍCIO ALIMENTAÇÃO E/OU REFEIÇÃO AOS SERVIDORES E EMPREGADOS PÚBLICOS, MEDIANTE DISPONIBILIZAÇÃO DE CARTÃO ELETRÔNICO/MAGNÉTICO COM REDE DE ESTABELECIMENTOS CREDENCIADOS.","O problema a ser resolvido, sob a perspectiva do interesse público, consiste na necessidade de assegurar, de forma contínua, regular e em conformidade com a legislação aplicável, a concessão de benefício alimentação e/ou refeição aosservidores e empregados públicos do órgão, mediante sistemática de gestão especializada e informatizada (cartão eletrônico com rede credenciada), em substituição a modelos de pagamento em pecúnia com vistas a: (i) preservar o poder nutricional e o caráter não salarial do benefício; (ii) reduzir riscos de fraude e de custódia de valores em espécie; (iii) proporcionar controle gerencial, relatórios e rastreabilidade de gastos; e (iv) atender obrigação normativa municipal/estatutária de concessão do benefício.",3306000.0,0.0,2026-10-02 10:27:50,2026-11-04T09:04:00,2026-11-04T09:04:00,,,Tecnologia da Informação & Serviços Digitais,Cloud & Infraestrutura de TI,servidores,Campinas,95.0,50 a 100 km,[BASE: CAMPINAS | Extrema/MG (95km)],1,pncp_intelligence/data/briefings_ia/briefing_19038603000100-1-000115_2026.txt,,2026-10
424,59858134000190-1-000024/2026,2026,8,8,59858134000190,MUNICIPIO DE PARISI,M,N,SP,Parisi,PREFEITURA MUNICIPAL DE PARISI,12,Credenciamento,Não se aplica,Divulgada no PNCP,0,"CREDENCIAMENTO DE INSTITUIÇÕES FINANCEIRAS, COOPERATIVAS DE CRÉDITO, INSTITUIÇÕES DE PAGAMENTO E ADMINISTRADORAS DE CARTÕES DE CRÉDITO NA MODALIDADE PÓS-PAGA PARA OPERACIONALIZAÇÃO DE CARTÃO DE CRÉDITO CONSIGNADO, AOS SERVIDORES PÚBLICOS MUNICIPAIS, ATIVOS E INATIVOS, MEDIANTE CONSIGNAÇÃO EM FOLHA DE PAGAMENTO.","CREDENCIAMENTO DE INSTITUIÇÕES FINANCEIRAS, COOPERATIVAS DE CRÉDITO, INSTITUIÇÕES DE PAGAMENTO E ADMINISTRADORAS DE CARTÕES DE CRÉDITO NA MODALIDADE PÓS-PAGA PARA OPERACIONALIZAÇÃO DE CARTÃO DE CRÉDITO CONSIGNADO, AOS SERVIDORES PÚBLICOS MUNICIPAIS, ATIVOS E INATIVOS, MEDIANTE CONSIGNAÇÃO EM FOLHA DE PAGAMENTO.",0.01,0.0,2026-10-02 13:59:41,2026-09-28T16:00:00,2026-10-28T09:00:00,http://177.39.83.130:8079/comprasedital/,,Tecnologia da Informação & Serviços Digitais,Cloud & Infraestrutura de TI,servidores,São Paulo/Campinas,250.0,Estado Alvo,[ESTADO ALVO: SP],0,pncp_intelligence/data/briefings_ia/briefing_59858134000190-1-000024_2026.txt,,2026-10
431,82562893000123-1-000083/2026,2026,51,84/PMC/2026,82562893000123,MUNICIPIO DE CANELINHA,M,N,SC,Canelinha,Prefeitura Municipal de Canelinha,6,Pregão - Eletrônico,Aberto,Divulgada no PNCP,0,"[Portal de Compras Públicas] - O presente Pregão Eletrônico tem por objeto, o registro de preços para a aquisição de instrumentos musicais, equipamentos de sonorização e kits de robótica educacional, destinados à implementação de oficinas de música, dança e robótica voltadas às crianças e adolescentes da rede municipal de ensino, no âmbito de projeto financiado com recursos do FIA  Fundo para a Infância e Adolescência, conforme especificações e quantidades descritas nos anexos do Edital.",,306371.71,0.0,2026-07-31 09:22:45,2026-09-25T13:00:00,2026-10-07T08:20:00,https://www.portaldecompraspublicas.com.br/processos/SC/Prefeitura-Municipal-de-Canelinha-1673/PE-51-2026-2026-500347,,EduMonitor: Copiloto IDEB & Gestão por Evidências,"BNCC Computação, Robótica & Cultura Digital",robotica educacional,Joinville,250.0,Estado Alvo,[ESTADO ALVO: SC],0,pncp_intelligence/data/briefings_ia/briefing_82562893000123-1-000083_2026.txt,[],2026-07
